ident,iata,name,city,country,lat,lon,type
03N,UTK,Utirik Airport,Utirik Island,MH,11.222219,169.851429,small_airport
05AK,,Wasilla Creek Airpark,Palmer,US,61.66830063,-149.1880035,small_airport
16A,NUP,Nunapitchuk Airport,Nunapitchuk,US,60.905591,-162.440454,small_airport
1RL,,Point Roberts Airpark,Point Roberts,US,48.977316,-123.079294,small_airport
2U7,,Stanley Airport,Stanley,US,44.2085,-114.934998,small_airport
2WA3,,Stuart Island West Airport,Friday Harbor,US,48.683991,-123.222849,small_airport
38WA,BYW,Blakely Island Airport,Blakely Island,US,48.579162,-122.823844,small_airport
4A2,ATT,Atmautluak Airport,Atmautluak,US,60.866699,-162.272996,small_airport
4K0,PDB,Pedro Bay Airport,Pedro Bay,US,59.796925,-154.129994,small_airport
4K5,KOZ,Ouzinkie Airport,Ouzinkie,US,57.942094,-152.464314,small_airport
4KA,TNK,Tununak Airport,Tununak,US,60.569638,-165.246649,small_airport
51Z,MNT,Minto Al Wright Airport,Minto,US,65.147991,-149.368658,small_airport
5A8,WKK,Aleknagik / New Airport,Aleknagik,US,59.2826004028,-158.617996216,medium_airport
6Y8,,Welke Airport,Beaver Island,US,45.720503,-85.518866,small_airport
78WA,CWS,Center Island Airport,Center Island,US,48.490046,-122.831612,small_airport
7KA,TEK,Tatitlek Airport,Tatitlek,US,60.871449,-146.690297,small_airport
7WA5,SSW,Stuart Island Airpark,Friday Harbor,US,48.673379,-123.175439,small_airport
89D,,Kelleys Island Land Field,Kelleys Island,US,41.60296,-82.687054,small_airport
89TE,,Lajitas International Airport,Lajitas,US,29.278,-103.686997,small_airport
90WA,WDN,Waldron Airstrip,Eastsound,US,48.71141,-123.018208,small_airport
9A3,CHU,Chuathbaluk Airport,Chuathbaluk,US,61.579102,-159.216003,small_airport
A61,WTL,Tuntutuliak Airport,Tuntutuliak,US,60.351243,-162.654476,small_airport
A63,TWA,Twin Hills Airport,Twin Hills,US,59.074713,-160.274992,small_airport
A79,KCQ,Chignik Lake Airport,Chignik Lake,US,56.255001,-158.774994,small_airport
AE-0001,,Batha Airport,Batha,SA,24.214693,51.44989,small_airport
AF-0017,,Salerno South Airport,Khost,AF,33.333401,69.952003,small_airport
AG-0001,BBQ,Burton-Nibbs International Airport,Codrington,AG,17.621194,-61.798347,medium_airport
AGGA,AKS,Gwaunaru'u Airport,Auki,SB,-8.70257,160.682007,small_airport
AGGB,BNY,Bellona/Anua Airport,Anua,SB,-11.302222222200001,159.798333333,small_airport
AGGC,CHY,Choiseul Bay Airport,Choiseul Bay,SB,-6.711944,156.396111,small_airport
AGGE,BAS,Ballalae Airport,Ballalae,SB,-6.990745,155.886656,small_airport
AGGF,FRE,Fera/Maringe Airport,Fera Island,SB,-8.1075,159.576996,small_airport
AGGH,HIR,Honiara International Airport,Honiara,SB,-9.428,160.054993,large_airport
AGGK,IRA,Ngorangora Airport,Kirakira,SB,-10.449700355500001,161.897994995,small_airport
AGGL,SCZ,Santa Cruz/Graciosa Bay/Luova Airport,Santa Cruz/Graciosa Bay/Luova,SB,-10.7203,165.794998,small_airport
AGGM,MUA,Munda Airport,Munda,SB,-8.32797,157.263,medium_airport
AGGN,GZO,Nusatupe Airport,Gizo,SB,-8.09778022766,156.863998413,small_airport
AGGO,MNY,Mono Airport,Stirling Island,SB,-7.41694,155.565002,small_airport
AGGR,RNL,Rennell/Tingoa Airport,Rennell Island,SB,-11.55,160.062778,small_airport
AGGT,NNB,Santa Ana Airport,Santa Ana Island,SB,-10.847994,162.454108,small_airport
AGGU,RUS,Marau Airport,Marau,SB,-9.86167,160.824997,small_airport
AGGV,VAO,Suavanao Airport,Suavanao,SB,-7.58556,158.731003,small_airport
AGGY,XYA,Yandina Airport,Yandina,SB,-9.092816,159.21841,small_airport
AGKG,KGE,Kaghau Airport,Kagau Island,SB,-7.3305,157.585,small_airport
AGOB,MHM,Manaoba Airport,Manaoba,SB,-8.325008,160.80051,small_airport
AGOK,GTA,Gatokae Aerodrome,Gatokae,SB,-8.738358,158.202836,small_airport
AGRM,RBV,Ramata Airport,Ramata,SB,-8.168060302734375,157.64300537109375,small_airport
ANYN,INU,Nauru International Airport,Yaren,NR,-0.547893,166.919525,medium_airport
AR-0503,,Gan Gan Field,,AR,-42.521363,-68.287861,small_airport
AR-0767,,Aeroestación Yabotí,El Soberbio,AR,-27.180308,-54.107368,medium_airport
AU-0456,GYZ,Gruyere Airport,Cosmo Newbery,AU,-28.034548,123.81506,small_airport
AXF,AXF,Alxa Left Banner Bayanhot Airport,Bayanhot,CN,38.748317,105.58416,medium_airport
AYBA,VMU,Baimuru Airport,Baimuru,PG,-7.496955,144.821756,medium_airport
AYBK,BUA,Buka Airport,Buka Island,PG,-5.422299,154.672698,medium_airport
AYBM,OPU,Balimo Airport,Balimo,PG,-8.05000019073,142.932998657,medium_airport
AYCH,CMU,Chimbu Airport,Kundiawa,PG,-6.024290084838867,144.9709930419922,medium_airport
AYDU,DAU,Daru Airport,Daru,PG,-9.08676,143.207993,medium_airport
AYET,BOT,Bosset Airport,Bosset,PG,-7.237257,141.1063222,small_airport
AYGA,GKA,Goroka Airport,Goronka,PG,-6.081689834590001,145.391998291,medium_airport
AYGN,GUR,Gurney Airport,Gurney,PG,-10.3114995956,150.333999634,medium_airport
AYGR,PNP,Girua Airport,Popondetta,PG,-8.80453968048,148.309005737,medium_airport
AYGT,GMI,Gasmata Island Airport,Gasmata Island,PG,-6.27111005783,150.330993652,small_airport
AYHK,HKN,Hoskins Airport,Kimbe,PG,-5.463846,150.407327,medium_airport
AYIQ,KIE,Aropa Airport,Kieta,PG,-6.305727,155.728249,small_airport
AYKA,LSA,Losuia Airport,Losuia,PG,-8.505820274353027,151.08099365234375,small_airport
AYKI,UNG,Kiunga Airport,Kiunga,PG,-6.1257100105285645,141.28199768066406,small_airport
AYKK,KRI,Kikori Airport,Kikori,PG,-7.42438,144.250076,small_airport
AYKM,KMA,Kerema Airport,Kerema,PG,-7.96361017227,145.770996094,medium_airport
AYKV,KVG,Kavieng Airport,Kavieng,PG,-2.57940006256,150.807998657,medium_airport
AYKY,LNV,Londolovit Airport,Londolovit,PG,-3.04361009598,152.628997803,small_airport
AYMD,MAG,Madang Airport,Madang,PG,-5.20707988739,145.789001465,medium_airport
AYMH,HGU,Mount Hagen Kagamuga Airport,Mount Hagen,PG,-5.828212,144.299412,medium_airport
AYMN,MDU,Mendi Airport,Mendi,PG,-6.14774,143.656998,medium_airport
AYMO,MAS,Momote Airport,Manus Island,PG,-2.06189,147.423996,medium_airport
AYMR,MXH,Moro Airport,Moro,PG,-6.36332988739,143.238006592,small_airport
AYMS,MIS,Misima Island Airport,Misima Island,PG,-10.689200401299999,152.837997437,small_airport
AYNZ,LAE,Nadzab Tomodachi International Airport,Lae,PG,-6.567995,146.726544,large_airport
AYOB,OBX,Obo Airport,Obo,PG,-7.590622421369999,141.324262619,small_airport
AYPY,POM,Port Moresby Jacksons International Airport,Port Moresby,PG,-9.443380355834961,147.22000122070312,large_airport
AYSS,TDS,Sasereme Airport,Sasereme,PG,-7.6217,142.868,small_airport
AYTA,TIZ,Tari Airport,Tari,PG,-5.845,142.947998,small_airport
AYTB,TBG,Tabubil Airport,Tabubil,PG,-5.280471,141.227576,small_airport
AYTI,TPI,Tapini Airport,Tapini,PG,-8.35666666667,146.989166667,small_airport
AYTK,RAB,Tokua Airport,Kokopo,PG,-4.34046,152.380005,medium_airport
AYTU,TFI,Tufi Airport,Tufi,PG,-9.07595443726,149.319839478,small_airport
AYVN,VAI,Vanimo Airport,Vanimo,PG,-2.6926,141.3028,medium_airport
AYWD,WBM,Wapenamanda Airport,Wapenamanda,PG,-5.635293,143.892231,medium_airport
AYWK,WWK,Wewak International Airport,Wewak,PG,-3.58383011818,143.669006348,medium_airport
BGAA,JEG,Aasiaat Airport,Aasiaat,GL,68.721802,-52.784698,medium_airport
BGCO,CNP,Neerlerit Inaat Airport,Neerlerit Inaat,GL,70.743103,-22.650499,medium_airport
BGGH,GOH,Nuuk International Airport,Nuuk,GL,64.191066,-51.67914,large_airport
BGJN,JAV,Ilulissat Airport,Ilulissat,GL,69.243202,-51.057098,medium_airport
BGKK,KUS,Kulusuk Airport,Kulusuk,GL,65.573601,-37.1236,medium_airport
BGMQ,JSU,Maniitsoq Airport,Maniitsoq,GL,65.412498,-52.9394,small_airport
BGPT,JFR,Paamiut Airport,Paamiut,GL,62.014736,-49.670937,small_airport
BGQQ,NAQ,Qaanaaq Airport,Qaanaaq,GL,77.488602,-69.388702,medium_airport
BGSF,SFJ,Kangerlussuaq International Airport,Kangerlussuaq,GL,67.010446,-50.715294,medium_airport
BGSS,JHS,Sisimiut Airport,Sisimiut,GL,66.951302,-53.729301,medium_airport
BGUK,JUV,Upernavik Airport,Upernavik,GL,72.790199,-56.1306,small_airport
BGUQ,JQA,Qaarsut Airport,Uummannaq,GL,70.7342,-52.696201,small_airport
BIAR,AEY,Akureyri International Airport,Akureyri,IS,65.656573,-18.072018,large_airport
BIEG,EGS,Egilsstaðir Airport,Egilsstaðir,IS,65.2833023071289,-14.401399612426758,medium_airport
BIGR,GRY,Grímsey Airport,Grímsey/Sandvík,IS,66.5458,-18.0173,medium_airport
BIHN,HFN,Hornafjörður Airport,Höfn,IS,64.295601,-15.2272,medium_airport
BIIS,IFJ,Ísafjörður Airport,Ísafjörður,IS,66.058098,-23.1353,medium_airport
BIKF,KEF,Keflavik International Airport,Reykjavík,IS,63.985001,-22.6056,large_airport
BIRK,RKV,Reykjavík Domestic Airport,Reykjavík,IS,64.128732,-21.93759,medium_airport
BITN,THO,Þórshöfn Airport,Þórshöfn,IS,66.218459,-15.334739,small_airport
BIVO,VPN,Vopnafjörður Airport,Vopnafjörður,IS,65.720596,-14.8506,medium_airport
BKPR,PRN,Priština Adem Jashari International Airport,Prishtina,XK,42.5728,21.035801,large_airport
BR-0263,CJZ,Pedro Vieira Moreira Airport,Cajazeiras,BR,-6.8827,-38.61583,small_airport
BR-0569,VDC,Glauber de Andrade Rocha Airport,Vitória da Conquista,BR,-14.907885,-40.914804,medium_airport
BR-0925,,Fazenda Rosa do Deserto Airstrip,Ubaíra,BR,-13.240032,-39.759292,small_airport
BZ-BGK,BGK,Big Creek Airport,Big Creek,BZ,16.519369,-88.407913,small_airport
BZ-CUK,CUK,Caye Caulker Airport,Caye Caulker,BZ,17.735015,-88.032862,medium_airport
BZ-CYC,CYC,Caye Chapel Airport,Caye Chapel,BZ,17.683792,-88.044985,medium_airport
BZ-CZH,CZH,Corozal Airport,Corozal,BZ,18.3822,-88.411903,medium_airport
BZ-DGA,DGA,Dangriga Airport,Dangriga,BZ,16.98251,-88.230988,medium_airport
BZ-INB,INB,Independence Airport,Independence,BZ,16.53456,-88.441615,small_airport
BZ-ORZ,ORZ,H.E Alfredo Martinez (Tower Hill) Airstrip,Orange Walk,BZ,18.046767,-88.583858,small_airport
BZ-PND,PND,Punta Gorda Airport,Punta Gorda,BZ,16.1024,-88.808296,small_airport
BZ-SPR,SPR,John Greif II Airport,San Pedro,BZ,17.9139,-87.9711,medium_airport
BZ-TZA,TZA,Sir Barry Bowen Municipal Airport,Belize City,BZ,17.517239,-88.195775,medium_airport
CA-1291,,(Duplicate)YEG,Edmonton,CA,53.3097,-113.58,large_airport
CA-1292,,YEG,Edmonton,CA,50.341652,-106.699219,large_airport
CAD4,YZZ,Trail Regional Airport,Trail,CA,49.055599,-117.609001,small_airport
CAJ4,YAA,Anahim Lake Airport,Anahim Lake,CA,52.451501,-125.303776,medium_airport
CAJ9,,Fort Ware Airport,Fort Ware,CA,57.427857,-125.648189,small_airport
CAT4,XQU,Qualicum Beach Airport,Qualicum Beach,CA,49.337456,-124.393086,medium_airport
CAT5,YMP,Port McNeill Airport,Port McNeill,CA,50.57348,-127.027702,small_airport
CBA9,,Ospika Airport,Ospika,CA,56.271002,-124.063282,small_airport
CBBC,ZEL,Bella Bella (Campbell Island) Airport,Bella Bella,CA,52.185001,-128.156994,medium_airport
CBN9,,Tsay Keh Airport,Tsay Keh,CA,56.906101,-124.964996,small_airport
CCA6,YWM,Williams Harbour Airport,Williams Harbour,CA,52.567377,-55.784883,small_airport
CCD4,YSO,Postville Airport,Postville,CA,54.9105,-59.78507,small_airport
CCE4,YBI,Black Tickle Airport,Black Tickle,CA,53.469836,-55.787501,small_airport
CCH4,YHG,Charlottetown Airport,Charlottetown,CA,52.765774,-56.11237,small_airport
CCK4,YFX,St. Lewis (Fox Harbour) Airport,St. Lewis,CA,52.372799,-55.673901,small_airport
CCP4,YHA,Port Hope Simpson Airport,Port Hope Simpson,CA,52.528099060058594,-56.28609848022461,small_airport
CCZ2,YRG,Rigolet Airport,Rigolet,CA,54.1796989440918,-58.45750045776367,small_airport
CEM3,YLE,Whatì Airport,Whatì,CA,63.131699,-117.246002,small_airport
CJB6,,Gods Lake Airport,Gods Lake,CA,54.780469,-93.718228,small_airport
CJV7,SUR,Summer Beaver Airport,Summer Beaver,CA,52.70859909057617,-88.54190063476562,small_airport
CJX,CKD,Crooked Creek Airport,Crooked Creek,US,61.870315,-158.137636,small_airport
CKB6,YAX,Wapekeka Airport,Angling Lake,CA,53.84920120239258,-89.57939910888672,small_airport
CKD9,,Slate Falls Airport,Slate Falls,CA,51.130001,-91.665604,small_airport
CKL3,WNN,Wunnumin Lake Airport,Wunnumin Lake,CA,52.893902,-89.2892,small_airport
CKQ3,YNO,North Spirit Lake Airport,North Spirit Lake,CA,52.4900016784668,-92.97109985351562,small_airport
CKX,CKX,Chicken Airport,Chicken,US,64.066495,-141.951342,small_airport
CN-0062,BZX,Bazhong Enyang Airport,Bazhong,CN,31.73842,106.644872,medium_airport
CN-0079,HSC,Shaoguan Danxia Airport,Shaoguan,CN,24.9786,113.420998,medium_airport
CN-0081,JGS,Jinggangshan Airport,Ji'an,CN,26.856899,114.737,medium_airport
CN-0154,JNH,Jiaxing Nanhu Airport,"Xiuzhou, Hangzhou",CN,30.698056,120.663056,medium_airport
CN-0236,DDR,Shigatse Tingri Airport,Xigazê (Dingri),CN,28.604567,86.798,medium_airport
CN-0237,HQL,Tashikuergan Hongqilafu Airport,Tashikuergan,CN,37.661333,75.288877,medium_airport
CN-0249,LSG,Leshan Airport,Leshan (Wutongqiao),CN,29.438627,103.749218,medium_airport
CN-0359,ZFL,Zhaosu Tianma Airport,Zhaosu,CN,43.088477,81.223013,small_airport
CN-0415,HJB,Hejing Bayinbuluke Airport,Hejing,CN,42.976395,83.995543,small_airport
CN-0417,JBK,Qitai Jiangbulake Airport,Qitai,CN,44.166086,89.55014,small_airport
CN-0421,ZAT,Zhaotong Zhaoyang Airport,Zhaotong,CN,27.205843,103.691511,medium_airport
CN-0476,BFY,Bengbu Tenghu Airport,Bengbu,CN,33.166292,117.058344,medium_airport
CN-0506,,金鸭子国际机场,Pingdingshan,CN,33.649775,113.430748,small_airport
CNE3,XBE,Bearskin Lake Airport,Bearskin Lake,CA,53.965599060058594,-91.0271987915039,small_airport
CNH2,YNP,Natuashish Airport,Natuashish,CA,55.913898,-61.184399,small_airport
CNM5,KIF,Kingfisher Lake Airport,Kingfisher Lake,CA,53.01250076293945,-89.85530090332031,small_airport
CO-LCR,LCR,Virgilio Barco Vargas (La Chorrera) Airport,La Chorrera,CO,-1.456361,-72.801086,small_airport
CPV8,KEW,Keewaywin Airport,Keewaywin,CA,52.9911,-92.836403,small_airport
CRHA,,Streatham Reef Hueston Airfield,Streatham,CA,53.822569,-126.172957,small_airport
CSU2,YKU,Chisasibi Airport,Chisasibi,CA,53.805599212646484,-78.91690063476562,small_airport
CTB6,ZTB,Tête-à-la-Baleine Airport,Tête-à-la-Baleine,CA,50.674400329589844,-59.38359832763672,small_airport
CTT5,ZGS,La Romaine Airport,Le Golfe-du-Saint-Laurent,CA,50.259553,-60.674357,small_airport
CTU5,ZLT,La Tabatière Airport,La Tabatière,CA,50.8307991027832,-58.97560119628906,small_airport
CYAB,YAB,Arctic Bay Airport,Arctic Bay,CA,73.006101,-85.04616,small_airport
CYAC,YAC,Cat Lake Airport,Cat Lake,CA,51.7272,-91.824402,small_airport
CYAG,YAG,Fort Frances Municipal Airport,Fort Frances,CA,48.655749,-93.44349,medium_airport
CYAL,YAL,Alert Bay Airport,Alert Bay,CA,50.582199,-126.916,small_airport
CYAM,YAM,Sault Ste Marie Airport,Sault Ste Marie,CA,46.483216,-84.508467,medium_airport
CYAQ,XKS,Kasabonika Airport,Kasabonika,CA,53.52470016479492,-88.6427993774414,medium_airport
CYAS,YKG,Kangirsuk Airport,Kangirsuk,CA,60.027199,-69.999199,small_airport
CYAT,YAT,Attawapiskat Airport,Attawapiskat,CA,52.927502,-82.4319,small_airport
CYAV,,Winnipeg / St. Andrews Airport,Winnipeg/Saint Andrews,CA,50.0564,-97.032501,medium_airport
CYAY,YAY,St. Anthony Airport,St. Anthony,CA,51.391909,-56.08321,medium_airport
CYAZ,YAZ,Tofino / Long Beach Airport,Tofino,CA,49.079833,-125.775583,medium_airport
CYBB,YBB,Kugaaruk Airport,Kugaaruk,CA,68.535711,-89.805508,small_airport
CYBC,YBC,Baie-Comeau Airport,Baie-Comeau,CA,49.1325,-68.204399,medium_airport
CYBD,QBC,Bella Coola Airport,Bella Coola,CA,52.387501,-126.596001,medium_airport
CYBE,YBE,Uranium City Airport,Uranium City,CA,59.561401,-108.481003,small_airport
CYBF,YBY,Bonnyville Airport,Bonnyville,CA,54.304199,-110.744003,medium_airport
CYBG,YBG,Saguenay-Bagotville Airport,Saguenay,CA,48.330123,-70.992012,medium_airport
CYBK,YBK,Baker Lake Airport,Baker Lake,CA,64.29889678960001,-96.077796936,medium_airport
CYBL,YBL,Campbell River Airport,Campbell River,CA,49.950802,-125.271004,medium_airport
CYBQ,XTL,Tadoule Lake Airport,Tadoule Lake,CA,58.706308,-98.511057,small_airport
CYBR,YBR,Brandon Municipal Airport,Brandon,CA,49.91,-99.951897,medium_airport
CYBT,YBT,Brochet Airport,Brochet,CA,57.8894,-101.679001,small_airport
CYBV,YBV,Berens River Airport,Berens River,CA,52.358898,-97.018303,small_airport
CYBX,YBX,Lourdes-de-Blanc-Sablon Airport,Blanc-Sablon,CA,51.4436,-57.185299,medium_airport
CYCA,YRF,Cartwright Airport,Cartwright,CA,53.682501,-57.042303,small_airport
CYCB,YCB,Cambridge Bay Airport,Cambridge Bay,CA,69.1081008911,-105.138000488,medium_airport
CYCD,YCD,Nanaimo Airport,Nanaimo,CA,49.05497,-123.869863,medium_airport
CYCG,YCG,Castlegar/West Kootenay Regional Airport,Castlegar,CA,49.296398,-117.632004,medium_airport
CYCO,YCO,Kugluktuk Airport,Kugluktuk,CA,67.816408,-115.14307,small_airport
CYCR,YCR,Cross Lake (Charlie Sinclair Memorial) Airport,Cross Lake,CA,54.609758,-97.762442,small_airport
CYCS,YCS,Chesterfield Inlet Airport,Chesterfield Inlet,CA,63.346901,-90.731102,small_airport
CYCY,YCY,Clyde River Airport,Clyde River,CA,70.486099,-68.516701,small_airport
CYDA,YDA,Dawson City Airport,Dawson City,CA,64.04309844970703,-139.1280059814453,medium_airport
CYDF,YDF,Deer Lake Airport,Deer Lake,CA,49.208159,-57.396147,medium_airport
CYDL,YDL,Dease Lake Airport,Dease Lake,CA,58.422199,-130.031998,small_airport
CYDN,YDN,Dauphin Barker Airport,Dauphin,CA,51.1008,-100.052002,medium_airport
CYDP,YDP,Nain Airport,Nain,CA,56.550778,-61.682224,small_airport
CYEG,YEG,Edmonton International Airport,Edmonton,CA,53.3097,-113.580002,large_airport
CYEK,YEK,Arviat Airport,Arviat,CA,61.0942,-94.070801,small_airport
CYER,YER,Fort Severn Airport,Fort Severn,CA,56.018902,-87.676102,small_airport
CYEV,YEV,Inuvik Mike Zubko Airport,Inuvik,CA,68.30419921880001,-133.483001709,medium_airport
CYFA,YFA,Fort Albany Airport,Fort Albany,CA,52.203451,-81.695194,small_airport
CYFB,YFB,Iqaluit Airport,Iqaluit,CA,63.756402,-68.555801,medium_airport
CYFC,YFC,Fredericton International Airport,Fredericton,CA,45.868697,-66.529891,medium_airport
CYFH,YFH,Fort Hope Airport,Fort Hope,CA,51.561901,-87.907799,small_airport
CYFO,YFO,Flin Flon Airport,Flin Flon,CA,54.678101,-101.681999,small_airport
CYFS,YFS,Fort Simpson Airport,Fort Simpson,CA,61.76020050048828,-121.23699951171875,medium_airport
CYFT,YMN,Makkovik Airport,Makkovik,CA,55.077335,-59.187942,small_airport
CYGH,YGH,Fort Good Hope Airport,Fort Good Hope,CA,66.240658,-128.647757,small_airport
CYGL,YGL,La Grande Rivière Airport,La Grande Rivière,CA,53.625301361083984,-77.7042007446289,medium_airport
CYGO,YGO,Gods Lake Narrows Airport,Gods Lake Narrows,CA,54.55768,-94.490061,small_airport
CYGP,YGP,Michel-Pouliot Gaspé Airport,Gaspé,CA,48.774915,-64.481893,medium_airport
CYGR,YGR,Îles-de-la-Madeleine Airport,Les Îles-de-la-Madeleine,CA,47.425242,-61.778612,medium_airport
CYGT,YGT,Igloolik Airport,Igloolik,CA,69.3647,-81.816101,small_airport
CYGV,YGV,Havre-Saint-Pierre Airport,Havre-Saint-Pierre,CA,50.281898,-63.611401,medium_airport
CYGW,YGW,Kuujjuarapik Airport,Kuujjuarapik,CA,55.281898498535156,-77.76529693603516,medium_airport
CYGX,YGX,Gillam Airport,Gillam,CA,56.35712,-94.711504,small_airport
CYGZ,YGZ,Grise Fiord Airport,Grise Fiord,CA,76.425823,-82.908583,small_airport
CYHA,YQC,Quaqtaq Airport,Quaqtaq,CA,61.046398,-69.617798,small_airport
CYHH,YNS,Nemiscau Airport,Nemiscau,CA,51.691101,-76.135597,small_airport
CYHI,YHI,Ulukhaktok Holman Airport,Ulukhaktok,CA,70.762802,-117.806,small_airport
CYHK,YHK,Gjoa Haven Airport,Gjoa Haven,CA,68.635597,-95.849701,small_airport
CYHM,YHM,John C. Munro Hamilton International Airport,Hamilton,CA,43.17348,-79.931185,medium_airport
CYHO,YHO,Hopedale Airport,Hopedale,CA,55.448757,-60.228124,small_airport
CYHP,YHP,Poplar Hill Airport,Poplar Hill,CA,52.1133,-94.2556,small_airport
CYHR,YHR,Chevery Airport,Chevery,CA,50.468322,-59.637823,small_airport
CYHU,YHU,Montréal / Saint-Hubert Metropolitan Airport,Montréal,CA,45.517502,-73.416901,medium_airport
CYHY,YHY,Hay River / Merlyn Carter Airport,Hay River,CA,60.8396987915,-115.782997131,medium_airport
CYHZ,YHZ,Halifax / Stanfield International Airport,Halifax,CA,44.8807983398,-63.5085983276,large_airport
CYIF,YIF,St Augustin Airport,St-Augustin,CA,51.2117,-58.658298,medium_airport
CYIK,YIK,Ivujivik Airport,Ivujivik,CA,62.417301,-77.925301,small_airport
CYIO,YIO,Pond Inlet Airport,Pond Inlet,CA,72.689494,-77.968941,small_airport
CYIV,YIV,Island Lake Airport,Island Lake,CA,53.857200622558594,-94.65360260009766,medium_airport
CYKA,YKA,Kamloops John Moose Fulton Field Regional Airport,Kamloops,CA,50.703038,-120.448641,medium_airport
CYKD,LAK,Aklavik/Freddie Carmichael Airport,Aklavik,CA,68.223297,-135.00599,small_airport
CYKF,YKF,Region of Waterloo International Airport,Breslau,CA,43.4608,-80.378601,medium_airport
CYKG,YWB,Kangiqsujuaq (Wakeham Bay) Airport,Kangiqsujuaq,CA,61.5886,-71.929398,small_airport
CYKL,YKL,Schefferville Airport,Schefferville,CA,54.805301666259766,-66.8052978515625,medium_airport
CYKO,AKV,Akulivik Airport,Akulivik,CA,60.8186,-78.148598,small_airport
CYKP,YOG,Ogoki Post Airport,Ogoki Post,CA,51.6585998535,-85.9017028809,small_airport
CYKQ,YKQ,Waskaganish Airport,Waskaganish,CA,51.473301,-78.758301,small_airport
CYLA,YPJ,Aupaluk Airport,Aupaluk,CA,59.2967,-69.599701,small_airport
CYLC,YLC,Kimmirut Airport,Kimmirut,CA,62.848253,-69.877853,small_airport
CYLH,YLH,Lansdowne House Airport,Lansdowne House,CA,52.195599,-87.934196,small_airport
CYLK,YSG,Lutselk'e Airport,Lutselk'e,CA,62.417823,-110.682793,small_airport
CYLL,YLL,Lloydminster Airport,Lloydminster,CA,53.3092,-110.072998,medium_airport
CYLS,YLK,Barrie-Lake Simcoe Regional Airport,Barrie,CA,44.485056,-79.554663,medium_airport
CYLU,XGR,Kangiqsualujjuaq (Georges River) Airport,Kangiqsualujjuaq,CA,58.711399,-65.992798,small_airport
CYLW,YLW,Kelowna International Airport,Kelowna,CA,49.9561,-119.377998,large_airport
CYMH,YMH,Mary's Harbour Airport,Mary's Harbour,CA,52.302837,-55.847433,small_airport
CYMM,YMM,Fort McMurray International Airport,Fort McMurray,CA,56.653301,-111.222,medium_airport
CYMO,YMO,Moosonee Airport,Moosonee,CA,51.291099548339844,-80.60780334472656,medium_airport
CYMT,YMT,Chapais Airport,Chibougamau,CA,49.77190017700195,-74.5280990600586,medium_airport
CYMU,YUD,Umiujaq Airport,Umiujaq,CA,56.536098,-76.518303,small_airport
CYMX,YMX,Montreal Mirabel International Airport,Montréal,CA,45.679501,-74.038696,medium_airport
CYNA,YNA,Natashquan Airport,Natashquan,CA,50.190114,-61.78898,medium_airport
CYNC,YNC,Wemindji Airport,Wemindji,CA,53.010601,-78.8311,small_airport
CYND,YND,Ottawa / Gatineau Airport,Gatineau,CA,45.521702,-75.563599,medium_airport
CYNE,YNE,Norway House Airport,Norway House,CA,53.958302,-97.8442,small_airport
CYNL,YNL,Points North Landing Airport,Points North Landing,CA,58.27669906616211,-104.08200073242188,medium_airport
CYOC,YOC,Old Crow Airport,Old Crow,CA,67.570602,-139.839005,small_airport
CYOH,YOH,Oxford House Airport,Oxford House,CA,54.9333,-95.2789,small_airport
CYOJ,YOJ,High Level Airport,High Level,CA,58.62139892578125,-117.16500091552734,medium_airport
CYOW,YOW,Ottawa Macdonald-Cartier International Airport,Ottawa,CA,45.322498,-75.669197,large_airport
CYPA,YPA,Prince Albert Glass Field,Prince Albert,CA,53.214199066199996,-105.672996521,medium_airport
CYPC,YPC,Paulatuk (Nora Aliqatchialuk Ruben) Airport,Paulatuk,CA,69.360838,-124.07547,small_airport
CYPE,YPE,Peace River Airport,Peace River,CA,56.226898,-117.446999,medium_airport
CYPH,YPH,Inukjuak Airport,Inukjuak,CA,58.471901,-78.076897,small_airport
CYPK,,Pitt Meadows Regional Airport,Pitt Meadows,CA,49.21488,-122.709294,medium_airport
CYPL,YPL,Pickle Lake Airport,Pickle Lake,CA,51.4463996887207,-90.21420288085938,medium_airport
CYPM,YPM,Pikangikum Airport,Pikangikum,CA,51.819698,-93.973297,small_airport
CYPN,YPN,Port-Menier Airport,Port-Menier,CA,49.836399,-64.288597,medium_airport
CYPO,YPO,Peawanuck Airport,Peawanuck,CA,54.987932,-85.442648,small_airport
CYPQ,YPQ,Peterborough Regional Airport,Peterborough,CA,44.232251,-78.362053,medium_airport
CYPR,YPR,Prince Rupert Airport,Prince Rupert,CA,54.286098480199996,-130.445007324,medium_airport
CYPT,,Pelee Island Airport,Pelee Island,CA,41.778033,-82.674222,small_airport
CYPW,YPW,Powell River Airport,Powell River,CA,49.83420181274414,-124.5,medium_airport
CYPX,YPX,Puvirnituq Airport,Puvirnituq,CA,60.050598,-77.286903,medium_airport
CYPY,YPY,Fort Chipewyan Airport,Fort Chipewyan,CA,58.7672004699707,-111.11699676513672,medium_airport
CYPZ,YPZ,Burns Lake Airport,Burns Lake,CA,54.3764,-125.950996,medium_airport
CYQA,YQA,Muskoka Airport,Gravenhurst,CA,44.975376,-79.306546,medium_airport
CYQB,YQB,Quebec Jean Lesage International Airport,Quebec,CA,46.7911,-71.393303,large_airport
CYQD,YQD,The Pas Airport,The Pas,CA,53.97140121459961,-101.09100341796875,medium_airport
CYQG,YQG,Windsor International Airport,Windsor,CA,42.2756,-82.955597,medium_airport
CYQH,YQH,Watson Lake Airport,Watson Lake,CA,60.116839,-128.821993,medium_airport
CYQK,YQK,Kenora Airport,Kenora,CA,49.788299560546875,-94.36309814453125,medium_airport
CYQL,YQL,Lethbridge County Airport,Lethbridge,CA,49.6302986145,-112.800003052,medium_airport
CYQM,YQM,Greater Moncton Roméo LeBlanc International Airport,Moncton,CA,46.113189,-64.67719,medium_airport
CYQN,YQN,Nakina Airport,Nakina,CA,50.18280029296875,-86.69640350341797,medium_airport
CYQQ,YQQ,Comox Valley International Airport / CFB Comox,Comox,CA,49.7108,-124.887001,medium_airport
CYQR,YQR,Regina International Airport,Regina,CA,50.431938,-104.660906,medium_airport
CYQT,YQT,Thunder Bay International Airport,Thunder Bay,CA,48.371899,-89.323898,medium_airport
CYQU,YQU,Grande Prairie Airport,Grande Prairie,CA,55.1796989441,-118.885002136,medium_airport
CYQX,YQX,Gander International Airport,Gander,CA,48.936258,-54.567719,medium_airport
CYQY,YQY,Sydney / J.A. Douglas McCurdy Airport,Sydney,CA,46.161072,-60.049759,medium_airport
CYQZ,YQZ,Quesnel Airport,Quesnel,CA,53.026100158691406,-122.51000213623047,medium_airport
CYRA,YRA,Rae Lakes Airport,Gamètì,CA,64.116096,-117.309998,small_airport
CYRB,YRB,Resolute Bay Airport,Resolute Bay,CA,74.7169036865,-94.9693984985,medium_airport
CYRJ,YRJ,Roberval Airport,Roberval,CA,48.519665,-72.265735,medium_airport
CYRL,YRL,Red Lake Airport,Red Lake,CA,51.066898345947266,-93.79309844970703,medium_airport
CYRO,YRO,Ottawa / Rockcliffe Airport,Ottawa,CA,45.460496,-75.644001,medium_airport
CYRS,YRS,Red Sucker Lake Airport,Red Sucker Lake,CA,54.167198,-93.557198,small_airport
CYRT,YRT,Rankin Inlet Airport,Rankin Inlet,CA,62.8114013672,-92.1157989502,medium_airport
CYSB,YSB,Sudbury Airport,Sudbury,CA,46.625,-80.79889678955078,medium_airport
CYSF,YSF,Stony Rapids Airport,Stony Rapids,CA,59.250301361083984,-105.84100341796875,medium_airport
CYSJ,YSJ,Saint John Airport,Saint John,CA,45.31610107421875,-65.89029693603516,medium_airport
CYSK,YSK,Sanikiluaq Airport,Sanikiluaq,CA,56.536891,-79.250221,small_airport
CYSM,YSM,Fort Smith Airport,Fort Smith,CA,60.020302,-111.961998,medium_airport
CYSN,YCM,Niagara District Airport,Niagara-on-the-Lake,CA,43.191598,-79.171686,medium_airport
CYST,YST,St. Theresa Point Airport,St. Theresa Point,CA,53.845261,-94.851966,small_airport
CYSY,YSY,Sachs Harbour (David Nasogaluak Jr. Saaryuaq) Airport,Sachs Harbour,CA,71.993896,-125.242996,small_airport
CYTE,YTE,Cape Dorset Airport,Kinngait,CA,64.230003,-76.526703,small_airport
CYTH,YTH,Thompson Airport,Thompson,CA,55.80110168457031,-97.86419677734375,medium_airport
CYTL,YTL,Big Trout Lake Airport,Big Trout Lake,CA,53.817799,-89.896896,small_airport
CYTQ,YTQ,Tasiujaq Airport,Tasiujaq,CA,58.667801,-69.955803,small_airport
CYTS,YTS,Timmins/Victor M. Power,Timmins,CA,48.569698333699996,-81.376701355,medium_airport
CYTZ,YTZ,Billy Bishop Toronto City Airport,Toronto,CA,43.627852,-79.39553,medium_airport
CYUL,YUL,Montreal / Pierre Elliott Trudeau International Airport,Montréal,CA,45.467837,-73.742294,large_airport
CYUT,YUT,Naujaat Airport,Repulse Bay,CA,66.521024,-86.225166,small_airport
CYUX,YUX,Hall Beach Airport,Sanirajak,CA,68.7761,-81.2425,medium_airport
CYUY,YUY,Rouyn Noranda Airport,Rouyn-Noranda,CA,48.20610046386719,-78.83560180664062,medium_airport
CYVB,YVB,Bonaventure Airport,Bonaventure,CA,48.071098,-65.460297,medium_airport
CYVC,YVC,La Ronge Airport,La Ronge,CA,55.151401519800004,-105.262001038,medium_airport
CYVL,YCK,Tommy Kochon Airport,Colville Lake,CA,67.02015,-126.128364,small_airport
CYVM,YVM,Qikiqtarjuaq Airport,Qikiqtarjuaq,CA,67.54656,-64.03141,small_airport
CYVO,YVO,Val-d'Or Airport,Val-d'Or,CA,48.0532989502,-77.7827987671,medium_airport
CYVP,YVP,Kuujjuaq Airport,Kuujjuaq,CA,58.096099853515625,-68.4269027709961,medium_airport
CYVQ,YVQ,Norman Wells Airport,Norman Wells,CA,65.28160095214844,-126.7979965209961,medium_airport
CYVR,YVR,Vancouver International Airport,Vancouver,CA,49.193901,-123.183998,large_airport
CYVV,YVV,Wiarton Airport,Wiarton,CA,44.7458,-81.107201,medium_airport
CYVZ,YVZ,Deer Lake Airport,Deer Lake,CA,52.655613,-94.061208,small_airport
CYWE,YFJ,Wekweètì Airport,Wekweètì,CA,64.190804,-114.077002,small_airport
CYWG,YWG,Winnipeg / James Armstrong Richardson International Airport,Winnipeg,CA,49.909999847399995,-97.2398986816,large_airport
CYWJ,YWJ,Déline Airport,Déline,CA,65.211098,-123.435997,small_airport
CYWK,YWK,Wabush Airport,Wabush,CA,52.92190170288086,-66.8644027709961,medium_airport
CYWL,YWL,Williams Lake Airport,Williams Lake,CA,52.1831016541,-122.054000854,medium_airport
CYWP,YWP,Webequie Airport,Webequie,CA,52.959393,-87.374868,small_airport
CYXC,YXC,Cranbrook/Canadian Rockies International Airport,Cranbrook,CA,49.610802,-115.781998,medium_airport
CYXE,YXE,Saskatoon John G. Diefenbaker International Airport,Saskatoon,CA,52.170723,-106.700793,large_airport
CYXH,YXH,Medicine Hat Regional Airport,Medicine Hat,CA,50.018902,-110.721001,medium_airport
CYXJ,YXJ,Fort St John / North Peace Regional Airport,Fort Saint John,CA,56.238098,-120.739998,medium_airport
CYXL,YXL,Sioux Lookout Airport,Sioux Lookout,CA,50.11389923095703,-91.9052963256836,medium_airport
CYXN,YXN,Whale Cove Airport,Whale Cove,CA,62.240002,-92.598099,small_airport
CYXP,YXP,Pangnirtung Airport,Pangnirtung,CA,66.144878,-65.713606,small_airport
CYXS,YXS,Prince George (International) Airport,Prince George,CA,53.884311,-122.666554,medium_airport
CYXT,YXT,Northwest Regional Airport Terrace-Kitimat,Terrace,CA,54.468498,-128.576009,medium_airport
CYXU,YXU,London International Airport,London,CA,43.032845,-81.149003,medium_airport
CYXX,YXX,Abbotsford International Airport,Abbotsford,CA,49.025299,-122.361,medium_airport
CYXY,YXY,Whitehorse / Erik Nielsen International Airport,Whitehorse,CA,60.708533,-135.065705,medium_airport
CYYB,YYB,North Bay Jack Garland Airport,North Bay,CA,46.363602,-79.422798,medium_airport
CYYC,YYC,Calgary International Airport,Calgary,CA,51.118822,-114.009933,large_airport
CYYD,YYD,Smithers Airport,Smithers,CA,54.82469940185547,-127.18299865722656,medium_airport
CYYE,YYE,Fort Nelson Airport,Fort Nelson,CA,58.8363990784,-122.597000122,medium_airport
CYYF,YYF,Penticton Airport,Penticton,CA,49.46310043334961,-119.60199737548828,medium_airport
CYYG,YYG,Charlottetown Airport,Charlottetown,CA,46.288911,-63.125174,medium_airport
CYYH,YYH,Taloyoak Airport,Taloyoak,CA,69.5467,-93.576698,small_airport
CYYJ,YYJ,Victoria International Airport,Victoria,CA,48.647201,-123.427792,large_airport
CYYL,YYL,Lynn Lake Airport,Lynn Lake,CA,56.86389923095703,-101.07599639892578,medium_airport
CYYQ,YYQ,Churchill Airport,Churchill,CA,58.739200592041016,-94.06500244140625,medium_airport
CYYR,YYR,Goose Bay Airport,Goose Bay,CA,53.3191986084,-60.4258003235,medium_airport
CYYT,YYT,St. John's International Airport,St. John's,CA,47.618599,-52.7519,large_airport
CYYY,YYY,Mont Joli Airport,Mont-Joli,CA,48.60860061645508,-68.20809936523438,medium_airport
CYYZ,YYZ,Toronto Pearson International Airport,Toronto,CA,43.675935,-79.629421,large_airport
CYZF,YZF,Yellowknife International Airport,Yellowknife,CA,62.462799,-114.440002,medium_airport
CYZG,YZG,Salluit Airport,Salluit,CA,62.179401,-75.667198,small_airport
CYZP,YZP,Sandspit Airport,Sandspit,CA,53.25429916379999,-131.813995361,medium_airport
CYZS,YZS,Coral Harbour Airport,Coral Harbour,CA,64.1932983398,-83.3593978882,medium_airport
CYZT,YZT,Port Hardy Airport,Port Hardy,CA,50.680599212646484,-127.36699676513672,medium_airport
CYZU,YZU,Whitecourt Airport,Whitecourt,CA,54.143902,-115.787003,medium_airport
CYZV,YZV,Sept-Îles Airport,Sept-Îles,CA,50.22330093383789,-66.2656021118164,medium_airport
CZBD,ILF,Ilford Airport,Ilford,CA,56.051622,-95.61882,small_airport
CZBF,ZBF,Bathurst Airport,South Tetagouche,CA,47.6297,-65.738899,medium_airport
CZEM,ZEM,Eastmain River Airport,Eastmain River,CA,52.226398,-78.522499,small_airport
CZFD,ZFD,Fond-du-Lac Airport,Fond-du-Lac,CA,59.3344,-107.181999,small_airport
CZFG,XPK,Pukatawagan Airport,Pukatawagan,CA,55.749199,-101.265999,small_airport
CZFM,ZFM,Fort Mcpherson Airport,Fort Mcpherson,CA,67.406993,-134.860182,small_airport
CZFN,ZFN,Tulita Airport,Tulita,CA,64.909496,-125.570297,small_airport
CZGI,ZGI,Gods River Airport,Gods River,CA,54.839699,-94.078598,small_airport
CZKE,ZKE,Kashechewan Airport,Kashechewan,CA,52.282501,-81.677803,small_airport
CZMD,MSA,Muskrat Dam Airport,Muskrat Dam,CA,53.441399,-91.762802,small_airport
CZMT,ZMT,Masset Airport,Masset,CA,54.0275,-132.125,medium_airport
CZPB,ZPB,Sachigo Lake Airport,Sachigo Lake,CA,53.890885,-92.195935,small_airport
CZRJ,ZRJ,Round Lake (Weagamow Lake) Airport,Round Lake,CA,52.9436,-91.312798,small_airport
CZSJ,ZSJ,Sandy Lake Airport,Sandy Lake,CA,53.06420135498047,-93.34439849853516,medium_airport
CZSN,XSI,South Indian Lake Airport,South Indian Lake,CA,56.792801,-98.907204,small_airport
CZTA,YDV,Bloodvein River Airport,Bloodvein River,CA,51.784568,-96.692305,small_airport
CZTM,ZTM,Shamattawa Airport,Shamattawa,CA,55.86356,-92.081137,small_airport
CZUM,ZUM,Churchill Falls Airport,Churchill Falls,CA,53.5619010925293,-64.10639953613281,small_airport
CZWH,XLB,Lac Brochet Airport,Lac Brochet,CA,58.614279,-101.468954,small_airport
CZWL,ZWL,Wollaston Lake Airport,Wollaston Lake,CA,58.106899,-103.171997,small_airport
DAAE,BJA,Soummam–Abane Ramdane Airport,Béjaïa,DZ,36.712547,5.069909,large_airport
DAAG,ALG,Houari Boumediene Airport,Algiers,DZ,36.693886,3.214531,large_airport
DAAJ,DJG,Tiska Djanet Airport,Djanet,DZ,24.285448,9.463652,large_airport
DAAP,VVZ,Illizi Takhamalt Airport,Illizi,DZ,26.723499,8.62265,medium_airport
DAAS,QSF,Ain Arnat Airport,Sétif,DZ,36.178488,5.329909,medium_airport
DAAT,TMR,Aguenar – Hadj Bey Akhamok Airport,Tamanrasset,DZ,22.810992,5.450832,large_airport
DAAV,GJL,Jijel Ferhat Abbas Airport,Tahir,DZ,36.794125,5.873652,large_airport
DAAY,MZW,Mecheria Airport,Mecheria,DZ,33.5359,-0.242353,medium_airport
DABB,AAE,Annaba Rabah Bitat Airport,Annaba,DZ,36.826781,7.81334,large_airport
DABC,CZL,Mohamed Boudiaf International Airport,Constantine,DZ,36.276001,6.62039,large_airport
DABS,TEE,Cheikh Larbi Tébessi Airport,Tébessi,DZ,35.4315986633,8.12071990967,medium_airport
DABT,BLJ,Batna Mostefa Ben Boulaid Airport,Batna,DZ,35.752102,6.30859,large_airport
DAOF,TIN,Tindouf Airport,Tindouf,DZ,27.7003993988,-8.167099952700001,medium_airport
DAOI,CFK,Chlef Aboubakr Belkaid International Airport,Chlef,DZ,36.216614,1.341114,large_airport
DAON,TLM,Zenata – Messali El Hadj Airport,Zenata,DZ,35.012732,-1.457117,large_airport
DAOO,ORN,Oran Es-Sénia (Ahmed Ben Bella) International Airport,Es-Sénia,DZ,35.620648,-0.622486,large_airport
DAOR,CBH,Béchar Boudghene Ben Ali Lotfi Airport,Béchar,DZ,31.645700454711914,-2.269860029220581,medium_airport
DAOY,EBH,El Bayadh Airport,El Bayadh,DZ,33.721667,1.0925,small_airport
DATM,BMW,Bordj Badji Mokhtar Airport,Bordj Badji Mokhtar,DZ,21.3778,0.92698,medium_airport
DAUA,AZR,Touat-Cheikh Sidi Mohamed Belkebir Airport,Adrar,DZ,27.837601,-0.186414,medium_airport
DAUB,BSK,Biskra - Mohamed Khider Airport,Biskra,DZ,34.79318,5.738899,large_airport
DAUE,ELG,El Golea Airport,El Menia,DZ,30.580732,2.861595,medium_airport
DAUG,GHA,Noumérat - Moufdi Zakaria Airport,El Atteuf,DZ,32.384102,3.79411,medium_airport
DAUH,HME,Hassi Messaoud-Oued Irara Krim Belkacem Airport,Hassi Messaoud,DZ,31.673,6.14044,medium_airport
DAUI,INZ,In Salah Airport,In Salah,DZ,27.250999,2.51202,medium_airport
DAUK,TGR,Touggourt Sidi Madhi Airport,Touggourt,DZ,33.067799,6.08867,medium_airport
DAUL,LOO,Laghouat - Molay Ahmed Medeghri Airport,Laghouat,DZ,33.7644,2.92834,medium_airport
DAUO,ELU,Guemar Airport - مطار قمار بالوادي,Guemar,DZ,33.511398,6.77679,medium_airport
DAUT,TMX,Timimoun Airport,Timimoun,DZ,29.237101,0.276033,medium_airport
DAUU,OGX,Ain Beida Airport,Ouargla,DZ,31.9172,5.41278,medium_airport
DAUZ,IAM,Zarzaitine - In Aménas Airport,In Aménas,DZ,28.0515,9.64291,medium_airport
DBBB,COO,Cotonou Cadjehoun International Airport,Cotonou,BJ,6.35723,2.38435,large_airport
DEX,DEX,Nop Goliat Dekai Airport,Dekai,ID,-4.8557,139.482006,small_airport
DFFD,OUA,Ouagadougou Thomas Sankara International Airport,Ouagadougou,BF,12.3532,-1.51242,large_airport
DFOO,BOY,Bobo Dioulasso Airport,Bobo Dioulasso,BF,11.1601,-4.33097,large_airport
DGAA,ACC,Kotoka International Airport,Accra,GH,5.605189800262451,-0.16678600013256073,large_airport
DGAH,,Ho Airport,Ho,GH,6.579691,0.532547,medium_airport
DGLE,TML,Yakubu Tali International Airport,Tamale,GH,9.553909,-0.86606,large_airport
DGSI,KMS,Prempeh I International Airport,Kumasi,GH,6.71456,-1.59082,large_airport
DGSN,NYI,Sunyani Airport,Sunyani,GH,7.36183,-2.32876,medium_airport
DGTK,TKD,Takoradi Airport,Sekondi-Takoradi,GH,4.896059989929199,-1.7747600078582764,medium_airport
DIAP,ABJ,Félix-Houphouët-Boigny International Airport,Abidjan,CI,5.26139,-3.92629,large_airport
DIBK,BYK,Bouaké Airport,Bouaké,CI,7.7388,-5.07367,medium_airport
DIKO,HGO,Korhogo Airport,Korhogo,CI,9.38718,-5.55666,medium_airport
DISP,SPY,San Pedro Airport,,CI,4.74672,-6.66082,medium_airport
DLR,DLR,Dalnerechensk Airport,Dalnerechensk,RU,45.879857,133.737629,small_airport
DN57,DKA,Umaru Musa Yar'adua Airport,Katsina,NG,13.0078,7.66045,medium_airport
DNAA,ABV,Nnamdi Azikiwe International Airport,Abuja,NG,9.00679,7.26317,large_airport
DNAI,QUO,Akwa Ibom International Airport,Uyo,NG,4.8725,8.093,medium_airport
DNAK,AKR,Akure Airport,Akure,NG,7.246739864349365,5.3010101318359375,medium_airport
DNAN,,Chinua Achebe International Airport,Umuleri,NG,6.267167,6.871333,small_airport
DNAS,ABB,Asaba International Airport,Asaba,NG,6.204167,6.665278,large_airport
DNBC,BCU,Sir Abubakar Tafawa Balewa Bauchi State International Airport,Bauchi,NG,10.482833,9.744,large_airport
DNBE,BNI,Benin Airport,Benin,NG,6.316979885101318,5.5995001792907715,medium_airport
DNBY,,Bayelsa International Airport,Yenagoa,NG,4.95759,6.203327,medium_airport
DNCA,CBQ,Margaret Ekpo International Airport,Calabar,NG,4.976019859313965,8.347200393676758,medium_airport
DNEN,ENU,Akanu Ibiam International Airport,Enegu,NG,6.473718,7.560463,large_airport
DNGO,GMO,Gombe Lawanti International Airport,Gombe,NG,10.298889,10.9,medium_airport
DNIB,IBA,Ibadan Airport,Ibadan,NG,7.362460136413574,3.97832989692688,medium_airport
DNIL,ILR,General Tunde Idiagbon International Airport,Ilorin/Ogbomosho,NG,8.44021,4.49392,large_airport
DNIM,QOW,Sam Mbakwe International Cargo Airport,Owerri,NG,5.42706,7.20603,medium_airport
DNJO,JOS,Yakubu Gowon Airport,Jos,NG,9.639829635620117,8.869050025939941,medium_airport
DNKA,KAD,Kaduna International Airport,Kaduna,NG,10.696,7.32011,large_airport
DNKN,KAN,Mallam Aminu Kano International Airport,Kano,NG,12.045613,8.523566,large_airport
DNMA,MIU,Maiduguri International Airport,Maiduguri,NG,11.854163,13.080702,large_airport
DNMK,MDI,Makurdi Airport,Makurdi,NG,7.70388,8.61394,medium_airport
DNMM,LOS,Murtala Muhammed International Airport,Lagos,NG,6.57737,3.32116,large_airport
DNPO,PHC,Port Harcourt International Airport,Port Harcourt,NG,5.01549,6.94959,large_airport
DNSO,SKO,Sadiq Abubakar III International Airport,Sokoto,NG,12.915729,5.207547,large_airport
DNSU,QRW,Warri Airport,Okpe,NG,5.59821,5.8187,medium_airport
DNYO,YOL,Yola Airport,Yola,NG,9.257550239562988,12.430399894714355,medium_airport
DPT,DPT,Deputatskiy Airport,Deputatskiy,RU,69.392503,139.890012,small_airport
DRRN,NIM,Diori Hamani International Airport,Niamey,NE,13.4815,2.18361,large_airport
DRZR,ZND,Zinder Airport,Zinder,NE,13.779000282287598,8.983759880065918,medium_airport
DTKA,TBJ,Tabarka-Aïn Draham International Airport,Tabarka,TN,36.98,8.87694,medium_airport
DTMB,MIR,Monastir Habib Bourguiba International Airport,Monastir,TN,35.75809860229492,10.75469970703125,medium_airport
DTNH,NBE,Enfidha - Hammamet International Airport,Enfidha,TN,36.075833,10.438611,medium_airport
DTTA,TUN,Tunis Carthage International Airport,Tunis,TN,36.851002,10.2272,large_airport
DTTJ,DJE,Djerba Zarzis International Airport,Mellita,TN,33.873719,10.7773,large_airport
DTTX,SFA,Sfax Thyna International Airport,Sfax,TN,34.717999,10.691,medium_airport
DTTZ,TOE,Tozeur Nefta International Airport,Tozeur,TN,33.939701080322266,8.110560417175293,medium_airport
DXXX,LFW,Lomé–Tokoin International Airport,Lomé,TG,6.16561,1.25451,large_airport
EBAW,ANR,Antwerp International Airport (Deurne),Antwerp,BE,51.190667,4.463153,medium_airport
EBBR,BRU,Brussels Airport,Zaventem,BE,50.901402,4.48444,large_airport
EBCI,CRL,Brussels South Charleroi Airport,Charleroi,BE,50.461963,4.459562,large_airport
EBLG,LGG,Liège Airport,Grâce-Hollogne,BE,50.638574,5.443897,medium_airport
EBOS,OST,Ostend-Bruges International Airport,Oostende,BE,51.1998,2.874673,large_airport
EDAH,HDF,Heringsdorf Airport,Zirchow,DE,53.8787,14.1523,medium_airport
EDDB,BER,Berlin Brandenburg Airport,Berlin,DE,52.361738,13.502341,large_airport
EDDC,DRS,Dresden Airport,Dresden,DE,51.134123,13.767831,large_airport
EDDE,ERF,Erfurt-Weimar Airport,Erfurt,DE,50.978281,10.960713,large_airport
EDDF,FRA,Frankfurt Main Airport,Frankfurt am Main,DE,50.026706,8.55835,large_airport
EDDG,FMO,Münster Osnabrück Airport,Greven,DE,52.133816,7.688482,large_airport
EDDH,HAM,Hamburg Helmut Schmidt Airport,Hamburg,DE,53.630402,9.98823,large_airport
EDDK,CGN,Cologne Bonn Airport,Köln (Cologne),DE,50.865898,7.14274,large_airport
EDDL,DUS,Düsseldorf Airport,Düsseldorf,DE,51.289501,6.76678,large_airport
EDDM,MUC,Munich Airport,Munich,DE,48.353802,11.7861,large_airport
EDDN,NUE,Nuremberg Airport,Nuremberg,DE,49.498699,11.078056,large_airport
EDDP,LEJ,Leipzig/Halle Airport,Schkeuditz,DE,51.420657,12.232705,large_airport
EDDR,SCN,Saarbrücken Airport,Saarbrücken,DE,49.214545,7.109735,medium_airport
EDDS,STR,Stuttgart Airport,Stuttgart,DE,48.689899,9.22196,large_airport
EDDV,HAJ,Hannover Airport,Hannover,DE,52.461102,9.68508,large_airport
EDDW,BRE,Bremen Airport,Bremen,DE,53.046786,8.78932,large_airport
EDFH,HHN,Frankfurt-Hahn Airport,Frankfurt am Main (Lautzenhausen),DE,49.946353,7.261734,large_airport
EDFM,MHG,Mannheim-City Airport,Mannheim,DE,49.473057,8.514167,medium_airport
EDHL,LBC,Lübeck Blankensee Airport,Lübeck,DE,53.805401,10.7192,medium_airport
EDJA,FMM,Memmingen Allgau Airport,Memmingen,DE,47.988092,10.238248,large_airport
EDLP,PAD,Paderborn Lippstadt Airport,Büren,DE,51.612527,8.617459,large_airport
EDLV,NRN,Weeze (Niederrhein) Airport,Weeze,DE,51.601362,6.141228,large_airport
EDLW,DTM,Dortmund Airport,Dortmund,DE,51.518299,7.61224,large_airport
EDNY,FDH,Bodensee Airport Friedrichshafen,Friedrichshafen,DE,47.671299,9.51149,large_airport
EDSB,FKB,Karlsruhe Baden-Baden Airport,Rheinmünster,DE,48.7794,8.0805,large_airport
EDVK,KSF,Kassel Airport,Calden,DE,51.418395,9.391638,large_airport
EDWE,EME,Emden Airport,Emden,DE,53.391109,7.2275,small_airport
EDWG,AGE,Wangerooge Airport,Wangerooge,DE,53.782544,7.919584,small_airport
EDWJ,JUI,Juist Airport,Juist,DE,53.681421,7.056398,small_airport
EDWR,BMK,Borkum Airport,Borkum,DE,53.59639,6.709167,small_airport
EDWS,NOD,Norden-Norddeich Airport,Norddeich,DE,53.633057,7.190278,small_airport
EDWY,NRD,Norderney Airport,Norderney,DE,53.706944,7.23,small_airport
EDWZ,BMR,Baltrum Airport,Baltrum,DE,53.72485,7.373257,small_airport
EDXB,HEI,Heide-Büsum Airport,Oesterdeichstrich,DE,54.153332,8.901667,small_airport
EDXH,HGL,Helgoland-Düne Airport,Helgoland,DE,54.18528,7.915833,small_airport
EDXP,,Harle Airfield,Harlesiel,DE,53.706669,7.820278,small_airport
EDXW,GWT,Westerland Sylt Airport,Sylt,DE,54.9132,8.34047,medium_airport
EEKA,KDL,Kärdla Airport,Kärdla,EE,58.99079895019531,22.830699920654297,medium_airport
EEKE,URE,Kuressaare Airport,Kuressaare,EE,58.22990036010742,22.50950050354004,medium_airport
EEPU,EPU,Pärnu Airport,Pärnu,EE,58.41899871826172,24.47279930114746,medium_airport
EERU,,Ruhnu Airfield,Ringsu,EE,57.78559,23.262377,small_airport
EETN,TLL,Lennart Meri Tallinn Airport,Tallinn,EE,59.413246,24.83264,large_airport
EETU,TAY,Tartu Airport,Tartu,EE,58.307438,26.686473,medium_airport
EFET,ENF,Enontekio Airport,Enontekio,FI,68.362602233887,23.424299240112,medium_airport
EFHK,HEL,Helsinki Vantaa Airport,Helsinki (Vantaa),FI,60.318363,24.963341,large_airport
EFIV,IVL,Ivalo Airport,Ivalo,FI,68.6073,27.4053,large_airport
EFJO,JOE,Joensuu Airport,Joensuu,FI,62.658815,29.619398,medium_airport
EFJY,JYV,Jyväskylä Airport,Jyväskylän Maalaiskunta,FI,62.399502,25.678301,medium_airport
EFKE,KEM,Kemi-Tornio Airport,Kemi / Tornio,FI,65.778701782227,24.582099914551,medium_airport
EFKI,KAJ,Kajaani Airport,Kajaani,FI,64.2855,27.6924,medium_airport
EFKK,KOK,Kokkola-Pietarsaari Airport,Kokkola / Kruunupyy,FI,63.721199,23.143101,medium_airport
EFKS,KAO,Kuusamo Airport,Kuusamo,FI,65.987602,29.239401,medium_airport
EFKT,KTT,Kittilä International Airport,Kittilä,FI,67.700996,24.8468,large_airport
EFKU,KUO,Kuopio Airport,Kuopio / Siilinjärvi,FI,63.007099,27.7978,large_airport
EFLP,LPP,Lappeenranta Airport,Lappeenranta,FI,61.044601,28.144743,large_airport
EFMA,MHQ,Mariehamn Airport,Mariehamn,FI,60.1222,19.898199,medium_airport
EFOU,OUL,Oulu Airport,Oulu / Oulunsalo,FI,64.930099,25.354601,large_airport
EFPO,POR,Pori Airport,Pori,FI,61.4617,21.799999,medium_airport
EFRO,RVN,Rovaniemi Airport,Rovaniemi,FI,66.563327,25.829751,large_airport
EFSA,SVL,Savonlinna Airport,Savonlinna,FI,61.9431,28.945101,medium_airport
EFTP,TMP,Tampere-Pirkkala Airport,Tampere / Pirkkala,FI,61.414101,23.604401,large_airport
EFTU,TKU,Turku Airport,Turku,FI,60.514099,22.2628,large_airport
EFVA,VAA,Vaasa Airport,Vaasa,FI,63.05023,21.762543,large_airport
EGAA,BFS,Belfast International Airport,Belfast,GB,54.6575012207,-6.2158298492399995,large_airport
EGAC,BHD,George Best Belfast City Airport,Belfast,GB,54.618099,-5.8725,medium_airport
EGAE,LDY,City of Derry Airport,"Derry, Derry and Strabane",GB,55.042801,-7.16111,medium_airport
EGBB,BHX,Birmingham Airport,"Birmingham, West Midlands",GB,52.453899,-1.74803,large_airport
EGCC,MAN,Manchester Airport,"Manchester, Greater Manchester",GB,53.349375,-2.279521,large_airport
EGEC,CAL,Campbeltown Airport,Campbeltown,GB,55.437199,-5.68639,medium_airport
EGED,EOI,Eday Airport,Eday,GB,59.19060134887695,-2.7722198963165283,medium_airport
EGEF,FIE,Fair Isle Airport,Fair Isle,GB,59.534721,-1.628509,small_airport
EGEL,COL,Coll Airport,Coll Island,GB,56.601898,-6.61778,small_airport
EGEN,NRL,North Ronaldsay Airport,North Ronaldsay,GB,59.3675003052,-2.43443989754,small_airport
EGEO,OBN,Oban Airport,North Connel,GB,56.463501,-5.39967,small_airport
EGEP,PPW,Papa Westray Airport,"Papa Westray, Orkney Islands",GB,59.351012,-2.900353,small_airport
EGER,SOY,Stronsay Airport,Stronsay,GB,59.1553,-2.64139,small_airport
EGES,NDY,Sanday Airport,Sanday,GB,59.250301,-2.57667,small_airport
EGET,LWK,Lerwick / Tingwall Airport,"Lerwick, Shetland Islands",GB,60.1922,-1.24361,small_airport
EGEW,WRY,Westray Airport,"Westray, Orkney Islands",GB,59.350475,-2.950062,small_airport
EGEY,CSA,Colonsay Airstrip,Colonsay,GB,56.057499,-6.24306,small_airport
EGFF,CWL,Cardiff International Airport,Cardiff,GB,51.396702,-3.34333,large_airport
EGGD,BRS,Bristol Airport,Bristol,GB,51.382326,-2.716453,large_airport
EGGP,LPL,Liverpool John Lennon Airport,Liverpool,GB,53.334863,-2.849637,large_airport
EGGW,LTN,London Luton Airport,"Luton, Luton",GB,51.874699,-0.368333,large_airport
EGHC,LEQ,Land's End Airport,"Land's End, Cornwall",GB,50.102798,-5.67056,small_airport
EGHE,ISC,St. Mary's Airport,"St. Mary's, Isles of Scilly",GB,49.913375,-6.291894,small_airport
EGHH,BOH,Bournemouth Airport,Bournemouth,GB,50.780483,-1.839576,medium_airport
EGHI,SOU,Southampton Airport,Southampton,GB,50.950298,-1.3568,medium_airport
EGHQ,NQY,Cornwall Airport Newquay,Newquay,GB,50.440601,-4.99541,medium_airport
EGJA,ACI,Alderney Airport,Saint Anne,GG,49.706104,-2.21472,medium_airport
EGJB,GCI,Guernsey Airport,Saint Peter Port,GG,49.435001,-2.60197,medium_airport
EGJJ,JER,Jersey Airport,St. Peter,JE,49.207901,-2.19551,medium_airport
EGKK,LGW,London Gatwick Airport,London,GB,51.148744,-0.185739,large_airport
EGLC,LCY,London City Airport,London,GB,51.505299,0.055278,medium_airport
EGLL,LHR,London Heathrow Airport,London,GB,51.470748,-0.459909,large_airport
EGMC,SEN,London Southend Airport,"Southend-on-Sea, Essex",GB,51.570562,0.693627,medium_airport
EGNJ,HUY,Humberside Airport,"Grimsby, Lincolnshire",GB,53.576152,-0.34954,medium_airport
EGNM,LBA,Leeds Bradford Airport,"Leeds, West Yorkshire",GB,53.865898,-1.66057,large_airport
EGNS,IOM,Isle of Man Airport,Castletown,IM,54.083081,-4.623871,large_airport
EGNT,NCL,Newcastle International Airport,"Newcastle upon Tyne, Tyne and Wear",GB,55.037958,-1.689577,large_airport
EGNV,MME,Teesside International Airport,"Darlington, Durham",GB,54.509201,-1.42941,medium_airport
EGNX,EMA,East Midlands Airport,"Nottingham, Leicestershire",GB,52.8311,-1.32806,large_airport
EGPA,KOI,Kirkwall Airport,"Kirkwall, Orkney Islands",GB,58.957903,-2.905077,medium_airport
EGPB,LSI,Sumburgh Airport,"Lerwick, Shetland",GB,59.878899,-1.29556,medium_airport
EGPC,WIC,Wick John O'Groats Airport,Wick,GB,58.4589,-3.09306,medium_airport
EGPD,ABZ,Aberdeen International Airport,Aberdeen,GB,57.2019,-2.19778,large_airport
EGPE,INV,Inverness Airport,Inverness,GB,57.5425,-4.0475,medium_airport
EGPF,GLA,Glasgow Airport,Glasgow,GB,55.871899,-4.43306,large_airport
EGPH,EDI,Edinburgh Airport,"Ingliston, Edinburgh",GB,55.950145,-3.372288,large_airport
EGPI,ILY,Islay Airport,"Isle of Islay, Argyll and Bute",GB,55.682708,-6.257525,medium_airport
EGPK,PIK,Glasgow Prestwick Airport,"Prestwick, South Ayrshire",GB,55.501499,-4.577182,large_airport
EGPL,BEB,Benbecula Airport,Balivanich,GB,57.481098,-7.36278,medium_airport
EGPN,DND,Dundee Airport,Dundee,GB,56.452499,-3.02583,medium_airport
EGPO,SYY,Stornoway Airport,"Stornoway, Western Isles",GB,58.215599,-6.33111,medium_airport
EGPR,BRR,Barra Airport,Eoligarry,GB,57.0228,-7.44306,medium_airport
EGPU,TRE,Tiree Airport,"Balemartine, Argyll and Bute",GB,56.499199,-6.86917,medium_airport
EGSH,NWI,Norwich Airport,"Norwich, Norfolk",GB,52.6758,1.28278,medium_airport
EGSS,STN,London Stansted Airport,"London, Essex",GB,51.884998,0.235,large_airport
EGTE,EXT,Exeter International Airport,"Exeter, Devon",GB,50.734261,-3.413984,medium_airport
EGYP,MPN,Mount Pleasant Airport / RAF Mount Pleasant,Mount Pleasant,FK,-51.822642,-58.445777,large_airport
EHAM,AMS,Amsterdam Airport Schiphol,Amsterdam,NL,52.308601,4.76389,large_airport
EHBK,MST,Maastricht Aachen Airport,Maastricht,NL,50.911087,5.769401,large_airport
EHEH,EIN,Eindhoven Airport,Eindhoven,NL,51.4500999451,5.37452983856,large_airport
EHGG,GRQ,Groningen Airport Eelde,Groningen,NL,53.119107,6.577652,large_airport
EHRD,RTM,Rotterdam The Hague Airport,Rotterdam,NL,51.956902,4.43722,large_airport
EICA,NNR,Connemara Regional Airport,Inverin,IE,53.23030090332031,-9.467780113220215,small_airport
EICK,ORK,Cork International Airport,Cork,IE,51.841301,-8.49111,large_airport
EIDL,CFN,Donegal Airport,Donegal,IE,55.0442008972168,-8.340999603271484,medium_airport
EIDW,DUB,Dublin Airport,Dublin,IE,53.428713,-6.262121,large_airport
EIIM,IOR,Inishmore Aerodrome,Inis Mór,IE,53.1067008972168,-9.653610229492188,small_airport
EIIR,INQ,Inisheer Aerodrome,Inis Oírr,IE,53.064701,-9.5109,small_airport
EIKN,NOC,Ireland West Airport Knock,Charlestown,IE,53.910439,-8.817002,large_airport
EIKY,KIR,Kerry Airport,Farranfore,IE,52.180901,-9.52378,medium_airport
EIMN,IIA,Inishmaan Aerodrome,Inis Meáin,IE,53.092999,-9.56806,small_airport
EINN,SNN,Shannon Airport,Shannon,IE,52.702,-8.92482,large_airport
EJT,EJT,Enejit Airport,Enejit Island,MH,6.0404,171.9846,small_airport
EKAE,,Ærø Airfield,Marstal,DK,54.852798,10.4564,small_airport
EKAH,AAR,Aarhus Airport,Aarhus,DK,56.303331,10.618286,large_airport
EKAT,,Anholt Airfield,Anholt,DK,56.698347,11.555718,small_airport
EKBI,BLL,Billund Airport,Billund,DK,55.740335,9.157019,large_airport
EKCH,CPH,Copenhagen Kastrup Airport,Copenhagen,DK,55.617900848389,12.656000137329,large_airport
EKEB,EBJ,Esbjerg Airport,Esbjerg,DK,55.525902,8.5534,medium_airport
EKKA,KRP,Midtjyllands Airport / Air Base Karup,Karup,DK,56.297139,9.104311,medium_airport
EKLS,BYR,Læsø Airport,Læsø,DK,57.277199,11.0001,small_airport
EKOD,ODE,Odense Hans Christian Andersen Airport,Odense,DK,55.475307,10.327206,large_airport
EKRK,RKE,Copenhagen Roskilde Airport,Roskilde,DK,55.585602,12.1314,medium_airport
EKRN,RNN,Bornholm Airport,Rønne,DK,55.063301,14.7596,medium_airport
EKSB,SGD,Sønderborg Airport,Sønderborg,DK,54.96440124511719,9.791729927062988,medium_airport
EKST,,Sydfyn (Tasinge) Airfield,Svendborg,DK,55.016602,10.5633,small_airport
EKVG,FAE,Vágar Airport,Vágar,FO,62.063256,-7.275782,large_airport
EKYT,AAL,Aalborg Airport,Aalborg,DK,57.094763,9.84993,large_airport
ELLX,LUX,Luxembourg-Findel International Airport,Luxembourg,LU,49.626845,6.212134,large_airport
ENAL,AES,Ålesund Airport,Ålesund,NO,62.560443,6.110845,large_airport
ENAN,ANX,"Andøya Airport, Andenes",Andenes,NO,69.295193,16.139379,medium_airport
ENAT,ALF,Alta Airport,Alta,NO,69.976097,23.3717,medium_airport
ENBL,FDE,"Førde Airport, Bringeland",Førde,NO,61.391102,5.75694,small_airport
ENBN,BNN,"Brønnøysund Airport, Brønnøy",Brønnøy,NO,65.461098,12.2175,medium_airport
ENBO,BOO,Bodø Airport,Bodø,NO,67.269203,14.3653,large_airport
ENBR,BGO,"Bergen Airport, Flesland",Bergen,NO,60.2934,5.21814,large_airport
ENBS,BJF,Båtsfjord Airport,Båtsfjord,NO,70.60025,29.692612,medium_airport
ENBV,BVG,Berlevåg Airport,Berlevåg,NO,70.871517,29.034097,medium_airport
ENCN,KRS,Kristiansand Airport,Kristiansand(Kjevik),NO,58.204201,8.08537,large_airport
ENDU,BDU,Bardufoss Airport,Målselv,NO,69.055801,18.5404,medium_airport
ENEV,EVE,Harstad/Narvik Airport,Evenes,NO,68.491302,16.678101,large_airport
ENFL,FRO,Florø Airport,Florø,NO,61.583599090576,5.0247201919556,medium_airport
ENGM,OSL,Oslo-Gardermoen International Airport,Oslo (Gardermoen),NO,60.193901,11.1004,large_airport
ENHD,HAU,"Haugesund Airport, Karmøy",Karmøy,NO,59.345299,5.20836,medium_airport
ENHF,HFT,Hammerfest Airport,Hammerfest,NO,70.679703,23.6686,medium_airport
ENHK,HAA,Hasvik Airport,Hasvik,NO,70.486702,22.1397,small_airport
ENHV,HVG,"Honningsvåg Airport, Valan",Honningsvåg,NO,71.009697,25.983601,medium_airport
ENKB,KSU,"Kristiansund Airport, Kvernberget",Kvernberget,NO,63.111801,7.82452,medium_airport
ENKR,KKN,"Kirkenes Airport, Høybuktmoen",Kirkenes,NO,69.7258,29.8913,medium_airport
ENLK,LKN,Leknes Airport,Leknes,NO,68.152496337891,13.609399795532,medium_airport
ENMH,MEH,Mehamn Airport,Mehamn,NO,71.029701,27.8267,medium_airport
ENML,MOL,"Molde Airport, Årø",Årø,NO,62.744701,7.2625,medium_airport
ENMS,MJF,"Mosjøen Airport, Kjærstad",Mosjøen,NO,65.783997,13.2149,medium_airport
ENNA,LKL,"Lakselv Airport, Banak",Lakselv,NO,70.068802,24.973499,medium_airport
ENNM,OSY,Namsos Airport,Namsos,NO,64.472198,11.5786,small_airport
ENOL,OLA,Ørland Airport,Ørland,NO,63.69889831542969,9.604000091552734,medium_airport
ENOV,HOV,"Ørsta-Volda Airport, Hovden",Ørsta,NO,62.180000305176,6.0741000175476,medium_airport
ENRA,MQN,"Mo i Rana Airport, Røssvoll",Mo i Rana,NO,66.363899230957,14.301400184631,medium_airport
ENRM,RVK,"Rørvik Airport, Ryum",Rørvik,NO,64.838302612305,11.14610004425,medium_airport
ENRO,RRS,Røros Airport,Røros,NO,62.578399658203,11.342300415039,medium_airport
ENRS,RET,Røst Airport,Røst,NO,67.526482,12.101575,small_airport
ENSB,LYR,"Svalbard Airport, Longyear",Longyearbyen,NO,78.246101,15.4656,medium_airport
ENSD,SDN,"Sandane Airport, Anda",Sandane,NO,61.830002,6.10583,small_airport
ENSG,SOG,"Sogndal Airport, Haukåsen",Sogndal,NO,61.156101,7.13778,small_airport
ENSH,SVJ,"Svolvær Airport, Helle",Svolvær,NO,68.243301,14.6692,medium_airport
ENSK,SKN,"Stokmarknes Airport, Skagen",Hadsel,NO,68.578827,15.033417,medium_airport
ENSO,SRP,"Stord Airport, Sørstokken",Leirvik,NO,59.791901,5.34085,medium_airport
ENSR,SOJ,Sørkjosen Airport,Sørkjosen,NO,69.786797,20.9594,medium_airport
ENSS,VAW,"Vardø Airport, Svartnes",Vardø,NO,70.3554,31.044901,medium_airport
ENST,SSJ,"Sandnessjøen Airport, Stokka",Alstahaug,NO,65.956802,12.4689,medium_airport
ENTC,TOS,Tromsø Airport,Tromsø,NO,69.683296,18.9189,large_airport
ENTO,TRF,"Sandefjord Airport, Torp",Sandefjord(Torp),NO,59.186699,10.2586,large_airport
ENVA,TRD,"Trondheim Airport, Værnes",Trondheim,NO,63.457802,10.924,large_airport
ENVD,VDS,Vadsø Airport,Vadsø,NO,70.0653,29.8447,medium_airport
ENZV,SVG,"Stavanger Airport, Sola",Stavanger,NO,58.876701,5.63778,large_airport
EPBY,BZG,Ignacy Jan Paderewski Bydgoszcz Airport,Bydgoszcz,PL,53.096802,17.977699,medium_airport
EPGD,GDN,Gdańsk Lech Wałęsa Airport,Gdańsk,PL,54.377602,18.4662,large_airport
EPKK,KRK,Kraków John Paul II International Airport,Balice,PL,50.077702,19.7848,large_airport
EPKT,KTW,Katowice Wojciech Korfanty International Airport,Katowice,PL,50.476015,19.080705,large_airport
EPLB,LUZ,Lublin Airport,Lublin,PL,51.240157,22.713461,large_airport
EPLL,LCJ,Łódź Władysław Reymont Airport,Łódź,PL,51.721901,19.3981,large_airport
EPMO,WMI,Warsaw Modlin Airport,Nowy Dwór Mazowiecki,PL,52.451099,20.6518,large_airport
EPPO,POZ,Poznań-Ławica Airport,Poznań,PL,52.421598,16.823359,large_airport
EPRA,RDO,Warsaw Radom Airport,Radom,PL,51.38937,21.214742,medium_airport
EPRZ,RZE,Rzeszów-Jasionka Airport,Jasionka,PL,50.109791,22.024155,large_airport
EPSC,SZZ,Solidarity Szczecin–Goleniów Airport,Szczecin(Glewice),PL,53.584702,14.9022,large_airport
EPSY,SZY,Olsztyn-Mazury Airport,Szymany,PL,53.481899,20.9377,medium_airport
EPWA,WAW,Warsaw Chopin Airport,Warsaw,PL,52.165699,20.9671,large_airport
EPWR,WRO,Copernicus Wrocław Airport,Wrocław,PL,51.103719,16.882096,large_airport
EPZG,IEG,Zielona Góra-Babimost Airport,Nowe Kramsko,PL,52.1385,15.7986,medium_airport
ESDF,RNB,Ronneby Airport,Ronneby,SE,56.266701,15.265,medium_airport
ESGG,GOT,Göteborg Landvetter Airport,Göteborg,SE,57.6628,12.2798,large_airport
ESGJ,JKG,Jönköping Airport,Jönköping,SE,57.757598876953125,14.068699836730957,medium_airport
ESGT,THN,Trollhättan-Vänersborg Airport,Trollhättan,SE,58.31809997558594,12.345000267028809,medium_airport
ESKM,MXX,Mora Airport,Mora,SE,60.957901,14.5114,medium_airport
ESKN,NYO,Stockholm Skavsta Airport,Nyköping,SE,58.789656,16.911479,large_airport
ESKS,SCR,Scandinavian Mountains Airport,Malung-Sälen,SE,61.16508,12.83352,large_airport
ESMQ,KLR,Kalmar Airport,Kalmar,SE,56.685501,16.2876,medium_airport
ESMS,MMX,Malmö Sturup Airport,Malmö,SE,55.535564,13.376327,large_airport
ESMT,HAD,Halmstad Airport,Halmstad,SE,56.69110107421875,12.820199966430664,medium_airport
ESMX,VXO,Växjö Kronoberg Airport,Växjö,SE,56.929100036621094,14.727999687194824,medium_airport
ESND,EVG,Sveg Airport,Sveg,SE,62.047798,14.4229,small_airport
ESNG,GEV,Gällivare Airport,Gällivare,SE,67.13240051269531,20.814599990844727,medium_airport
ESNK,KRF,Kramfors-Sollefteå Höga Kusten Airport,Nyland,SE,63.048599,17.7689,medium_airport
ESNL,LYC,Lycksele Airport,Lycksele,SE,64.548302,18.7162,medium_airport
ESNN,SDL,Sundsvall-Härnösand Airport,Sundsvall/ Härnösand,SE,62.528099060058594,17.443899154663086,medium_airport
ESNO,OER,Örnsköldsvik Airport,Örnsköldsvik,SE,63.40829849243164,18.989999771118164,medium_airport
ESNQ,KRN,Kiruna Airport,Kiruna,SE,67.821999,20.3368,large_airport
ESNS,SFT,Skellefteå Airport,Skellefteå,SE,64.62480163574219,21.076900482177734,medium_airport
ESNU,UME,Umeå Airport,Umeå,SE,63.791801,20.282801,large_airport
ESNV,VHM,Vilhelmina South Lapland Airport,Vilhelmina,SE,64.579102,16.833599,medium_airport
ESNX,AJR,Arvidsjaur Airport,Arvidsjaur,SE,65.59030151367188,19.28190040588379,medium_airport
ESNZ,OSD,Åre Östersund Airport,Östersund,SE,63.193546,14.504168,medium_airport
ESOE,ORB,Örebro Airport,Örebro,SE,59.22370147705078,15.038000106811523,medium_airport
ESOH,HFS,Hagfors Airport,Råda,SE,60.0201,13.5789,small_airport
ESOK,KSD,Karlstad Airport,Karlstad,SE,59.444698,13.3374,medium_airport
ESOW,VST,Stockholm Västerås Airport,Stockholm / Västerås,SE,59.589401,16.6336,large_airport
ESPA,LLA,Luleå Airport,Luleå,SE,65.5438,22.122,large_airport
ESSA,ARN,Stockholm-Arlanda Airport,Stockholm,SE,59.64849,17.928829,large_airport
ESSB,BMA,Stockholm-Bromma Airport,Stockholm,SE,59.354401,17.9417,medium_airport
ESSD,BLE,Dala Airport,Borlange,SE,60.422001,15.5152,medium_airport
ESSL,LPI,Linköping City Airport,Linköping,SE,58.404909,15.684499,large_airport
ESSP,NRK,Norrköping Airport,Norrköping,SE,58.586299896240234,16.250600814819336,medium_airport
ESST,TYF,Torsby Airport,Torsby,SE,60.1576,12.9913,medium_airport
ESSV,VBY,Visby Airport,Visby,SE,57.6628,18.346201,large_airport
ESTA,AGH,Ängelholm-Helsingborg Airport,Ängelholm,SE,56.29610061645508,12.847100257873535,medium_airport
ESUP,PJA,Pajala Airport,Pajala,SE,67.244569,23.074894,small_airport
ESUT,HMV,Hemavan Airport,Hemavan,SE,65.806099,15.0828,small_airport
ET-SHC,SHC,Shire Inda Selassie Airport,Shire Inda Selassie,ET,14.075699,38.273592,small_airport
ETMN,FCN,Sea-Airport Cuxhaven/Nordholz / Nordholz Naval Airbase,Wurster Nordseeküste,DE,53.767689,8.659201,medium_airport
ETNL,RLG,Rostock-Laage Airport,Laage,DE,53.918201,12.2783,medium_airport
EVRA,RIX,Riga International Airport,Riga,LV,56.920752,23.970711,large_airport
EYKA,KUN,Kaunas International Airport,Kaunas,LT,54.963965,24.08582,large_airport
EYPA,PLQ,Palanga International Airport,Palanga,LT,55.973202,21.093901,large_airport
EYVI,VNO,Vilnius International Airport,Vilnius,LT,54.634102,25.285801,large_airport
FABL,BFN,Bram Fischer International Airport,Bloemfontein,ZA,-29.092699,26.302401,large_airport
FACT,CPT,Cape Town International Airport,Cape Town,ZA,-33.97403,18.604333,large_airport
FAEL,ELS,King Phalo Airport,East London,ZA,-33.035599,27.825899,large_airport
FAGG,GRJ,George Airport,George,ZA,-34.0056,22.378902,large_airport
FAHT,HDS,Eastgate Airport / Air Force Base Hoedspruit,Hoedspruit,ZA,-24.361864,31.052921,medium_airport
FAKM,KIM,Kimberley Airport,Kimberley,ZA,-28.805401,24.764872,large_airport
FAKN,MQP,Kruger Mpumalanga International Airport,Mbombela,ZA,-25.383327,31.105325,large_airport
FALA,HLA,Lanseria International Airport,Johannesburg,ZA,-25.938964,27.926642,large_airport
FALE,DUR,King Shaka International Airport,Durban,ZA,-29.6144444444,31.1197222222,large_airport
FAMG,MGH,Margate Airport,Margate,ZA,-30.8574008942,30.343000412,medium_airport
FAMM,MBD,Mmabatho International Airport,Mafeking,ZA,-25.798400878900004,25.548000335699996,medium_airport
FAMU,MZQ,Mkuze Airport,Mkuze,ZA,-27.626101,32.0443,medium_airport
FAOR,JNB,O.R. Tambo International Airport,Johannesburg,ZA,-26.140081,28.246801,large_airport
FAPE,PLZ,Chief Dawid Stuurman International Airport,Gqeberha (Port Elizabeth),ZA,-33.989715,25.617353,large_airport
FAPH,PHW,Hendrik Van Eck Airport,Phalaborwa,ZA,-23.937200546299998,31.1553993225,medium_airport
FAPI,,Pietersburg Municipal Airport,Polokwane,ZA,-23.9261,29.4844,medium_airport
FAPM,PZB,Pietermaritzburg Airport,Pietermaritzburg,ZA,-29.649000167799997,30.3987007141,medium_airport
FAPP,PTG,Polokwane International Airport,Polokwane,ZA,-23.845269,29.458615,large_airport
FARB,RCB,Richards Bay Airport,Richards Bay,ZA,-28.740999221800003,32.0920982361,medium_airport
FASS,SIS,Sishen Airport,Sishen,ZA,-27.6486,22.9993,medium_airport
FASZ,SZK,Skukuza Airport,Skukuza,ZA,-24.96085,31.588587,medium_airport
FAUP,UTN,Upington Airport,Upington,ZA,-28.400246,21.263592,medium_airport
FAUT,UTT,K. D. Matanzima Airport,Mthatha,ZA,-31.546363184900002,28.6733551025,medium_airport
FBFT,FRW,Phillip Gaonwe Matante International Airport,Francistown,BW,-21.159183,27.468826,large_airport
FBKE,BBK,Kasane International Airport,Kasane,BW,-17.831653,25.166195,large_airport
FBMN,MUB,Maun International Airport,Maun,BW,-19.970491,23.431409,large_airport
FBSK,GBE,Sir Seretse Khama International Airport,Gaborone,BW,-24.555201,25.9182,large_airport
FBSW,SWX,Shakawe Airport,Shakawe,BW,-18.373899459838867,21.832599639892578,small_airport
FCBB,BZV,Maya-Maya International Airport,Brazzaville,CG,-4.2517,15.253,large_airport
FCPP,PNR,Antonio Agostinho-Neto International Airport,Pointe Noire,CG,-4.81603,11.8866,large_airport
FDSK,SHO,King Mswati III International Airport,Mpaka,SZ,-26.358611,31.716944,large_airport
FEFF,BGF,Bangui M'Poko International Airport,Bangui,CF,4.39848,18.518801,large_airport
FGAB,NBN,Annobón Airport,San Antonio de Palé,GQ,-1.408615,5.624163,small_airport
FGBT,BSG,Bata International Airport,Bata,GQ,1.90547,9.80568,large_airport
FGMY,GEM,President Obiang Nguema International Airport,Mengomeyén,GQ,1.676437,11.024904,medium_airport
FGSL,SSG,Malabo International Airport,Malabo,GQ,3.75527,8.70872,large_airport
FHAW,ASI,RAF Ascension Island,Cat Hill,SH,-7.970179,-14.392744,medium_airport
FHSH,HLE,Saint Helena International Airport,Jamestown,SH,-15.958898,-5.646066,medium_airport
FIMP,MRU,Sir Seewoosagur Ramgoolam International Airport,Plaine Magnien,MU,-20.430201,57.683601,large_airport
FIMR,RRG,Sir Charles Gaetan Duval Airport,Port Mathurin,MU,-19.756696,63.359326,medium_airport
FKKD,DLA,Douala International Airport,Douala,CM,4.00608,9.71948,large_airport
FKKL,MVR,Salak Airport,Maroua,CM,10.451399803161621,14.257399559020996,medium_airport
FKKN,NGE,N'Gaoundéré Airport,N'Gaoundéré,CM,7.3570098876953125,13.559200286865234,medium_airport
FKKR,GOU,Garoua International Airport,Garoua,CM,9.334785,13.372129,large_airport
FKYS,NSI,Yaoundé Nsimalen International Airport,Yaoundé,CM,3.72256,11.5533,large_airport
FLKS,KAA,Kasama Airport,Kasama,ZM,-10.210169,31.123045,small_airport
FLLI,LVI,Harry Mwanga Nkumbula International Airport,Livingstone,ZM,-17.821524,25.819642,large_airport
FLLS,LUN,Kenneth Kaunda International Airport,Lusaka,ZM,-15.330833,28.452722,large_airport
FLMF,MFU,Mfuwe International Airport,Mfuwe,ZM,-13.2589,31.9366,large_airport
FLSK,NLA,Simon Mwansa Kapwepwe International Airport,Ndola,ZM,-12.96513,28.515624,large_airport
FLSW,SLI,Solwesi Airport,Solwesi,ZM,-12.173700332641602,26.365100860595703,small_airport
FMCH,HAH,Prince Said Ibrahim International Airport,Moroni,KM,-11.5337,43.2719,large_airport
FMCV,AJN,Ouani Airport,Ouani,KM,-12.131047,44.430044,medium_airport
FMCZ,DZA,Dzaoudzi Pamandzi International Airport,Dzaoudzi,YT,-12.809319,45.281815,large_airport
FMEE,RUN,Roland Garros Airport,Sainte-Marie,RE,-20.890087,55.518894,large_airport
FMEP,ZSE,Saint-Pierre Pierrefonds Airport,Saint-Pierre,RE,-21.319362,55.422506,large_airport
FMMI,TNR,Ivato International Airport,Antananarivo,MG,-18.7969,47.478802,large_airport
FMMS,SMS,Sainte Marie Airport,Vohilava,MG,-17.093901,49.8158,medium_airport
FMMT,TMM,Toamasina Ambalamanasy Airport,Toamasina,MG,-18.113537,49.392262,large_airport
FMMU,WTA,Tambohorano Airport,Tambohorano,MG,-17.476101,43.972801,small_airport
FMMV,MOQ,Morondava Airport,Morondava,MG,-20.2847,44.3176,medium_airport
FMNA,DIE,Arrachart Airport,Antisiranana,MG,-12.3494,49.291698,medium_airport
FMNM,MJN,Amborovy Airport,Mahajanga,MG,-15.666842,46.351233,large_airport
FMNN,NOS,Nosy Be International Airport,Nosy Be,MG,-13.3121,48.3148,large_airport
FMNO,DWB,Soalala Airport,Soalala,MG,-16.10169,45.358837,small_airport
FMNQ,BPY,Besalampy Airport,Besalampy,MG,-16.74453,44.482484,medium_airport
FMNR,WMN,Maroantsetra Airport,Maroantsetra,MG,-15.437742,49.689081,medium_airport
FMNS,SVB,Sambava Airport,Sambava,MG,-14.2786,50.174702,medium_airport
FMNT,TTS,Tsaratanana Airport,Tsaratanana,MG,-16.751064,47.619016,small_airport
FMSD,FTU,Tôlanaro Airport,Tôlanaro,MG,-25.038099,46.9561,medium_airport
FMSM,MNJ,Mananjary Airport,Mananjary,MG,-21.201799,48.358299,medium_airport
FMST,TLE,Toliara Airport,Toliara,MG,-23.3834,43.7285,medium_airport
FNBC,SSY,Mbanza Congo Airport,Mbanza Congo,AO,-6.269899845123291,14.246999740600586,medium_airport
FNBJ,NBJ,Dr. Antonio Agostinho Neto International Airport,Luanda (Ícolo e Bengo),AO,-9.050734,13.499078,large_airport
FNCA,CAB,Cabinda Airport,Cabinda,AO,-5.59839,12.188145,medium_airport
FNCT,CBT,Catumbela Airport,Catumbela,AO,-12.4792,13.4869,medium_airport
FND,FND,Funadhoo Airport,Funadhoo,MV,6.162443,73.28752,small_airport
FNDU,DUE,Dundo Airport,Chitato,AO,-7.400889873504639,20.818500518798828,medium_airport
FNGI,VPE,Ngjiva Pereira Airport,Ngiva,AO,-17.0435009003,15.683799743700002,medium_airport
FNHU,NOV,Albano Machado Airport,Huambo,AO,-12.8089,15.7605,medium_airport
FNLU,LAD,Quatro de Fevereiro International Airport,Luanda,AO,-8.85837,13.2312,large_airport
FNMA,MEG,Malanje Airport,Malanje,AO,-9.525090217590332,16.312400817871094,medium_airport
FNME,SPP,Menongue Airport,Menongue,AO,-14.657600402832031,17.71980094909668,medium_airport
FNMO,MSZ,Welwitschia Mirabilis International Airport,Moçâmedes,AO,-15.2612,12.1468,medium_airport
FNNG,GXG,Negage Airport,Negage,AO,-7.754509925842285,15.287699699401855,medium_airport
FNSO,SZA,Soyo Airport,Soyo,AO,-6.141089916229248,12.371800422668457,medium_airport
FNUB,SDD,Lubango Mukanka International Airport,Lubango,AO,-14.924839,13.576653,medium_airport
FOGO,OYE,Oyem Airport,Oyem,GA,1.5431100130081177,11.581399917602539,medium_airport
FOOG,POG,Port Gentil International Airport,Port Gentil,GA,-0.711739,8.75438,large_airport
FOOK,MKU,Makokou Airport,Makokou,GA,0.5792109966278076,12.890899658203125,medium_airport
FOOL,LBV,Libreville Leon M'ba International Airport,Libreville,GA,0.458951,9.41214,large_airport
FOON,MVB,M'Vengue El Hadj Omar Bongo Ondimba International Airport,Franceville,GA,-1.65616,13.438,medium_airport
FPPR,PCP,Principe Airport,São Tomé & Príncipe,ST,1.661155,7.411081,medium_airport
FPST,TMS,São Tomé International Airport,São Tomé,ST,0.378175,6.71215,large_airport
FQBR,BEW,Beira International Airport,Beira,MZ,-19.7964,34.9076,large_airport
FQCH,VPY,Chimoio Airport,Chimoio,MZ,-19.15130043029785,33.42900085449219,medium_airport
FQIN,INH,Inhambane Airport,Inhambane,MZ,-23.8764,35.408501,medium_airport
FQLC,VXC,Lichinga Airport,Lichinga,MZ,-13.274,35.2663,medium_airport
FQMA,MPM,Maputo Airport,Maputo,MZ,-25.920799,32.572601,large_airport
FQNC,MNC,Nacala International Airport,Nacala,MZ,-14.4882,40.7122,medium_airport
FQNP,APL,Nampula Airport,Nampula,MZ,-15.1056,39.281799,large_airport
FQPB,POL,Pemba Airport,Pemba,MZ,-12.993302,40.524867,medium_airport
FQQL,UEL,Quelimane Airport,Quelimane,MZ,-17.855499267578125,36.86909866333008,medium_airport
FQTT,TET,Tete Airport,Tete,MZ,-16.104799,33.640202,large_airport
FQVL,VNX,Vilankulo Airport,Vilanculo,MZ,-22.018400192260742,35.31330108642578,medium_airport
FQXA,VJB,Xai-Xai Chongoene Airport,Xai-Xai,MZ,-24.892909,33.753024,small_airport
FSAL,,Alphonse Airport,Alphonse Island,SC,-7.00478,52.7262,small_airport
FSIA,SEZ,Seychelles International Airport,Victoria,SC,-4.67434,55.521801,large_airport
FSPP,PRI,Praslin Island Airport,Praslin Island,SC,-4.319256,55.691561,medium_airport
FTTJ,NDJ,N'Djamena International Airport,N'Djamena,TD,12.1337,15.034,large_airport
FVBU,BUQ,Joshua Mqabuko Nkomo International Airport,Bulawayo,ZW,-20.016284,28.622897,large_airport
FVFA,VFA,Victoria Falls International Airport,Victoria Falls,ZW,-18.097437,25.836867,large_airport
FVHA,HRE,Robert Gabriel Mugabe International Airport,Harare,ZW,-17.931801,31.0928,large_airport
FVKB,KAB,Kariba Airport,Kariba,ZW,-16.5198,28.885,medium_airport
FWCL,BLZ,Chileka International Airport,Blantyre,MW,-15.677189,34.972319,large_airport
FWKI,LLW,Kamuzu International Airport,Lumbadzi,MW,-13.7894,33.780998,large_airport
FXMM,MSU,Moshoeshoe I International Airport,Maseru(Mazenod),LS,-29.456277,27.554456,large_airport
FYHI,HAL,Halali Airport,Halali,NA,-19.0285,16.4585,small_airport
FYKM,MPA,Katima Mulilo Airport,Mpacha,NA,-17.634258,24.176688,medium_airport
FYLZ,LUD,Luderitz Airport,Luderitz,NA,-26.687400817871094,15.242899894714355,medium_airport
FYNG,,Ongava Lodge Airstrip,Ombika,NA,-19.328533,15.915003,small_airport
FYOA,OND,Ondangwa Airport,Ondangwa,NA,-17.878201,15.9526,medium_airport
FYOG,OMD,Oranjemund Airport,Oranjemund,NA,-28.585318,16.44638,medium_airport
FYRU,NDU,Rundu Airport,Rundu,NA,-17.956499,19.7194,medium_airport
FYTF,,Twyfelfontein Airport,Twyfelfontein,NA,-20.54424,14.35879,medium_airport
FYWB,WVB,Walvis Bay International Airport,Walvis Bay(Rooikop),NA,-22.979332,14.647102,large_airport
FYWE,ERS,Eros Airport,Windhoek,NA,-22.60492,17.079002,medium_airport
FYWH,WDH,Hosea Kutako International Airport,Windhoek,NA,-22.4799,17.4709,large_airport
FZAA,FIH,Ndjili International Airport,Kinshasa,CD,-4.38575,15.4446,large_airport
FZBA,INO,Inongo Airport,Inongo,CD,-1.94722,18.285801,small_airport
FZBO,FDU,Bandundu Airport,Bandundu,CD,-3.31132,17.381701,medium_airport
FZCA,KKW,Kikwit Airport,Kikwit,CD,-5.03577,18.785601,medium_airport
FZEA,MDK,Mbandaka Airport,Mbandaka,CD,0.0226000007242,18.2887001038,medium_airport
FZFD,BDT,Gbadolite Airport,Gbadolite,CD,4.252745,20.975271,medium_airport
FZFK,GMA,Gemena Airport,Gemena,CD,3.23537,19.771299,medium_airport
FZGN,BNB,Boende Airport,Boende,CD,-0.286652,20.883551,small_airport
FZIC,FKI,Bangoka International Airport,Kisangani,CD,0.481639,25.337999,large_airport
FZJH,IRP,Matari Airport,Isiro,CD,2.82761,27.588301,medium_airport
FZKA,BUX,Bunia Airport,Bunia,CD,1.565743,30.220685,medium_airport
FZNA,GOM,Goma International Airport,Goma,CD,-1.666758,29.238037,large_airport
FZOA,KND,Kindu Airport,Kindu,CD,-2.91917991638,25.915399551399997,medium_airport
FZQA,FBM,Lubumbashi International Airport,Lubumbashi,CD,-11.591494,27.530753,large_airport
FZQM,KWZ,Kolwezi Airport,Kolwezi,CD,-10.7659,25.505699,medium_airport
FZRF,FMI,Kalemie Airport,Kalemie,CD,-5.87556,29.25,medium_airport
FZSB,KMN,Kamina City Airport,Kamina,CD,-8.728878,24.991407,small_airport
FZUA,KGA,Kananga Airport,Kananga,CD,-5.90005,22.4692,medium_airport
FZVJ,,Tshumbe Airport,Tshumbe,CD,-4.039285,24.365616,small_airport
FZVS,PFR,Ilebo Airport,Ilebo,CD,-4.329919,20.590124,small_airport
FZWA,MJM,Mbuji Mayi Airport,Mbuji Mayi,CD,-6.121240139010001,23.569000244099996,medium_airport
GA-GAX,GAX,Gamba Airport,Gamba,GA,-2.785278,10.047222,small_airport
GABS,BKO,Modibo Keita International Airport,Bamako,ML,12.5335,-7.94994,large_airport
GAGO,GAQ,Gao International Airport,Gao,ML,16.248466,-0.005389,medium_airport
GAKY,KYS,Kayes Dag Dag Airport,Kayes,ML,14.482521,-11.399335,medium_airport
GAMB,MZI,Mopti Airport,Sévaré,ML,14.5128,-4.07956,medium_airport
GATB,TOM,Tombouktou Airport,Timbuktu,ML,16.730499,-3.00758,large_airport
GB-FOA,FOA,Foula Airfield,Foula,GB,60.121916,-2.053439,small_airport
GBYD,BJL,Banjul International Airport,Banjul (Yundum),GM,13.338,-16.652201,large_airport
GCFV,FUE,Fuerteventura Airport,El Matorral,ES,28.4527,-13.8638,large_airport
GCGM,GMZ,La Gomera Airport,"Alajero, La Gomera Island",ES,28.0296,-17.2146,small_airport
GCHI,VDE,El Hierro Airport,El Hierro Island,ES,27.8148,-17.8871,medium_airport
GCLA,SPC,La Palma Airport,"Sta Cruz de la Palma, La Palma Island",ES,28.626499,-17.7556,medium_airport
GCLP,LPA,Gran Canaria Airport,Gran Canaria Island,ES,27.9319,-15.3866,large_airport
GCRR,ACE,César Manrique-Lanzarote Airport,San Bartolomé,ES,28.945499,-13.6052,large_airport
GCTS,TFS,Tenerife Sur Airport,Tenerife,ES,28.0445,-16.5725,large_airport
GCXO,TFN,Tenerife Norte-Ciudad de La Laguna Airport,Tenerife,ES,28.482752,-16.341707,large_airport
GEML,MLN,Melilla Airport,Melilla,ES,35.2798,-2.95626,medium_airport
GFLL,FNA,Lungi International Airport,Freetown (Lungi-Town),SL,8.61644,-13.1955,large_airport
GGOV,OXB,Osvaldo Vieira International Airport,Bissau,GW,11.894262,-15.653596,large_airport
GL-0012,JJU,Qaqortoq Airport,Qaqortoq,GL,60.76383,-46.065001,medium_airport
GLMR,MLW,Spriggs Payne Airport,Monrovia,LR,6.28906,-10.7587,medium_airport
GLRB,ROB,Roberts International Airport,Monrovia,LR,6.23379,-10.3623,large_airport
GMAD,AGA,Al Massira Airport,Agadir (Temsia),MA,30.322478,-9.412003,large_airport
GMAT,TTA,Tan Tan Airport,Tan Tan,MA,28.447563,-11.161749,medium_airport
GMAZ,OZG,Zagora Airport,Zagora,MA,30.265788,-5.860808,large_airport
GMFB,UAR,Bouarfa Airport,Bouarfa,MA,32.514306,-1.983056,medium_airport
GMFF,FEZ,Fes Saïss International Airport,Saïss,MA,33.927299,-4.97796,large_airport
GMFK,ERH,Moulay Ali Cherif Airport,Errachidia,MA,31.9475002289,-4.39833021164,medium_airport
GMFO,OUD,Oujda Angads Airport,Ahl Angad,MA,34.789558,-1.926041,large_airport
GMMA,SMW,Smara Airport,Smara,EH,26.731987,-11.683655,medium_airport
GMMD,BEM,Beni Mellal Airport,Oulad Yaich,MA,32.401895,-6.315905,large_airport
GMME,RBA,Rabat-Salé Airport,Rabat,MA,34.051498,-6.75152,large_airport
GMMH,VIL,Dakhla Airport,Dakhla,EH,23.7183,-15.932,large_airport
GMMI,ESU,Essaouira-Mogador Airport,Essaouira,MA,31.397499,-9.68167,medium_airport
GMML,EUN,Laayoune Hassan I International Airport,El Aaiún,EH,27.142467,-13.224947,large_airport
GMMN,CMN,Mohammed V International Airport,Casablanca,MA,33.3675,-7.58997,large_airport
GMMW,NDR,Nador Al Aaroui International Airport,Al Aaroui,MA,34.9888,-3.02821,large_airport
GMMX,RAK,Marrakesh Menara Airport,Marrakesh,MA,31.604807,-8.035788,large_airport
GMMZ,OZZ,Ouarzazate International Airport,Ouarzazate,MA,30.9391,-6.90943,large_airport
GMTA,AHU,Cherif Al Idrissi Airport,Al Hoceima,MA,35.177101,-3.83952,medium_airport
GMTN,TTU,Sania Ramel Airport,Tétouan,MA,35.594299,-5.32002,large_airport
GMTT,TNG,Tangier Ibn Battuta Airport,Tangier,MA,35.731741,-5.921459,large_airport
GNU,GNU,Goodnews Airport,Goodnews,US,59.117561,-161.575241,small_airport
GOBD,DSS,Blaise Diagne International Airport,Dakar,SN,14.670878,-17.072829,large_airport
GOGG,ZIG,Ziguinchor Airport,Ziguinchor,SN,12.55559,-16.283298,medium_airport
GOGS,CSK,Cap Skirring Airport,Cap Skirring,SN,12.39533,-16.748,medium_airport
GQNO,NKC,Nouakchott–Oumtounsy International Airport,Nouakchott,MR,18.31,-15.969722,large_airport
GQPP,NDB,Nouadhibou International Airport,Nouadhibou,MR,20.932404,-17.030199,large_airport
GQPZ,OUZ,Tazadit Airport,Zouérate,MR,22.757345,-12.482228,medium_airport
GUCY,CKY,Ahmed Sékou Touré International Airport,Conakry,GN,9.57689,-13.612,large_airport
GVAC,SID,Amílcar Cabral International Airport,Espargos,CV,16.7414,-22.9494,large_airport
GVBA,BVC,Aristides Pereira International Airport,Rabil,CV,16.136499,-22.888901,large_airport
GVMA,MMO,Maio Airport,Vila do Maio,CV,15.155900001525879,-23.213699340820312,medium_airport
GVNP,RAI,Nelson Mandela International Airport,Praia,CV,14.941126,-23.484728,large_airport
GVSF,SFL,São Filipe Airport,São Filipe,CV,14.8850002289,-24.4799995422,small_airport
GVSN,SNE,Preguiça Airport,Preguiça,CV,16.588852,-24.284132,medium_airport
GVSV,VXE,Cesaria Evora International Airport,São Pedro,CV,16.833363,-25.055308,large_airport
HAAB,ADD,Addis Ababa Bole International Airport,Addis Ababa,ET,8.97789,38.799301,large_airport
HAAM,AMH,Arba Minch Airport,Arba Minch,ET,6.03939,37.5905,medium_airport
HAAX,AXU,Axum Airport,Axum,ET,14.1468,38.7728,medium_airport
HABD,BJR,Bahir Dar Airport,Bahir Dar,ET,11.6081,37.321602,medium_airport
HADC,DSE,Kombolcha Airport,Dessie,ET,11.10975,39.725911,small_airport
HADD,DEM,Dembidollo Airport,Dembidollo,ET,8.554,34.858002,small_airport
HADM,DBM,Debre Markos Airport,Debre Markos,ET,10.321501,37.741887,small_airport
HADR,DIR,Aba Tenna Dejazmach Yilma International Airport,Dire Dawa,ET,9.623549,41.855027,large_airport
HAGM,GMB,Gambela Airport,Gambela,ET,8.12876,34.563099,medium_airport
HAGN,GDQ,Gondar Airport,Azezo,ET,12.5199,37.433998,medium_airport
HAGO,GDE,Gode Airport,Gode,ET,5.93513011932,43.5786018372,medium_airport
HAHU,HUE,Humera Airport,Akwi,ET,13.83012,36.88237,small_airport
HAJJ,JIJ,Gerad Wilwal International Airport,Jijiga,ET,9.331907,42.911811,large_airport
HAJK,BCO,Jinka Airport,Jinka,ET,5.749655,36.560165,medium_airport
HAJM,JIM,Jimma Airport,Jimma,ET,7.66609001159668,36.81660079956055,medium_airport
HAKD,ABK,Kebri Dahar Airport,Kebri Dahar,ET,6.732577,44.241339,medium_airport
HALA,AWA,Hawassa International Airport,Hawassa,ET,7.100611,38.396455,large_airport
HAMK,MQX,Mekele Alula Aba Nega Airport,Mekele,ET,13.4674,39.533501,medium_airport
HAMT,MTF,Mizan Teferi Airport,Mizan Teferi,ET,6.9571,35.5547,small_airport
HASL,HIL,Shilavo Airport,Shilavo,ET,6.077545,44.763736,small_airport
HASM,SZE,Semera Airport,Semera,ET,11.7875,40.9915,small_airport
HASO,ASO,Asosa Airport,Asosa,ET,10.018500328063965,34.586299896240234,medium_airport
HATP,TIE,Tippi Airport,Tippi,ET,7.2024,35.415,small_airport
HBBA,BJM,Bujumbura Melchior Ndadaye International Airport,Bujumbura,BI,-3.32402,29.318501,large_airport
HBBE,GID,Gitega Airport,Gitega,BI,-3.417209,29.911308,medium_airport
HBBO,KRE,Kirundo Airport,Kirundo,BI,-2.544772,30.094575,small_airport
HCMF,BSA,Bender Qassim International Airport,Bosaso,SO,11.275235,49.139231,large_airport
HCMH,HGA,Egal International Airport,Hargeisa,SO,9.514082,44.083469,large_airport
HCMI,BBO,Berbera Airport,Berbera,SO,10.385035,44.936723,medium_airport
HCMM,MGQ,Aden Adde International Airport,Mogadishu,SO,2.01444,45.304699,large_airport
HCMN,BLW,Beledweyne Airport,Beledweyne,SO,4.766976,45.2388,small_airport
HCMR,GLK,Galcaio Airport,Galcaio,SO,6.78082990646,47.45470047,small_airport
HCMW,GGR,Garowe Airport,Garowe,SO,8.458474,48.568136,small_airport
HDAM,JIB,Djibouti-Ambouli Airport,Djibouti City,DJ,11.5473,43.1595,large_airport
HEAL,DBB,El Alamein International Airport,El Alamein,EG,30.924324,28.46161,large_airport
HEAR,AAC,El Arish International Airport,El Arish,EG,31.055324,33.827964,large_airport
HEAT,ATZ,Asyut International Airport,Asyut,EG,27.045962,31.01276,large_airport
HEBA,HBE,Alexandria International Airport,Alexandria,EG,30.93249,29.696437,large_airport
HEBL,ABS,Abu Simbel Airport,Abu Simbel,EG,22.375924,31.611734,medium_airport
HECA,CAI,Cairo International Airport,Cairo,EG,30.111534,31.396694,large_airport
HECP,CCE,Capital International Airport,New Cairo,EG,30.06465,31.839974,medium_airport
HEGN,HRG,Hurghada International Airport,Hurghada,EG,27.176776,33.796692,large_airport
HELX,LXR,Luxor International Airport,Luxor,EG,25.671018,32.706446,large_airport
HEMA,RMF,Marsa Alam International Airport,Marsa Alam,EG,25.555548,34.59245,large_airport
HEMM,MUH,Mersa Matruh International Airport,Marsa Matruh,EG,31.324313,27.22227,large_airport
HEPS,PSD,Port Said International Airport,Port Said,EG,31.279285,32.240582,large_airport
HESG,HMB,Suhaj International Airport,Suhaj,EG,26.342515,31.743017,large_airport
HESH,SSH,Sharm El Sheikh International Airport,Sharm El Sheikh,EG,27.977272,34.394717,large_airport
HESN,ASW,Aswan International Airport,Aswan,EG,23.961075,32.820382,large_airport
HESX,SPX,Sphinx International Airport,Al Jiza,EG,30.108179,30.895728,large_airport
HETB,TCP,Taba International Airport,Taba,EG,29.594496,34.775752,medium_airport
HHAS,ASM,Asmara International Airport,Asmara,ER,15.2919,38.910702,medium_airport
HJJJ,JUB,Juba International Airport,Juba,SS,4.87201,31.601101,large_airport
HKAM,ASV,Amboseli Airport,Ol Tukai,KE,-2.644786,37.252922,medium_airport
HKEL,EDL,Eldoret International Airport,Eldoret,KE,0.404458,35.238899,large_airport
HKJK,NBO,Jomo Kenyatta International Airport,Nairobi,KE,-1.318886,36.928233,large_airport
HKKI,KIS,Kisumu International Airport,Kisumu,KE,-0.086139,34.728901,large_airport
HKLU,LAU,Manda Airport,Lamu,KE,-2.252431,40.912892,medium_airport
HKMK,JJM,Mulika Lodge Airport,Meru-Kinna,KE,0.165083,38.195141,small_airport
HKML,MYD,Malindi International Airport,Malindi,KE,-3.22931,40.1017,medium_airport
HKMO,MBA,Moi International Airport,Mombasa,KE,-4.03483,39.5942,large_airport
HKMS,MRE,Mara Serena Lodge Airstrip,Serena,KE,-1.404588,35.008349,medium_airport
HKNL,NYK,Nanyuki Civil Airport,Gathiuru,KE,-0.062352,37.041296,medium_airport
HKNW,WIL,Nairobi Wilson Airport,Nairobi,KE,-1.32172,36.8148,medium_airport
HKWJ,WJR,Wajir Airport,Wajir,KE,1.73324,40.091599,medium_airport
HLKF,AKF,Kufra Airport,Kufra,LY,24.178699493408203,23.31399917602539,medium_airport
HLLB,BEN,Benina International Airport,Benina,LY,32.096802,20.269501,large_airport
HLLM,MJI,Mitiga International Airport,Tripoli,LY,32.89177,13.287878,large_airport
HLLQ,LAQ,Al Abraq International Airport,Al Albraq,LY,32.789036,21.954864,large_airport
HLLS,SEB,Sabha Airport,Sabha,LY,26.992452,14.466162,medium_airport
HLMS,MRA,Misrata International Airport,Misrata,LY,32.325001,15.061,small_airport
HLTD,LTD,Ghadames Airport,Ghadames,LY,30.145484,9.702095,medium_airport
HRYR,KGL,Kigali International Airport,Kigali,RW,-1.96863,30.1395,large_airport
HRZA,KME,Kamembe Airport,Kamembe,RW,-2.462239980697632,28.907899856567383,medium_airport
HSDN,DOG,Dongola Airport,Dongola,SD,19.153666,30.430069,medium_airport
HSFS,ELF,El Fasher Airport,El Fasher,SD,13.614899635314941,25.324600219726562,medium_airport
HSKA,KSL,Kassala Airport,Kassala,SD,15.387499809265137,36.328800201416016,medium_airport
HSNN,UYL,Nyala Airport,Nyala,SD,12.0535,24.9562,medium_airport
HSOB,EBD,El-Obeid Airport,El-Obeid,SD,13.1532,30.2327,medium_airport
HSPN,PZU,Port Sudan New International Airport,Port Sudan,SD,19.434558,37.234125,large_airport
HSSK,KRT,Khartoum International Airport,Khartoum,SD,15.5895,32.5532,large_airport
HSSM,MAK,Malakal International Airport,Malakal,SS,9.558739,31.651937,medium_airport
HSWW,WUU,Wau Airport,Wau,SS,7.72583,27.975,medium_airport
HTAR,ARK,Arusha Airport,Arusha,TZ,-3.3677899837493896,36.63330078125,medium_airport
HTBU,BKZ,Bukoba Airport,Bukoba,TZ,-1.332,31.8212,small_airport
HTDA,DAR,Julius Nyerere International Airport,Dar es Salaam,TZ,-6.873499,39.207288,large_airport
HTDO,DOD,Dodoma Airport,Dodoma,TZ,-6.170559,35.756036,medium_airport
HTGW,MBI,Songwe Airport,Mbeya,TZ,-8.919942,33.273981,medium_airport
HTKA,TKQ,Kigoma Airport,Kigoma,TZ,-4.8862,29.6709,small_airport
HTKJ,JRO,Kilimanjaro International Airport,Arusha,TZ,-3.427049,37.07353,large_airport
HTMA,MFA,Mafia Airport,Kilindoni,TZ,-7.917478,39.668502,small_airport
HTMT,MYW,Mtwara Airport,Mtwara,TZ,-10.336204,40.181997,medium_airport
HTMU,MUZ,Musoma Airport,Musoma,TZ,-1.503,33.8021,small_airport
HTMW,MWZ,Mwanza International Airport,Mwanza,TZ,-2.446563,32.936049,large_airport
HTSN,SEU,Seronera Airport,Seronera,TZ,-2.45806,34.822498,small_airport
HTSY,SHY,Shinyanga Airport,Shinyanga,TZ,-3.6093,33.5035,small_airport
HTTB,TBO,Tabora Airport,Tabora,TZ,-5.07639,32.833302,small_airport
HTTG,TGT,Tanga Airport,Tanga,TZ,-5.09236,39.071201,medium_airport
HTZA,ZNZ,Abeid Amani Karume International Airport,Zanzibar,TZ,-6.22202,39.224899,large_airport
HUAR,RUA,Arua Airport,Arua,UG,3.049152,30.911714,medium_airport
HUEN,EBB,Entebbe International Airport,Entebbe,UG,0.042386,32.443501,large_airport
HUGU,ULU,Gulu Airport,Gulu,UG,2.8055601119995117,32.27180099487305,medium_airport
HUSO,SRT,Soroti Airport,Soroti,UG,1.7276899814605713,33.622798919677734,medium_airport
ID-0004,,Okpahik Airstrip,Okpahik,ID,-4.697855,140.770547,small_airport
ID-0012,,Lasondre Airport,Pulau-Pulau Batu,ID,-0.01924,98.30097,small_airport
ID-0031,,Diphikin Airstrip,Binsari,ID,-4.725525,140.792284,small_airport
ID-0070,,Iwur Airstrip,Iwur,ID,-5.139139,140.717638,small_airport
ID-0080,,Kiwi Airstrip,Kiwi,ID,-4.697841,140.722425,small_airport
ID-0094,,Long Rungan Airport,Long Rungan,ID,3.598904,115.840817,small_airport
ID-0100,,Oklip Airstrip,Oklip,ID,-4.762095,140.780554,small_airport
ID-0111,,Okyap Airstrip,Okyap,ID,-4.743448,140.848267,small_airport
ID-0131,,Sape Airstrip,Sape,ID,-4.7655,140.5054,small_airport
ID-0139,FSH,Syekh Hamzah Fansyuri Airport,Singkil,ID,2.269614,97.967863,small_airport
ID-0144,,Suntamon Airport,Suntamon,ID,-4.8083,140.1715,small_airport
ID-0165,,Yapil Airstrip,Yapil,ID,-4.540447,140.565691,small_airport
ID-0178,,Awimbon Airstrip,Awimbon,ID,-5.165884,140.381568,small_airport
ID-0193,,Kubibkop Airport,Kubibkop,ID,-4.79436,140.69447,small_airport
ID-0195,,Molding Airstrip,Pegunungan Bintang,ID,-4.891004,140.74213,small_airport
ID-0196,,Tarup Airstrip,Tarup,ID,-5.097671,140.821627,small_airport
ID-0197,,Tinibil Airstrip,Pegunungan Bintang,ID,-4.824475,140.87378,small_airport
ID-0199,,Okbab Airstrip,Okbab,ID,-4.586015,140.499844,small_airport
ID-0200,,Alemson Airstrip,Alemson,ID,-4.816571,140.222819,small_airport
ID-0201,,Kotyobakon Airstrip,Pegunungan Bintang Regency,ID,-4.638376,140.654907,small_airport
ID-0202,,Mipol Airstrip,Pegunungan Bintang Regency,ID,-4.605771,140.634806,small_airport
ID-0203,,Binban Airstrip,Binban,ID,-4.585309,140.533962,small_airport
ID-0204,,Kaklup Airstrip,Kaklup,ID,-4.620771,140.531688,small_airport
ID-0205,,Maksum Airstrip,Pegunungan Bintang Regency,ID,-4.58066,140.515995,small_airport
ID-0207,,Pedam Airstrip,Pegunungan Bintang Regency,ID,-4.539485,140.462018,small_airport
ID-0208,,Dumpasik Airstrip,Dumpasik,ID,-4.455194,140.508871,small_airport
ID-0209,,Bordamban Airport,Bordamban,ID,-4.439924,140.484527,small_airport
ID-0210,,Kirimu Airstrip,Pegunungan Bintang Regency,ID,-4.464786,140.393016,small_airport
ID-0211,,Hangmata Airstrip,Hangmata,ID,-4.49226,140.657322,small_airport
ID-0277,DHX,Dhoho International Airport,Kediri,ID,-7.749527,111.946831,medium_airport
ID-0339,,Old Nabire Airport,Nabire,ID,-3.368586,135.496702,medium_airport
ID-0340,,Tabing Airport,Padang,ID,-0.874989,100.351997,medium_airport
ID-KRC,KRC,Departi Parbo Airport,Sungai Penuh,ID,-2.094042,101.47025,small_airport
ID-RKI,RKI,Mentawai Airport,Sipura Island,ID,-2.1001,99.7044,small_airport
ID-ZGP,UGU,Bilorai Airport,Bilogai,ID,-3.739503,137.031183,medium_airport
IN-0015,,Baljek Airport,,IN,25.661487579345703,90.34503936767578,small_airport
IN-0024,,Baramati Airport,Pune,IN,18.226944,74.590833,small_airport
IN-0025,AYJ,Maharshi Valmiki International Airport,Faizabad,IN,26.747736,82.163664,medium_airport
IN-0065,AVR,Amravati  Airport,Amravati,IN,20.814608,77.717765,medium_airport
IN-0107,SDW,Sindhudurg Airport,Chipi,IN,16.002552,73.529846,medium_airport
IN-0276,NMI,Navi Mumbai International Airport,Navi Mumbai,IN,18.984597,73.065253,large_airport
IN-0308,HGI,Itanagar Donyi Polo Hollongi Airport,Hollongi,IN,26.96683,93.638792,medium_airport
IN-0392,DXN,Noida International Airport,Gautam Buddha Nagar,IN,28.179868,77.611843,large_airport
IN-0393,AHA,Maa Mahamaya Airport,Ambikapur,IN,22.98753,83.19612,medium_airport
IN-JGB,JGB,Jagdalpur Airport,Jagdalpur,IN,19.074301,82.036797,small_airport
JIO,JIO,Jos Orno Imsula Airport,Tiakur,ID,-8.140683,127.909669,small_airport
JUH,JUH,Chizhou Jiuhuashan Airport,Chizhou,CN,30.7403,117.6856,small_airport
K61B,BLD,Boulder City Municipal Airport,Boulder City,US,35.947161,-114.858799,medium_airport
K74S,OTS,Anacortes Airport,Anacortes,US,48.498513,-122.662513,small_airport
KABE,ABE,Lehigh Valley International Airport,Allentown/Bethlehem,US,40.651773,-75.442797,medium_airport
KABI,ABI,Abilene Regional Airport,Abilene,US,32.4113006592,-99.68190002440001,medium_airport
KABQ,ABQ,Albuquerque International Sunport,Albuquerque,US,35.039976,-106.608925,large_airport
KABR,ABR,Aberdeen Regional Airport,Aberdeen,US,45.449100494384766,-98.42179870605469,medium_airport
KABY,ABY,Southwest Georgia Regional Airport,Albany,US,31.532946,-84.196215,medium_airport
KACK,ACK,Nantucket Memorial Airport,Nantucket,US,41.25310135,-70.06020355,medium_airport
KACT,ACT,Waco Regional Airport,Waco,US,31.611299514770508,-97.23049926757812,medium_airport
KACV,ACV,California Redwood Coast-Humboldt County Airport,Arcata/Eureka,US,40.978101,-124.109,medium_airport
KACY,ACY,Atlantic City International Airport,Atlantic City,US,39.456201,-74.577511,medium_airport
KAEX,AEX,Alexandria International Airport,Alexandria,US,31.325828,-92.546702,medium_airport
KAGS,AGS,Augusta Regional At Bush Field,Augusta,US,33.3699,-81.9645,medium_airport
KAIA,AIA,Alliance Municipal Airport,Alliance,US,42.052543,-102.803965,medium_airport
KALB,ALB,Albany International Airport,Albany,US,42.748299,-73.801697,large_airport
KALO,ALO,Waterloo Regional Airport,Waterloo,US,42.557098388671875,-92.40029907226562,medium_airport
KALS,ALS,San Luis Valley Regional Airport/Bergman Field,Alamosa,US,37.434898,-105.866997,medium_airport
KALW,ALW,Walla Walla Regional Airport,Walla Walla,US,46.09489822,-118.288002,medium_airport
KAMA,AMA,Rick Husband Amarillo International Airport,Amarillo,US,35.217857,-101.706444,medium_airport
KAOO,AOO,Altoona Blair County Airport,Altoona,US,40.296398,-78.32,medium_airport
KAPN,APN,Alpena County Regional Airport,Alpena,US,45.0780983,-83.56030273,medium_airport
KART,ART,Watertown International Airport,Watertown,US,43.991901,-76.021698,medium_airport
KASE,ASE,Aspen-Pitkin County Airport (Sardy Field),Aspen,US,39.223202,-106.869003,medium_airport
KATL,ATL,Hartsfield Jackson Atlanta International Airport,Atlanta,US,33.6367,-84.428101,large_airport
KATW,ATW,Appleton International Airport,Appleton,US,44.258515,-88.519,medium_airport
KATY,ATY,Watertown Regional Airport,Watertown,US,44.91400146,-97.15470123,medium_airport
KAUG,AUG,Augusta State Airport,Augusta,US,44.320598602299995,-69.7973022461,medium_airport
KAUS,AUS,Austin Bergstrom International Airport,Austin,US,30.197535,-97.662015,large_airport
KAVL,AVL,Asheville Regional Airport,Asheville,US,35.435488,-82.541853,medium_airport
KAVP,AVP,Wilkes-Barre/Scranton International Airport,Wilkes-Barre/Scranton,US,41.337064,-75.724232,medium_airport
KAWO,,Arlington Municipal Airport,Arlington,US,48.161448,-122.158442,medium_airport
KAZO,AZO,Kalamazoo/Battle Creek International Airport,Kalamazoo,US,42.232105,-85.549637,medium_airport
KBBG,BKG,Branson Airport,Branson,US,36.532082,-93.200544,medium_airport
KBDL,BDL,Bradley International Airport,Hartford,US,41.938555,-72.688016,large_airport
KBED,BED,Laurence G Hanscom Field,Bedford,US,42.470001,-71.289001,medium_airport
KBFD,BFD,Bradford Regional Airport,Bradford,US,41.8031005859375,-78.64009857177734,medium_airport
KBFF,BFF,Western Neb. Rgnl/William B. Heilig Airport,Scottsbluff,US,41.87400055,-103.5960007,medium_airport
KBFI,BFI,King County International Airport - Boeing Field,Seattle,US,47.527042,-122.29995,medium_airport
KBFL,BFL,Meadows Field,Bakersfield,US,35.433601,-119.056999,medium_airport
KBGM,BGM,Greater Binghamton/Edwin A Link field,Binghamton,US,42.20869827,-75.97979736,medium_airport
KBGR,BGR,Bangor International Airport,Bangor,US,44.806364,-68.826668,medium_airport
KBHB,BHB,Hancock County-Bar Harbor Airport,Bar Harbor,US,44.45000076,-68.3615036,medium_airport
KBHM,BHM,Birmingham-Shuttlesworth International Airport,Birmingham,US,33.562877,-86.750712,large_airport
KBID,BID,Block Island State Airport,Block Island,US,41.168446,-71.578631,small_airport
KBIH,BIH,Eastern Sierra Regional Airport,Bishop,US,37.3731,-118.363998,medium_airport
KBIL,BIL,Billings Logan International Airport,Billings,US,45.808932,-108.541242,medium_airport
KBIS,BIS,Bismarck Municipal Airport,Bismarck,US,46.772734,-100.746874,medium_airport
KBJC,BJC,Rocky Mountain Metropolitan Airport,Denver,US,39.908798,-105.116997,medium_airport
KBKW,BKW,Raleigh County Memorial Airport,Beaver,US,37.7873,-81.124199,medium_airport
KBLI,BLI,Bellingham International Airport,Bellingham,US,48.79280090332031,-122.53800201416016,medium_airport
KBLV,BLV,Scott AFB/Midamerica Airport,Belleville,US,38.5452,-89.835197,medium_airport
KBMI,BMI,Central Illinois Regional Airport at Bloomington-Normal,Bloomington/Normal,US,40.4771,-88.915901,medium_airport
KBNA,BNA,Nashville International Airport,Nashville,US,36.1245,-86.6782,large_airport
KBOI,BOI,Boise Air Terminal/Gowen Field,Boise,US,43.5644,-116.223,large_airport
KBOS,BOS,Boston Logan International Airport,Boston,US,42.36197,-71.0079,large_airport
KBPT,BPT,Jack Brooks Regional Airport,Beaumont/Port Arthur,US,29.9508,-94.020699,medium_airport
KBQK,BQK,Brunswick Golden Isles Airport,Brunswick,US,31.258801,-81.466499,medium_airport
KBRD,BRD,Brainerd Lakes Regional Airport,Brainerd,US,46.402861,-94.129727,medium_airport
KBRL,BRL,Southeast Iowa Regional Airport,Burlington,US,40.783199310302734,-91.12550354003906,medium_airport
KBRO,BRO,Brownsville South Padre Island International Airport,Brownsville,US,25.907238,-97.425235,medium_airport
KBTM,BTM,Bert Mooney Airport,Butte,US,45.95479965209961,-112.49700164794922,medium_airport
KBTR,BTR,Baton Rouge Metropolitan Airport,Baton Rouge,US,30.533199,-91.149597,medium_airport
KBTV,BTV,Patrick Leahy Burlington International Airport,Burlington,US,44.471901,-73.153297,medium_airport
KBUF,BUF,Buffalo Niagara International Airport,Buffalo,US,42.940498,-78.732201,large_airport
KBUR,BUR,Hollywood Burbank/Bob Hope Airport,Burbank,US,34.202834,-118.35805,large_airport
KBWI,BWI,Baltimore/Washington International Thurgood Marshall Airport,Baltimore,US,39.1754,-76.668297,large_airport
KBZN,BZN,Bozeman Yellowstone International Airport,Bozeman,US,45.778853,-111.153711,medium_airport
KCAE,CAE,Columbia Metropolitan Airport,Columbia,US,33.938172,-81.123022,medium_airport
KCAK,CAK,Akron Canton Regional Airport,Akron,US,40.916099548339844,-81.44219970703125,medium_airport
KCCR,CCR,Buchanan Field,Concord,US,37.9897,-122.056999,medium_airport
KCDC,CDC,Cedar City Regional Airport,Cedar City,US,37.70100021362305,-113.0989990234375,medium_airport
KCDR,CDR,Chadron Municipal Airport,Chadron,US,42.837601,-103.095001,medium_airport
KCEC,CEC,Jack Mc Namara Field Airport,Crescent City,US,41.778929,-124.236403,medium_airport
KCEZ,CEZ,Cortez Municipal Airport,Cortez,US,37.303001,-108.627998,medium_airport
KCGI,CGI,Cape Girardeau Regional Airport,Cape Girardeau,US,37.2253,-89.570801,medium_airport
KCHA,CHA,Chattanooga Metropolitan Airport (Lovell Field),Chattanooga,US,35.035301,-85.203796,medium_airport
KCHO,CHO,Charlottesville Albemarle Airport,Charlottesville,US,38.13859939575195,-78.4529037475586,medium_airport
KCHS,CHS,Charleston International Airport,Charleston,US,32.896159,-80.038151,large_airport
KCID,CID,The Eastern Iowa Airport,Cedar Rapids,US,41.884701,-91.7108,medium_airport
KCIU,CIU,Chippewa County International Airport,Kincheloe,US,46.242038,-84.462082,medium_airport
KCKB,CKB,North Central West Virginia Airport,Bridgeport,US,39.2966,-80.228104,medium_airport
KCLE,CLE,Cleveland Hopkins International Airport,Cleveland,US,41.411701,-81.8498,large_airport
KCLL,CLL,Easterwood Field,College Station,US,30.5886,-96.3638,medium_airport
KCLT,CLT,Charlotte Douglas International Airport,Charlotte,US,35.2140007019043,-80.94309997558594,large_airport
KCMH,CMH,John Glenn Columbus International Airport,Columbus,US,39.998001,-82.891899,large_airport
KCMI,CMI,University of Illinois Willard Airport,Savoy,US,40.039819,-88.276249,medium_airport
KCMX,CMX,Houghton County Memorial Airport,Hancock,US,47.168399810791016,-88.48909759521484,medium_airport
KCNM,CNM,Cavern City Air Terminal,Carlsbad,US,32.337501525878906,-104.26300048828125,medium_airport
KCNY,CNY,Canyonlands Regional Airport,Moab,US,38.755001,-109.754997,medium_airport
KCOD,COD,Yellowstone Regional Airport,Cody,US,44.520199,-109.024002,medium_airport
KCOS,COS,City of Colorado Springs Municipal Airport,Colorado Springs,US,38.805801,-104.700996,large_airport
KCOU,COU,Columbia Regional Airport,Columbia,US,38.8181,-92.219597,medium_airport
KCPR,CPR,Casper-Natrona County International Airport,Casper,US,42.907381,-106.461609,medium_airport
KCRP,CRP,Corpus Christi International Airport,Corpus Christi,US,27.770399,-97.501198,medium_airport
KCRQ,CLD,McClellan-Palomar Airport,Carlsbad,US,33.1283,-117.279999,medium_airport
KCRW,CRW,Yeager Airport,Charleston,US,38.3731,-81.593201,medium_airport
KCSG,CSG,Columbus Airport,Columbus,US,32.516415,-84.939602,medium_airport
KCVG,CVG,Cincinnati Northern Kentucky International Airport,Cincinnati / Covington,US,39.048801,-84.667801,large_airport
KCVN,CVN,Clovis Municipal Airport,Clovis,US,34.426594,-103.078794,medium_airport
KCVX,,Charlevoix Municipal Airport,Charlevoix,US,45.304798,-85.274803,small_airport
KCWA,CWA,Central Wisconsin Airport,Mosinee,US,44.777448,-89.670238,medium_airport
KCYS,CYS,Cheyenne Regional Jerry Olson Field,Cheyenne,US,41.155701,-104.811997,medium_airport
KDAB,DAB,Daytona Beach International Airport,Daytona Beach,US,29.18255,-81.059464,medium_airport
KDAL,DAL,Dallas Love Field,Dallas,US,32.844776,-96.847653,large_airport
KDAY,DAY,James M. Cox Dayton International Airport,Dayton,US,39.902401,-84.219398,medium_airport
KDBQ,DBQ,Dubuque Regional Airport,Dubuque,US,42.402,-90.709503,medium_airport
KDCA,DCA,Ronald Reagan Washington National Airport,Washington,US,38.8521,-77.037697,large_airport
KDDC,DDC,Dodge City Regional Airport,Dodge City,US,37.76340103149414,-99.9655990600586,medium_airport
KDEC,DEC,Decatur Airport,Decatur,US,39.834598541259766,-88.8656997680664,medium_airport
KDEN,DEN,Denver International Airport,Denver,US,39.860027,-104.673792,large_airport
KDFW,DFW,Dallas Fort Worth International Airport,Dallas-Fort Worth,US,32.896801,-97.038002,large_airport
KDHN,DHN,Dothan Regional Airport,Dothan,US,31.321300506591797,-85.44960021972656,medium_airport
KDIK,DIK,Dickinson Theodore Roosevelt Regional Airport,Dickinson,US,46.797533,-102.801905,medium_airport
KDLH,DLH,Duluth International Airport,Duluth,US,46.841873,-92.198746,medium_airport
KDOV,DOV,Dover Civil Air Terminal/Dover Air Force Base,Dover,US,39.129501,-75.466003,medium_airport
KDRO,DRO,Durango La Plata County Airport,Durango,US,37.151501,-107.753998,medium_airport
KDSM,DSM,Des Moines International Airport,Des Moines,US,41.534027,-93.656719,large_airport
KDTS,DSI,Destin Executive Airport,Destin,US,30.400101,-86.471497,medium_airport
KDTW,DTW,Detroit Metropolitan Wayne County Airport,Detroit,US,42.21377,-83.353786,large_airport
KDUJ,DUJ,DuBois Regional Airport,Dubois,US,41.17829895,-78.8986969,medium_airport
KDVL,DVL,Devils Lake Regional Airport,Devils Lake,US,48.115454,-98.908796,medium_airport
KEAR,EAR,Kearney Regional Airport,Kearney,US,40.727001,-99.006798,medium_airport
KEAT,EAT,Pangborn Memorial Airport,Wenatchee,US,47.398899,-120.207001,medium_airport
KEAU,EAU,Chippewa Valley Regional Airport,Eau Claire,US,44.86579895019531,-91.48429870605469,medium_airport
KEB,KEB,Nanwalek Airport,Nanwalek,US,59.3521,-151.925003,small_airport
KECP,ECP,Northwest Florida Beaches International Airport,Panama City Beach,US,30.357106,-85.795414,medium_airport
KEDC,,Austin Executive Airport,Pflugerville,US,30.398049,-97.566909,medium_airport
KEGE,EGE,Eagle County Regional Airport,Eagle,US,39.64260101,-106.9179993,medium_airport
KEKO,EKO,Elko Regional Airport,Elko,US,40.82490158081055,-115.79199981689453,medium_airport
KELD,ELD,South Arkansas Regional Airport at Goodwin Field,El Dorado,US,33.221001,-92.813301,medium_airport
KELM,ELM,Elmira Corning Regional Airport,Elmira/Corning,US,42.1599006652832,-76.8916015625,medium_airport
KELP,ELP,El Paso International Airport,El Paso,US,31.809908,-106.375607,large_airport
KERI,ERI,Erie International Tom Ridge Field,Erie,US,42.083127,-80.173867,medium_airport
KESC,ESC,Delta County Airport,Escanaba,US,45.723199,-87.088623,medium_airport
KEUG,EUG,Eugene Airport,Eugene,US,44.124599,-123.211998,medium_airport
KEVV,EVV,Evansville Regional Airport,Evansville,US,38.0369987488,-87.5324020386,medium_airport
KEWB,EWB,New Bedford Regional Airport,New Bedford,US,41.67610168457031,-70.95690155029297,medium_airport
KEWN,EWN,Coastal Carolina Regional Airport,New Bern,US,35.0730018616,-77.04290008539999,medium_airport
KEWR,EWR,Newark Liberty International Airport,Newark,US,40.6894,-74.170545,large_airport
KEYW,EYW,Key West International Airport,Key West,US,24.556119,-81.759579,medium_airport
KFAR,FAR,Hector International Airport,Fargo,US,46.9207,-96.815804,medium_airport
KFAT,FAT,Fresno Yosemite International Airport,Fresno,US,36.775767,-119.718018,large_airport
KFAY,FAY,Fayetteville Regional Airport - Grannis Field,Fayetteville,US,34.991199,-78.880302,medium_airport
KFHR,FRD,Friday Harbor Airport,Friday Harbor,US,48.523654,-123.024645,medium_airport
KFLG,FLG,Flagstaff Pulliam Airport,Flagstaff,US,35.139757,-111.669826,medium_airport
KFLL,FLL,Fort Lauderdale Hollywood International Airport,Fort Lauderdale,US,26.072599,-80.152702,large_airport
KFLO,FLO,Florence Regional Airport,Florence,US,34.18539810180664,-79.7238998413086,medium_airport
KFNT,FNT,Bishop International Airport,Flint,US,42.969294,-83.743355,medium_airport
KFOD,FOD,Fort Dodge Regional Airport,Fort Dodge,US,42.552624,-94.191237,medium_airport
KFSD,FSD,Sioux Falls Regional Airport,Sioux Falls,US,43.585463,-96.741152,medium_airport
KFSM,FSM,Fort Smith Regional Airport,Fort Smith,US,35.336601,-94.367401,medium_airport
KFTW,FTW,Fort Worth Meacham International Airport,Fort Worth,US,32.819919,-97.360818,medium_airport
KFWA,FWA,Fort Wayne International Airport,Fort Wayne,US,40.978896,-85.194465,medium_airport
KG-0001,,Jalal-Abad Airport,Jalal-Abad,KG,40.944401,72.977798,medium_airport
KG-0002,,Naryn Airport,Naryn,KG,41.441502,76.1306,small_airport
KG-0004,,Talas Airport,Talas,KG,42.505901,72.2631,small_airport
KG-0006,,Tamga Airport,Tamga,KG,42.153099,77.563904,small_airport
KG-0007,,Tokmok Airport,Tokmok,KG,42.828899,75.335999,small_airport
KG-0014,,Kerben Airport,Kerben,KG,41.484501,71.733704,small_airport
KG-0018,,Kyzyl-Kiya Airport,Kyzyl-Kiya,KG,40.271702,72.047096,small_airport
KGCC,GCC,Northeast Wyoming Regional Airport,Gillette,US,44.3489,-105.539001,medium_airport
KGCK,GCK,Garden City Regional Airport,Garden City,US,37.9275016785,-100.723999023,medium_airport
KGCN,GCN,Grand Canyon National Park Airport,Grand Canyon - Tusayan,US,35.9524,-112.147003,medium_airport
KGDV,GDV,Dawson Community Airport,Glendive,US,47.137658,-104.80691,medium_airport
KGEG,GEG,Spokane International Airport,Spokane,US,47.6199,-117.533997,large_airport
KGFK,GFK,Grand Forks International Airport,Grand Forks,US,47.949299,-97.176102,medium_airport
KGGG,GGG,East Texas Regional Airport,Longview,US,32.38399887084961,-94.71150207519531,medium_airport
KGGW,GGW,Glasgow Valley County Airport Wokal Field,Glasgow,US,48.212502,-106.614998,medium_airport
KGJT,GJT,Grand Junction Regional Airport,Grand Junction,US,39.126663,-108.529387,medium_airport
KGLH,GLH,Mid Delta Regional Airport,Greenville,US,33.482899,-90.985603,medium_airport
KGNV,GNV,Gainesville Regional Airport,Gainesville,US,29.6900997162,-82.2717971802,medium_airport
KGPI,FCA,Glacier Park International Airport,Kalispell,US,48.310501,-114.255997,medium_airport
KGPT,GPT,Gulfport Biloxi International Airport,Gulfport,US,30.405582,-89.069836,medium_airport
KGRB,GRB,Austin Straubel International Airport,Green Bay,US,44.483459,-88.130805,medium_airport
KGRI,GRI,Central Nebraska Regional Airport,Grand Island,US,40.967498779296875,-98.30960083007812,medium_airport
KGRK,GRK,Killeen Regional Airport / Robert Gray Army Airfield,Fort Cavazos,US,31.0672,-97.828903,medium_airport
KGRR,GRR,Gerald R. Ford International Airport,Grand Rapids,US,42.880798,-85.522797,large_airport
KGSO,GSO,Piedmont Triad International Airport,Greensboro,US,36.09937,-79.937262,large_airport
KGSP,GSP,Greenville-Spartanburg International Airport,Greenville/Greer/Spartanburg,US,34.895699,-82.218903,medium_airport
KGTF,GTF,Great Falls International Airport,Great Falls,US,47.481998,-111.371002,medium_airport
KGTR,GTR,Golden Triangle Regional Airport,Columbus/W Point/Starkville,US,33.450298,-88.5914,medium_airport
KGUC,GUC,Gunnison Crested Butte Regional Airport,Gunnison,US,38.534672,-106.934566,medium_airport
KGUP,GUP,Gallup Municipal Airport,Gallup,US,35.511653,-108.788166,medium_airport
KGX,KGX,Grayling Airport,Grayling,US,62.895187,-160.066289,small_airport
KGYY,GYY,Gary/Chicago International Airport,Gary,US,41.617087,-87.413206,medium_airport
KH-0001,DSY,Dara Sakor International Airport,Ta Noun,KH,10.914244,103.226652,large_airport
KH-0002,KTI,Techo International Airport,Phnom Penh (Boeng Khyang),KH,11.359987,104.921272,large_airport
KHDN,HDN,Yampa Valley Airport,Hayden,US,40.481201,-107.218002,medium_airport
KHGR,HGR,Hagerstown Regional Richard A Henson Field,Hagerstown,US,39.708771,-77.728014,medium_airport
KHHR,HHR,Jack Northrop Field Hawthorne Municipal Airport,Hawthorne,US,33.922798,-118.334999,medium_airport
KHIB,HIB,Range Regional Airport,Hibbing,US,47.384831,-92.836905,medium_airport
KHII,HII,Lake Havasu City Airport,Lake Havasu City,US,34.570506,-114.357745,medium_airport
KHLN,HLN,Helena Regional Airport,Helena,US,46.6068,-111.983002,medium_airport
KHOB,HOB,Lea County Regional Airport,Hobbs,US,32.6875,-103.217003,medium_airport
KHOT,HOT,Memorial Field Airport,Hot Springs,US,34.4788,-93.096262,medium_airport
KHOU,HOU,William P. Hobby Airport,Houston,US,29.645336,-95.276812,large_airport
KHPN,HPN,Westchester County Airport,White Plains,US,41.06700134277344,-73.70760345458984,medium_airport
KHRL,HRL,Valley International Airport,Harlingen,US,26.228500366210938,-97.65440368652344,medium_airport
KHRO,HRO,Boone County Airport,Harrison,US,36.26150131225586,-93.15470123291016,medium_airport
KHSV,HSV,Huntsville International Airport,Huntsville,US,34.636244,-86.774378,medium_airport
KHTS,HTS,Tri-State Airport / Milton J. Ferguson Field,Huntington,US,38.366699,-82.557999,medium_airport
KHVN,HVN,Tweed New Haven Airport,New Haven,US,41.262869,-72.887694,medium_airport
KHVR,HVR,Havre City County Airport,Havre,US,48.541387,-109.762859,medium_airport
KHXD,HHH,Hilton Head Airport,Hilton Head Island,US,32.2244,-80.697502,medium_airport
KHYA,HYA,Cape Cod Gateway Airport,Hyannis,US,41.6693,-70.280403,medium_airport
KHYS,HYS,Hays Regional Airport,Hays,US,38.844521,-99.273148,medium_airport
KIAD,IAD,Washington Dulles International Airport,Dulles,US,38.9445,-77.455803,large_airport
KIAG,IAG,Niagara Falls International Airport,Niagara Falls,US,43.1073,-78.946198,medium_airport
KIAH,IAH,George Bush Intercontinental Airport,Houston,US,29.9844,-95.3414,large_airport
KICT,ICT,Wichita Dwight D. Eisenhower National Airport,Wichita,US,37.650314,-97.428583,medium_airport
KIDA,IDA,Idaho Falls Regional Airport,Idaho Falls,US,43.514599,-112.070999,medium_airport
KILG,ILG,Wilmington Airport,Wilmington,US,39.678699,-75.606499,medium_airport
KILM,ILM,Wilmington International Airport,Wilmington,US,34.272345,-77.905117,medium_airport
KIMT,IMT,Ford Airport,Kingsford,US,45.81911,-88.114557,medium_airport
KIND,IND,Indianapolis International Airport,Indianapolis,US,39.7173,-86.294403,large_airport
KINL,INL,Falls International Airport,International Falls,US,48.566200256347656,-93.4030990600586,medium_airport
KIPL,IPL,Imperial County Airport,Imperial,US,32.83539,-115.574026,medium_airport
KIPT,IPT,Williamsport Regional Airport,Williamsport,US,41.242126,-76.92245,medium_airport
KIRK,IRK,Kirksville Regional Airport,Kirksville,US,40.09349822998047,-92.5448989868164,medium_airport
KISP,ISP,Long Island MacArthur Airport,Islip,US,40.796324,-73.101703,medium_airport
KITH,ITH,Ithaca Tompkins Regional Airport,Ithaca,US,42.49100112915039,-76.4583969116211,medium_airport
KIWA,AZA,Mesa Gateway Airport,Mesa,US,33.3078,-111.654999,medium_airport
KIWD,IWD,Gogebic Iron County Airport,Ironwood,US,46.525298,-90.131578,small_airport
KJAC,JAC,Jackson Hole Airport,Jackson,US,43.6073,-110.737999,medium_airport
KJAN,JAN,Jackson-Medgar Wiley Evers International Airport,Jackson,US,32.311199,-90.075897,medium_airport
KJAX,JAX,Jacksonville International Airport,Jacksonville,US,30.492469,-81.687813,large_airport
KJBR,JBR,Jonesboro Municipal Airport,Jonesboro,US,35.83169937133789,-90.64640045166016,medium_airport
KJFK,JFK,John F. Kennedy International Airport,New York,US,40.639447,-73.779317,large_airport
KJLN,JLN,Joplin Regional Airport,Joplin,US,37.151798,-94.498299,medium_airport
KJMS,JMS,Jamestown Regional Airport,Jamestown,US,46.92969894,-98.67819977,medium_airport
KJQF,USA,Concord-Padgett Regional Airport,Concord,US,35.387798,-80.709099,medium_airport
KJST,JST,John Murtha Johnstown Cambria County Airport,Johnstown,US,40.31610107421875,-78.83390045166016,medium_airport
KLAF,LAF,Purdue University Airport,West Lafayette,US,40.412875,-86.939363,medium_airport
KLAL,LAL,Lakeland Linder International Airport,Lakeland,US,27.989267,-82.020715,medium_airport
KLAN,LAN,Capital Region International Airport,Lansing,US,42.777582,-84.585721,medium_airport
KLAR,LAR,Laramie Regional Airport,Laramie,US,41.31209945678711,-105.67500305175781,medium_airport
KLAS,LAS,Harry Reid International Airport,Las Vegas,US,36.083361,-115.151817,large_airport
KLAW,LAW,Lawton Fort Sill Regional Airport,Lawton,US,34.567699,-98.416603,medium_airport
KLAX,LAX,Los Angeles International Airport,Los Angeles,US,33.942501,-118.407997,large_airport
KLBB,LBB,Lubbock Preston Smith International Airport,Lubbock,US,33.663601,-101.822998,medium_airport
KLBE,LBE,Arnold Palmer Regional Airport,Latrobe,US,40.275902,-79.4048,medium_airport
KLBF,LBF,North Platte Regional Airport Lee Bird Field,North Platte,US,41.12620163,-100.6839981,medium_airport
KLBL,LBL,Liberal Mid-America Regional Airport,Liberal,US,37.0442009,-100.9599991,medium_airport
KLCH,LCH,Lake Charles Regional Airport,Lake Charles,US,30.126100540161133,-93.22329711914062,medium_airport
KLCK,LCK,Rickenbacker International Airport,Columbus,US,39.813801,-82.927803,medium_airport
KLEB,LEB,Lebanon Municipal Airport,Lebanon,US,43.626098632799994,-72.30419921880001,medium_airport
KLEX,LEX,Blue Grass Airport,Lexington,US,38.035066,-84.606738,medium_airport
KLFT,LFT,Lafayette Regional Airport,Lafayette,US,30.205299,-91.987602,medium_airport
KLGA,LGA,LaGuardia Airport,New York,US,40.777199,-73.872597,large_airport
KLGB,LGB,Long Beach International Airport,Long Beach,US,33.816523,-118.149891,large_airport
KLIT,LIT,Bill & Hillary Clinton National Airport/Adams Field,Little Rock,US,34.729222,-92.223591,medium_airport
KLNK,LNK,Lincoln Airport,Lincoln,US,40.844882,-96.76178,medium_airport
KLNS,LNS,Lancaster Airport,Lancaster,US,40.121700286865234,-76.29609680175781,medium_airport
KLRD,LRD,Laredo International Airport,Laredo,US,27.5438,-99.461601,medium_airport
KLRU,LRU,Las Cruces International Airport,Las Cruces,US,32.289398,-106.921997,medium_airport
KLSE,LSE,La Crosse Regional Airport,La Crosse,US,43.879002,-91.256699,medium_airport
KLUK,LUK,Cincinnati Municipal Airport Lunken Field,Cincinnati,US,39.102357,-84.418945,medium_airport
KLWB,LWB,Greenbrier Valley Airport,Lewisburg,US,37.857914,-80.400438,medium_airport
KLWS,LWS,Lewiston Nez Perce County Airport,Lewiston,US,46.3745002746582,-117.01499938964844,medium_airport
KLYH,LYH,Lynchburg Regional Airport - Preston Glenn Field,Lynchburg,US,37.326698,-79.200401,medium_airport
KMAF,MAF,Midland International Air and Space Port,Midland,US,31.942499,-102.202003,medium_airport
KMBL,MBL,Manistee County Blacker Airport,Manistee,US,44.272707,-86.246495,small_airport
KMBS,MBS,MBS International Airport,Freeland,US,43.533181,-84.083104,medium_airport
KMCE,MCE,Merced Regional Macready Field,Merced,US,37.284698,-120.514,medium_airport
KMCI,MCI,Kansas City International Airport,Kansas City,US,39.301699,-94.713893,large_airport
KMCK,MCK,McCook Ben Nelson Regional Airport,McCook,US,40.207787,-100.592794,medium_airport
KMCN,MCN,Middle Georgia Regional Airport,Macon,US,32.69279861450195,-83.64920043945312,medium_airport
KMCO,MCO,Orlando International Airport,Orlando,US,28.429399490356445,-81.30899810791016,large_airport
KMCW,MCW,Mason City Municipal Airport,Mason City,US,43.159801,-93.329716,medium_airport
KMDT,MDT,Harrisburg International Airport,Harrisburg,US,40.192838,-76.762333,medium_airport
KMDW,MDW,Chicago Midway International Airport,Chicago,US,41.785999,-87.752403,large_airport
KMEI,MEI,Key Field / Meridian Regional Airport,Meridian,US,32.3326,-88.7519,medium_airport
KMEM,MEM,Frederick W. Smith International Airport,Memphis,US,35.043845,-89.97634,large_airport
KMFE,MFE,McAllen Miller International Airport,McAllen,US,26.176141,-98.237965,medium_airport
KMFR,MFR,Rogue Valley International-Medford Airport,Medford,US,42.374199,-122.873001,medium_airport
KMGC,MGC,Michigan City Municipal Airport,Michigan City,US,41.7033,-86.821198,medium_airport
KMGM,MGM,Montgomery Regional (Dannelly Field) Airport,Montgomery,US,32.300598,-86.393997,medium_airport
KMGW,MGW,Morgantown Municipal Airport Walter L. (Bill) Hart Field,Morgantown,US,39.643305,-79.917598,medium_airport
KMHK,MHK,Manhattan Regional Airport,Manhattan,US,39.14099884033203,-96.6707992553711,medium_airport
KMHT,MHT,Manchester-Boston Regional Airport,Manchester,US,42.932598,-71.435699,medium_airport
KMIA,MIA,Miami International Airport,Miami,US,25.796011,-80.289751,large_airport
KMKE,MKE,General Mitchell International Airport,Milwaukee,US,42.947201,-87.896599,large_airport
KMKG,MKG,Muskegon County Airport,Muskegon,US,43.169498,-86.238197,medium_airport
KMKL,MKL,McKellar-Sipes Regional Airport,Jackson,US,35.599899,-88.915604,medium_airport
KMLB,MLB,Melbourne Orlando International Airport,Melbourne,US,28.102009,-80.641088,medium_airport
KMLI,MLI,Quad City International Airport,Moline,US,41.448502,-90.5075,medium_airport
KMLU,MLU,Monroe Regional Airport,Monroe,US,32.510899,-92.037697,medium_airport
KMMH,MMH,Mammoth Yosemite Airport,Mammoth Lakes,US,37.625381,-118.84306,medium_airport
KMOB,MOB,Mobile Regional Airport,Mobile,US,30.6912,-88.242798,medium_airport
KMOT,MOT,Minot International Airport,Minot,US,48.25801,-101.279123,medium_airport
KMRY,MRY,Monterey Regional Airport,Monterey,US,36.586777,-121.844183,medium_airport
KMSL,MSL,Northwest Alabama Regional Airport,Muscle Shoals,US,34.745123,-87.612981,medium_airport
KMSN,MSN,Dane County Regional Truax Field,Madison,US,43.1399,-89.337502,medium_airport
KMSO,MSO,Missoula Montana Airport,Missoula,US,46.915816,-114.091107,medium_airport
KMSP,MSP,Minneapolis–Saint Paul International Airport / Wold–Chamberlain Field,Minneapolis,US,44.880081,-93.221741,large_airport
KMSS,MSS,Massena International Airport Richards Field,Massena,US,44.936157,-74.844304,medium_airport
KMSY,MSY,Louis Armstrong New Orleans International Airport,New Orleans,US,29.993401,-90.264673,large_airport
KMTJ,MTJ,Montrose Regional Airport,Montrose,US,38.5098,-107.893997,medium_airport
KMTP,MTP,Montauk Airport,Montauk,US,41.0765,-71.920797,small_airport
KMVY,MVY,Martha's Vineyard Airport,Martha's Vineyard,US,41.3931007385,-70.6143035889,small_airport
KMWA,MWA,Veterans Airport of Southern Illinois,Marion,US,37.751208,-89.016568,medium_airport
KMWL,MWL,Mineral Wells Regional Airport,Mineral Wells,US,32.781601,-98.060204,medium_airport
KMYL,MYL,McCall Municipal Airport,McCall,US,44.888837,-116.101112,medium_airport
KMYR,MYR,Myrtle Beach International Airport,Myrtle Beach,US,33.679699,-78.928299,large_airport
KNYL,YUM,Yuma International Airport / Marine Corps Air Station Yuma,Yuma,US,32.650938,-114.609375,medium_airport
KOAJ,OAJ,Albert J Ellis Airport,Richlands,US,34.829201,-77.612099,medium_airport
KOAK,OAK,Oakland San Francisco Bay Airport,Oakland,US,37.720085,-122.221184,large_airport
KOGD,OGD,Ogden Hinckley Airport,Ogden,US,41.195899963379,-112.0120010376,medium_airport
KOGS,OGS,Ogdensburg International Airport,Ogdensburg,US,44.6819,-75.4655,medium_airport
KOKC,OKC,OKC Will Rogers World Airport,Oklahoma City,US,35.393388,-97.598248,large_airport
KOLF,OLF,L M Clayton Airport,Wolf Point,US,48.094501,-105.574997,medium_airport
KOLM,OLM,Olympia Regional Airport,Olympia,US,46.969399,-122.903,medium_airport
KOMA,OMA,Eppley Airfield,Omaha,US,41.3032,-95.894096,large_airport
KONT,ONT,Ontario International Airport,Ontario,US,34.056,-117.600998,large_airport
KOPF,OPF,Miami-Opa Locka Executive Airport,Miami,US,25.907,-80.278397,medium_airport
KORD,ORD,Chicago O'Hare International Airport,Chicago,US,41.9786,-87.9048,large_airport
KORF,ORF,Norfolk International Airport,Norfolk,US,36.895341,-76.201,large_airport
KORH,ORH,Worcester Regional Airport,Worcester,US,42.2673,-71.875702,medium_airport
KORS,ESD,Orcas Island Airport,Eastsound,US,48.708199,-122.910004,medium_airport
KOTH,OTH,Southwest Oregon Regional Airport,North Bend,US,43.41709899902344,-124.24600219726562,medium_airport
KOWB,OWB,Owensboro Daviess County Airport,Owensboro,US,37.74010086,-87.16680145,medium_airport
KOXB,OCE,Ocean City Municipal Airport,Ocean City,US,38.310398,-75.124001,medium_airport
KPAE,PAE,Seattle Paine Field International Airport,Everett,US,47.9063,-122.281998,medium_airport
KPAH,PAH,Barkley Regional Airport,Paducah,US,37.06079864501953,-88.7738037109375,medium_airport
KPBG,PBG,Plattsburgh International Airport,Plattsburgh,US,44.650902,-73.468102,medium_airport
KPBI,DJT,President Donald J. Trump International Airport,West Palm Beach,US,26.683201,-80.095596,large_airport
KPCW,,Erie-Ottawa International Airport,Port Clinton,US,41.515647,-82.868328,medium_airport
KPDK,PDK,DeKalb Peachtree Airport,Atlanta,US,33.87633,-84.30213,medium_airport
KPDT,PDT,Eastern Oregon Regional Airport at Pendleton,Pendleton,US,45.695099,-118.841003,medium_airport
KPDX,PDX,Portland International Airport,Portland,US,45.588699,-122.598,large_airport
KPGA,PGA,Page Municipal Airport,Page,US,36.924234,-111.447716,medium_airport
KPGD,PGD,Punta Gorda Airport,Punta Gorda,US,26.9202,-81.990501,medium_airport
KPGV,PGV,Pitt-Greenville Airport,Greenville,US,35.635535,-77.384262,medium_airport
KPHF,PHF,Newport News Williamsburg International Airport,Newport News,US,37.131901,-76.492996,medium_airport
KPHL,PHL,Philadelphia International Airport,Philadelphia,US,39.871899,-75.241096,large_airport
KPHX,PHX,Phoenix Sky Harbor International Airport,Phoenix,US,33.435302,-112.005905,large_airport
KPIA,PIA,General Wayne A. Downing Peoria International Airport,Peoria,US,40.663841,-89.692631,medium_airport
KPIB,PIB,Hattiesburg Laurel Regional Airport,Moselle,US,31.4671,-89.337097,medium_airport
KPIE,PIE,St. Petersburg Clearwater International Airport,Pinellas Park,US,27.9102,-82.687401,large_airport
KPIH,PIH,Pocatello Regional Airport,Pocatello,US,42.9098014831543,-112.59600067138672,medium_airport
KPIR,PIR,Pierre Regional Airport,Pierre,US,44.38270187,-100.2860031,medium_airport
KPIT,PIT,Pittsburgh International Airport,Pittsburgh,US,40.491501,-80.232903,large_airport
KPKB,PKB,Mid Ohio Valley Regional Airport,Parkersburg (Williamstown),US,39.3451,-81.439201,medium_airport
KPLN,PLN,Pellston Regional Airport of Emmet County Airport,Pellston,US,45.57089996,-84.79669952,medium_airport
KPNS,PNS,Pensacola International Airport,Pensacola,US,30.472718,-87.186639,large_airport
KPQI,PQI,Presque Isle International Airport,Presque Isle,US,46.688999,-68.0448,medium_airport
KPRC,PRC,Prescott Regional Airport - Ernest A. Love Field,Prescott,US,34.653502,-112.419883,medium_airport
KPSC,PSC,Tri Cities Airport,Pasco,US,46.264702,-119.119003,medium_airport
KPSM,PSM,Portsmouth International Airport at Pease,Portsmouth,US,43.0779,-70.823303,medium_airport
KPSP,PSP,Palm Springs International Airport,Palm Springs,US,33.8297,-116.507004,large_airport
KPUB,PUB,Pueblo Memorial Airport,Pueblo,US,38.289101,-104.497002,medium_airport
KPUW,PUW,Pullman-Moscow Regional Airport,Pullman,US,46.741601,-117.11163,medium_airport
KPVD,PVD,Rhode Island T. F. Green International Airport,Providence/Warwick,US,41.725038,-71.425668,large_airport
KPVU,PVU,Provo Municipal Airport,Provo,US,40.218894,-111.722445,medium_airport
KPWM,PWM,Portland International Jetport,Portland,US,43.646198,-70.309303,large_airport
KR-1113,,Ulleung Airport,Ulleung-Gun (Ulleung County),KR,42.547405,116.133728,small_airport
KR-1114,,Ulleung Airport,Ulleung-Gun (Ulleung County),KR,37.455064,130.876828,small_airport
KRAP,RAP,Rapid City Regional Airport,Rapid City,US,44.0452995300293,-103.05699920654297,medium_airport
KRDD,RDD,Redding Municipal Airport,Redding,US,40.50899887,-122.2929993,medium_airport
KRDM,RDM,Roberts Field,Redmond,US,44.254101,-121.150002,medium_airport
KRDU,RDU,Raleigh-Durham International Airport,Raleigh/Durham,US,35.878659,-78.7873,large_airport
KRFD,RFD,Chicago Rockford International Airport,Chicago/Rockford,US,42.1954,-89.097198,medium_airport
KRHI,RHI,Rhinelander Oneida County Airport,Rhinelander,US,45.63119888305664,-89.46749877929688,medium_airport
KRIC,RIC,Richmond International Airport,Richmond,US,37.505199,-77.319702,large_airport
KRIW,RIW,Central Wyoming Regional Airport,Riverton,US,43.064201,-108.459999,medium_airport
KRKD,RKD,Knox County Regional Airport,Rockland,US,44.060101,-69.099197,medium_airport
KRKS,RKS,Southwest Wyoming Regional Airport,Rock Springs,US,41.5942,-109.065001,medium_airport
KRNO,RNO,Reno Tahoe International Airport,Reno,US,39.4991,-119.767998,large_airport
KROA,ROA,Roanoke–Blacksburg Regional Airport,Roanoke,US,37.3255,-79.975403,medium_airport
KROC,ROC,Frederick Douglass Greater Rochester International Airport,Rochester,US,43.1189,-77.672401,large_airport
KROW,ROW,Roswell Air Center Airport,Roswell,US,33.301601,-104.530998,medium_airport
KRST,RST,Rochester International Airport,Rochester,US,43.908298,-92.5,medium_airport
KRSW,RSW,Southwest Florida International Airport,Fort Myers,US,26.534685,-81.752816,large_airport
KRUT,RUT,Rutland - Southern Vermont Regional Airport,Rutland,US,43.5294,-72.9496,medium_airport
KSAF,SAF,Santa Fe Municipal Airport,Santa Fe,US,35.6171,-106.088997,medium_airport
KSAN,SAN,San Diego International Airport,San Diego,US,32.733601,-117.190002,large_airport
KSAT,SAT,San Antonio International Airport,San Antonio,US,29.533701,-98.469803,large_airport
KSAV,SAV,Savannah Hilton Head International Airport,Savannah,US,32.126591,-81.19998,large_airport
KSAW,MQT,Marquette/Sawyer International Airport,Gwinn,US,46.351498,-87.395884,medium_airport
KSBA,SBA,Santa Barbara Municipal Airport,Santa Barbara,US,34.426201,-119.839996,medium_airport
KSBD,SBD,San Bernardino International Airport,San Bernardino,US,34.096717,-117.236596,large_airport
KSBN,SBN,South Bend International Airport,South Bend,US,41.708304,-86.316922,medium_airport
KSBP,SBP,San Luis County Regional Airport,San Luis Obispo,US,35.236801147499996,-120.641998291,medium_airport
KSBY,SBY,Salisbury Ocean City Wicomico Regional Airport,Salisbury,US,38.34049987792969,-75.51029968261719,medium_airport
KSCK,SCK,Stockton Metropolitan Airport,Stockton,US,37.893279,-121.238079,medium_airport
KSDF,SDF,Louisville Muhammad Ali International Airport,Louisville,US,38.1706,-85.735076,large_airport
KSDY,SDY,Sidney - Richland Regional Airport,Sidney,US,47.705141,-104.194422,medium_airport
KSEA,SEA,Seattle–Tacoma International Airport,Seattle,US,47.447943,-122.310276,large_airport
KSFB,SFB,Orlando Sanford International Airport,Orlando,US,28.774277,-81.234626,large_airport
KSFO,SFO,San Francisco International Airport,San Francisco,US,37.619806,-122.374821,large_airport
KSGF,SGF,Springfield Branson National Airport,Springfield,US,37.245047,-93.388596,medium_airport
KSGJ,UST,Northeast Florida Regional Airport,St Augustine,US,29.9592,-81.339798,medium_airport
KSGU,SGU,St George Regional Airport,St George,US,37.036389,-113.510306,medium_airport
KSHD,SHD,Shenandoah Valley Regional Airport,Weyers Cave,US,38.263802,-78.8964,medium_airport
KSHR,SHR,Sheridan County Airport,Sheridan,US,44.76919937133789,-106.9800033569336,medium_airport
KSHV,SHV,Shreveport Regional Airport,Shreveport,US,32.444747,-93.826741,medium_airport
KSJC,SJC,Mineta San Jose International Airport,San Jose,US,37.362452,-121.929188,large_airport
KSJT,SJT,San Angelo Regional Mathis Field,San Angelo,US,31.35770034790039,-100.49600219726562,medium_airport
KSJX,,Beaver Island Airport,Beaver Island,US,45.692299,-85.566597,small_airport
KSKX,TSM,Taos Regional Airport,Taos,US,36.452494,-105.67749,medium_airport
KSLC,SLC,Salt Lake City International Airport,Salt Lake City,US,40.78886,-111.979866,large_airport
KSLE,SLE,Salem-Willamette Valley Airport/McNary Field,Salem,US,44.9095,-123.002998,medium_airport
KSLK,SLK,Adirondack Regional Airport,Saranac Lake,US,44.38691,-74.204629,medium_airport
KSLN,SLN,Salina Municipal Airport,Salina,US,38.79100036621094,-97.6521987915039,medium_airport
KSMF,SMF,Sacramento International Airport,Sacramento,US,38.6954,-121.591003,large_airport
KSMN,SMN,Lemhi County Airport,Salmon,US,45.122233,-113.88196,medium_airport
KSMX,SMX,Santa Maria Public Airport Captain G Allan Hancock Field,Santa Maria,US,34.898899,-120.457001,medium_airport
KSNA,SNA,John Wayne Orange County International Airport,Santa Ana,US,33.675063,-117.869281,large_airport
KSOW,SOW,Show Low Regional Airport,Show Low,US,34.264062,-110.007091,medium_airport
KSPI,SPI,Abraham Lincoln Capital Airport,Springfield,US,39.844101,-89.677902,medium_airport
KSPS,SPS,Wichita Falls Municipal Airport / Sheppard Air Force Base,Wichita Falls,US,33.9888,-98.491898,medium_airport
KSQL,SQL,San Carlos Airport,San Carlos,US,37.51313,-122.250838,medium_airport
KSRQ,SRQ,Sarasota Bradenton International Airport,Sarasota/Bradenton,US,27.394631,-82.554359,large_airport
KSTC,STC,Saint Cloud Regional Airport,Saint Cloud,US,45.5466,-94.059898,medium_airport
KSTL,STL,St. Louis Lambert International Airport,St Louis,US,38.748697,-90.370003,large_airport
KSTS,STS,Charles M. Schulz Sonoma County Airport,Santa Rosa,US,38.50899887,-122.8130035,medium_airport
KSUN,SUN,Friedman Memorial Airport,Hailey,US,43.50439835,-114.2959976,medium_airport
KSUX,SUX,Sioux Gateway Airport / Brigadier General Bud Day Field,Sioux City,US,42.397605,-96.382237,medium_airport
KSVC,SVC,Grant County Airport,Silver City,US,32.636701,-108.154736,medium_airport
KSWF,SWF,New York Stewart International Airport,Newburgh,US,41.50421,-74.108901,medium_airport
KSWO,SWO,Stillwater Regional Airport,Stillwater,US,36.162132,-97.085581,medium_airport
KSYR,SYR,Syracuse Hancock International Airport,Syracuse,US,43.11119842529297,-76.1063003540039,large_airport
KTBN,TBN,Waynesville-St. Robert Regional Airport-Forney Field,Fort Leonard Wood,US,37.7416,-92.140701,medium_airport
KTEB,TEB,Teterboro Airport,Teterboro,US,40.850101,-74.060799,medium_airport
KTEX,TEX,Telluride Regional Airport,Telluride,US,37.9538,-107.907997,medium_airport
KTIW,TIW,Tacoma Narrows Airport,Tacoma,US,47.267407,-122.577295,medium_airport
KTLH,TLH,Tallahassee International Airport,Tallahassee,US,30.401209,-84.35433,medium_airport
KTOL,TOL,Eugene F. Kranz Toledo Express Airport,Toledo,US,41.5868,-83.8078,medium_airport
KTPA,TPA,Tampa International Airport,Tampa,US,27.9755,-82.533203,large_airport
KTRI,TRI,Tri-Cities Regional TN/VA Airport,Blountville,US,36.475201,-82.407401,medium_airport
KTRK,TKF,Truckee Tahoe Airport,Truckee,US,39.318628,-120.140562,medium_airport
KTTN,TTN,Trenton Mercer Airport,Ewing Township,US,40.276699,-74.813499,medium_airport
KTUL,TUL,Tulsa International Airport,Tulsa,US,36.197084,-95.886225,large_airport
KTUP,TUP,Tupelo Regional Airport,Tupelo,US,34.26810073852539,-88.7698974609375,medium_airport
KTUS,TUS,Tucson International Airport,Tucson,US,32.115004,-110.938053,large_airport
KTVC,TVC,Cherry Capital Airport,Traverse City,US,44.741402,-85.582199,medium_airport
KTVF,TVF,Thief River Falls Regional Airport,Thief River Falls,US,48.065701,-96.184998,medium_airport
KTWF,TWF,Joslin Field Magic Valley Regional Airport,Twin Falls,US,42.4818,-114.487999,medium_airport
KTXK,TXK,Texarkana Regional Airport (Webb Field),Texarkana,US,33.453701,-93.990997,medium_airport
KTYR,TYR,Tyler Pounds Regional Airport,Tyler,US,32.35409927368164,-95.40239715576172,medium_airport
KTYS,TYS,McGhee Tyson Airport,Knoxville/Maryville,US,35.811001,-83.994003,large_airport
KUIN,UIN,Quincy Regional Airport Baldwin Field,Quincy,US,39.942699,-91.194603,medium_airport
KUNV,SCE,State College Regional Airport,State College,US,40.849374,-77.84852,medium_airport
KUUU,NPT,Newport State Airport,Newport,US,41.532207,-71.281039,medium_airport
KVCT,VCT,Victoria Regional Airport,Victoria,US,28.85260009765625,-96.91850280761719,medium_airport
KVEL,VEL,Vernal Regional Airport,Vernal,US,40.436214,-109.511661,medium_airport
KVLD,VLD,Valdosta Regional Airport,Valdosta,US,30.782499313354492,-83.27670288085938,medium_airport
KVPS,VPS,Destin-Fort Walton Beach Airport,Valparaiso,US,30.481315,-86.515839,medium_airport
KVRB,VRB,Vero Beach Regional Airport,Vero Beach,US,27.6556,-80.417901,medium_airport
KWST,WST,Westerly State Airport,Westerly,US,41.349602,-71.803398,medium_airport
KWYS,WYS,Yellowstone Airport,West Yellowstone,US,44.6884,-111.117996,medium_airport
KXNA,XNA,Northwest Arkansas National Airport,Fayetteville/Springdale/Rogers,US,36.281898,-94.306801,medium_airport
KXWA,XWA,Williston Basin International Airport,Williston,US,48.260863,-103.75116,medium_airport
KYKM,YKM,Yakima Air Terminal McAllister Field,Yakima,US,46.56819916,-120.5439987,medium_airport
LA-0006,BOR,Bokeo International Airport,Ton Phueng,LA,20.323986,100.165392,medium_airport
LATI,TIA,Tirana International Airport Mother Teresa,Rinas,AL,41.4147,19.7206,large_airport
LBBG,BOJ,Burgas Airport,Burgas,BG,42.569917,27.515173,large_airport
LBPD,PDV,Plovdiv International Airport,Plovdiv,BG,42.067799,24.8508,large_airport
LBSF,SOF,Sofia Airport,Sofia,BG,42.696357,23.417671,large_airport
LBWN,VAR,Varna Airport,Varna,BG,43.232101,27.8251,large_airport
LCEN,ECN,Ercan International Airport,Tymbou (Kirklar),CY,35.153064,33.507352,large_airport
LCLK,LCA,Larnaca International Airport,Larnaca,CY,34.875099,33.624901,large_airport
LCPH,PFO,Paphos International Airport,Paphos,CY,34.717999,32.485699,large_airport
LDDU,DBV,Dubrovnik Ruđer Bošković Airport,Dubrovnik,HR,42.562247,18.265543,large_airport
LDOS,OSI,Osijek Airport,Osijek(Klisa),HR,45.462355,18.811278,medium_airport
LDPL,PUY,Pula Airport,Pula,HR,44.893501,13.9222,large_airport
LDRI,RJK,Rijeka Airport,Rijeka(Omišalj),HR,45.216376,14.57085,large_airport
LDSB,BWK,Brač Airport,Gornji Humac,HR,43.284454,16.678362,medium_airport
LDSP,SPU,Split Saint Jerome Airport,Split,HR,43.538898,16.298,large_airport
LDZA,ZAG,Zagreb Franjo Tuđman International Airport,Velika Gorica,HR,45.742901,16.0688,large_airport
LDZD,ZAD,Zadar Airport,Zadar,HR,44.096986,15.353565,large_airport
LEAL,ALC,Alicante-Elche Miguel Hernández Airport,Alicante,ES,38.2822,-0.558156,large_airport
LEAM,LEI,Almería Airport,Almería,ES,36.843899,-2.3701,medium_airport
LEAS,OVD,Asturias Airport,Ranón,ES,43.563599,-6.03462,large_airport
LEBA,ODB,Córdoba Airport,Córdoba,ES,37.841999,-4.84888,medium_airport
LEBB,BIO,Bilbao Airport,Bilbao,ES,43.301102,-2.91061,large_airport
LEBL,BCN,Josep Tarradellas Barcelona-El Prat Airport,Barcelona,ES,41.2971,2.07846,large_airport
LEBZ,BJZ,Badajoz Airport,Badajoz,ES,38.8913,-6.82133,medium_airport
LECH,CDT,Castellón-Costa Azahar Airport,Castellón de la Plana,ES,40.213889,0.073333,medium_airport
LECO,LCG,A Coruña Airport,Culleredo,ES,43.302101,-8.37726,medium_airport
LEDA,ILD,Lleida-Alguaire Airport,Lleida,ES,41.728185,0.535023,medium_airport
LEGE,GRO,Girona-Costa Brava Airport,Girona,ES,41.904639,2.761774,large_airport
LEGR,GRX,F.G.L. Airport Granada-Jaén Airport,Granada,ES,37.188702,-3.77736,medium_airport
LEIB,IBZ,Ibiza Airport,Ibiza (Eivissa),ES,38.872898,1.37312,large_airport
LEJR,XRY,Jerez Airport,Jerez de la Frontera,ES,36.744598,-6.06011,medium_airport
LELN,LEN,León Airport,La Virgen del Camino,ES,42.590709,-5.653406,medium_airport
LEMD,MAD,Adolfo Suárez Madrid–Barajas Airport,Madrid,ES,40.493407,-3.572249,large_airport
LEMG,AGP,Málaga-Costa del Sol Airport,Málaga,ES,36.6749,-4.49911,large_airport
LEMH,MAH,Menorca Airport,Mahón (Maó),ES,39.862598,4.21865,large_airport
LEMI,RMU,Region of Murcia International Airport,Corvera,ES,37.802852,-1.124884,large_airport
LEPA,PMI,Palma de Mallorca Airport,Palma de Mallorca,ES,39.551701,2.73881,large_airport
LEPP,PNA,Pamplona Airport,Pamplona,ES,42.77,-1.64633,medium_airport
LERS,REU,Reus Airport,Reus,ES,41.147509,1.168354,large_airport
LESA,SLM,Salamanca Airport,Salamanca,ES,40.952099,-5.50199,medium_airport
LESO,EAS,San Sebastián Airport,Hondarribia,ES,43.356499,-1.79061,medium_airport
LEST,SCQ,Santiago-Rosalía de Castro Airport,Santiago de Compostela,ES,42.896301,-8.41514,large_airport
LESU,LEU,Pirineus - la Seu d'Urgel Airport,La Seu d'Urgell Pyrenees and Andorra,ES,42.3386,1.40917,medium_airport
LEVC,VLC,Valencia Airport,Valencia,ES,39.489162,-0.480961,large_airport
LEVD,VLL,Valladolid Airport,Valladolid,ES,41.7061,-4.85194,medium_airport
LEVT,VIT,Vitoria Airport,Alava,ES,42.882801,-2.72447,medium_airport
LEVX,VGO,Vigo Airport,Vigo,ES,42.2318,-8.62677,medium_airport
LEXJ,SDR,Seve Ballesteros-Santander Airport,Santander,ES,43.427101,-3.82001,medium_airport
LEZG,ZAZ,Zaragoza Airport,Zaragoza,ES,41.666199,-1.04155,large_airport
LEZL,SVQ,Seville Airport,Seville,ES,37.417999,-5.89311,large_airport
LFBD,BOD,Bordeaux–Mérignac Airport,Bordeaux,FR,44.82865,-0.715356,large_airport
LFBE,EGC,Bergerac Dordogne-Périgord airport,Bergerac,FR,44.825298,0.518611,medium_airport
LFBH,LRH,La Rochelle Île de Ré Airport,La Rochelle,FR,46.179199,-1.19528,medium_airport
LFBI,PIS,Poitiers-Biard Airport,Poitiers/Biard,FR,46.5877,0.306666,medium_airport
LFBL,LIG,Limoges Airport,Limoges/Bellegarde,FR,45.862801,1.17944,medium_airport
LFBO,TLS,Toulouse-Blagnac Airport,Toulouse/Blagnac,FR,43.629101,1.36382,large_airport
LFBP,PUF,Pau Pyrénées Airport,Pau/Pyrénées (Uzein),FR,43.380001,-0.418611,medium_airport
LFBT,LDE,Tarbes-Lourdes-Pyrénées Airport,Tarbes/Lourdes/Pyrénées,FR,43.178699,-0.006439,medium_airport
LFBZ,BIQ,Biarritz Pays Basque airport,Biarritz,FR,43.468372,-1.523223,medium_airport
LFCK,DCM,Castres Mazamet Airport,Castres,FR,43.556301,2.28918,medium_airport
LFCR,RDZ,Rodez–Aveyron Airport,Rodez/Marcillac,FR,44.407902,2.48267,medium_airport
LFEC,OUI,Ouessant Airport,Ushant,FR,48.4632,-5.06358,small_airport
LFGJ,DLE,Dole Tavaux Airport,Dole,FR,47.038955,5.427589,medium_airport
LFHP,LPY,Le Puy-Loudes Airfield,"Chaspuzac, Haute-Loire",FR,45.0807,3.76289,small_airport
LFJL,ETZ,Metz-Nancy-Lorraine Airport,Goin,FR,48.982101,6.25132,medium_airport
LFKB,BIA,Bastia-Poretta International airport,Bastia,FR,42.5527,9.48373,large_airport
LFKC,CLY,Calvi Sainte Catherine Airport,Calvi,FR,42.530422,8.792984,medium_airport
LFKF,FSC,Figari Sud-Corse Airport,Figari,FR,41.50185,9.097092,large_airport
LFKJ,AJA,Ajaccio Napoléon Bonaparte airport,Ajaccio,FR,41.923599,8.80292,medium_airport
LFLB,CMF,Chambéry Aix les Bains airport,Chambéry,FR,45.6381,5.88023,medium_airport
LFLC,CFE,Clermont-Ferrand Auvergne airport,Clermont-Ferrand,FR,45.786701,3.16917,large_airport
LFLL,LYS,Lyon Saint-Exupéry Airport,"Colombier-Saugnieu, Rhône",FR,45.725996,5.090139,large_airport
LFLP,NCY,Annecy Meythet airport,Annecy,FR,45.928947,6.0987,medium_airport
LFLS,GNB,Grenoble Alpes Isère Airport,Grenoble,FR,45.3629,5.32937,medium_airport
LFLW,AUR,Aurillac airport,Aurillac,FR,44.891399,2.42194,medium_airport
LFMK,CCF,Carcassonne Salvaza Airport,Carcassonne,FR,43.216,2.30632,medium_airport
LFML,MRS,Marseille Provence Airport,"Marignane, Bouches-du-Rhône",FR,43.438088,5.2125,large_airport
LFMN,NCE,Nice-Côte d'Azur Airport,"Nice, Alpes-Maritimes",FR,43.658401,7.21587,large_airport
LFMP,PGF,Perpignan-Rivesaltes (Llabanère) Airport,Perpignan/Rivesaltes,FR,42.740398,2.87067,medium_airport
LFMT,MPL,Montpellier-Méditerranée Airport,Montpellier/Méditerranée,FR,43.576199,3.96301,large_airport
LFMU,BZR,Béziers Vias airport,Béziers,FR,43.323502,3.3539,medium_airport
LFMV,AVN,Avignon Caumont airport,Avignon,FR,43.907299,4.90183,medium_airport
LFOB,BVA,Beauvais-Tillé airport,Beauvais,FR,49.454399,2.11278,large_airport
LFOK,XCR,Chalons Vatry airport,Chalons en Champagne,FR,48.77333,4.20611,medium_airport
LFOT,TUF,Tours Val de Loire Airport,"Tours, Indre-et-Loire",FR,47.432201,0.727606,medium_airport
LFPG,CDG,Charles de Gaulle International Airport,"Paris (Roissy-en-France, Val-d'Oise)",FR,49.00896,2.554117,large_airport
LFPO,ORY,Paris-Orly Airport,"Paris (Orly, Val-de-Marne)",FR,48.729499,2.358963,large_airport
LFQQ,LIL,Lille Airport,Lesquin,FR,50.566564,3.102429,large_airport
LFRB,BES,Brest Bretagne airport,Brest,FR,48.447899,-4.41854,large_airport
LFRG,DOL,Deauville Normandie airport,Deauville,FR,49.365237,0.154481,medium_airport
LFRK,CFR,Caen Carpiquet airport,Caen,FR,49.17678,-0.454883,medium_airport
LFRN,RNS,Rennes-Saint-Jacques Airport,"Saint-Jacques-de-la-Lande, Ille-et-Vilaine",FR,48.0695,-1.73479,medium_airport
LFRS,NTE,Nantes Atlantique Airport,Nantes,FR,47.153198,-1.61073,large_airport
LFSB,BSL,EuroAirport Basel–Mulhouse–Freiburg,Bâle / Mulhouse,FR,47.60068,7.521117,large_airport
LFSL,BVE,Brive Souillac airport,Brive,FR,45.039722,1.485556,medium_airport
LFST,SXB,Strasbourg Airport,Strasbourg,FR,48.5383,7.62823,large_airport
LFTH,TLN,Toulon-Hyères Airport,"Hyères, Var",FR,43.097301,6.14603,medium_airport
LFTW,FNI,Nîmes-Arles-Camargue Airport,Nîmes/Garons,FR,43.757401,4.41635,medium_airport
LFTZ,LTT,La Môle Airport,Saint-Tropez,FR,43.205399,6.482,small_airport
LFVM,MQC,Miquelon Airport,Miquelon,PM,47.095501,-56.380299,small_airport
LFVP,FSP,Saint-Pierre Pointe-Blanche Airport,Saint-Pierre,PM,46.762651,-56.17499,medium_airport
LGAL,AXD,Alexandroupoli Democritus Airport,Alexandroupolis,GR,40.8559,25.956301,medium_airport
LGAV,ATH,Athens Eleftherios Venizelos International Airport,Spata-Artemida,GR,37.936401,23.9445,large_airport
LGBL,VOL,Nea Anchialos National Airport,Nea Anchialos,GR,39.219601,22.7943,medium_airport
LGHI,JKH,Chios Island National Airport,Chios Island,GR,38.34320068359375,26.140600204467773,medium_airport
LGIK,JIK,Ikaria Airport,Ikaria Island,GR,37.6827011108,26.3470993042,small_airport
LGIO,IOA,Ioannina King Pyrrhus National Airport,Ioannina,GR,39.6964,20.8225,medium_airport
LGIR,HER,Heraklion International Nikos Kazantzakis Airport,Heraklion,GR,35.339699,25.1803,large_airport
LGKA,KSO,Kastoria National Airport Aristotle,Argos Orestiko,GR,40.446301,21.2822,small_airport
LGKC,KIT,Kithira Airport,Kithira Island,GR,36.273978,23.016719,small_airport
LGKF,EFL,Kefallinia Airport,Kefallinia Island,GR,38.12009811401367,20.500499725341797,medium_airport
LGKJ,KZS,Kastelorizo Airport,Kastelorizo Island,GR,36.141701,29.576401,small_airport
LGKL,KLX,Kalamata Airport,Kalamata,GR,37.06829833984375,22.02549934387207,medium_airport
LGKO,KGS,"Kos International Airport ""Ippokratis""",Kos Island,GR,36.794523,27.09115,large_airport
LGKP,AOK,Karpathos Airport,Karpathos Island,GR,35.421398,27.146,medium_airport
LGKR,CFU,Corfu Ioannis Kapodistrias International Airport,Kerkyra (Corfu),GR,39.60145,19.912179,large_airport
LGKS,KSJ,Kasos Airport,Kasos Island,GR,35.4213981628,26.909999847399998,small_airport
LGKV,KVA,Kavala Alexander the Great International Airport,Kavala,GR,40.9133,24.6192,large_airport
LGKY,JKL,Kalymnos Airport,Kalymnos Island,GR,36.9632987976,26.9405994415,small_airport
LGKZ,KZI,Kozani National Airport Filippos,Kozani,GR,40.286098,21.840799,medium_airport
LGLE,LRS,Leros Airport,Leros Island,GR,37.184898,26.800301,small_airport
LGLM,LXS,Limnos Airport,Limnos Island,GR,39.917098999,25.236299514799995,small_airport
LGMK,JMK,Mykonos Island National Airport,Mykonos,GR,37.435101,25.348101,medium_airport
LGML,MLO,Milos Airport,Milos Island,GR,36.696899,24.4769,small_airport
LGMT,MJT,Mytilene International Airport,Mytilene,GR,39.057406,26.598629,medium_airport
LGNX,JNX,Naxos Island National Airport,Naxos,GR,37.0811,25.368099,small_airport
LGPA,PAS,Paros National Airport,Paros,GR,37.020495,25.113195,small_airport
LGPL,JTY,Astypalaia Airport,Astypalaia Island,GR,36.5798988342,26.3757991791,small_airport
LGPZ,PVK,Aktion National Airport,Preveza,GR,38.925499,20.765301,medium_airport
LGRP,RHO,"Rhodes International Airport ""Diagoras""",Rhodes,GR,36.405399,28.086201,large_airport
LGRX,GPA,Patras Araxos Agamemnon Airport,Patras,GR,38.1511,21.4256,medium_airport
LGSA,CHQ,Chania International Airport,Souda,GR,35.531207,24.150673,large_airport
LGSK,JSI,Skiathos Island National Airport,Skiathos,GR,39.177101,23.5037,medium_airport
LGSM,SMI,Samos Airport,Samos Island,GR,37.689999,26.911699,medium_airport
LGSO,JSY,Syros Airport,Syros Island,GR,37.4227981567,24.950899124099998,small_airport
LGSR,JTR,Santorini International Airport,Santorini Island,GR,36.400045,25.478638,large_airport
LGST,JSH,Sitia Airport,Crete Island,GR,35.21609878540039,26.101299285888672,medium_airport
LGSY,SKU,Skiros Airport,Skiros Island,GR,38.9676017761,24.4871997833,small_airport
LGTS,SKG,Thessaloniki Macedonia International Airport,Thessaloniki,GR,40.51928,22.970009,large_airport
LGZA,ZTH,Zakynthos International Airport Dionysios Solomos,Zakynthos,GR,37.7509,20.8843,medium_airport
LHBP,BUD,Budapest Liszt Ferenc International Airport,Budapest,HU,47.43018,19.262393,large_airport
LHDC,DEB,Debrecen International Airport,Debrecen,HU,47.489469,21.616278,large_airport
LHPP,PEV,Pécs-Pogány International Airport,Pécs,HU,45.988891,18.242044,large_airport
LHPR,,Győr-Pér Airport,Győr,HU,47.628436,17.804718,medium_airport
LHSM,SOB,Hévíz–Balaton Airport,Sármellék,HU,46.686391,17.159084,medium_airport
LIBC,CRV,Crotone Sant'Anna Pythagoras Airport,Isola di Capo Rizzuto (KR),IT,38.9972,17.0802,medium_airport
LIBD,BRI,Bari Karol Wojtyła International Airport,Bari,IT,41.138901,16.760599,large_airport
LIBF,FOG,Foggia Gino Lisa Airport,Foggia (FG),IT,41.433596,15.534566,medium_airport
LIBP,PSR,Abruzzo Airport,Pescara,IT,42.431079,14.182981,large_airport
LIBR,BDS,Brindisi Airport,Brindisi,IT,40.6576,17.947001,large_airport
LICA,SUF,Lamezia Terme Sant'Eufemia International Airport,Lamezia Terme (CZ),IT,38.906214,16.246007,large_airport
LICB,CIY,Comiso Airport,Comiso,IT,36.99583,14.60889,medium_airport
LICC,CTA,Catania-Fontanarossa Airport,Catania,IT,37.466801,15.0664,large_airport
LICD,LMP,Lampedusa Airport,Lampedusa,IT,35.497898,12.6181,medium_airport
LICG,PNL,Pantelleria Airport,Pantelleria (TP),IT,36.816502,11.9689,medium_airport
LICJ,PMO,Falcone–Borsellino Airport,Palermo,IT,38.175999,13.091,large_airport
LICR,REG,Reggio Calabria Airport,Reggio Calabria,IT,38.071201,15.6516,medium_airport
LICT,TPS,Vincenzo Florio Airport Trapani-Birgi,Trapani (TP),IT,37.9114,12.488,medium_airport
LIDT,,Trento-Mattarello Airport,Trento (TN),IT,46.023333,11.125,medium_airport
LIEA,AHO,Alghero-Fertilia Airport,Alghero,IT,40.632099,8.29077,medium_airport
LIEE,CAG,Cagliari Elmas Airport,Cagliari,IT,39.251499,9.05428,large_airport
LIEO,OLB,Olbia Costa Smeralda Airport,Olbia (SS),IT,40.898953,9.518457,large_airport
LIMC,MXP,Milan Malpensa International Airport,Ferno (VA),IT,45.6306,8.72811,large_airport
LIME,BGY,Il Caravaggio International Airport,Orio al Serio (BG),IT,45.669362,9.708851,large_airport
LIMF,TRN,Turin Airport,Caselle Torinese (TO),IT,45.200802,7.64963,large_airport
LIMJ,GOA,Genoa Cristoforo Colombo Airport,Genova (GE),IT,44.412039,8.840732,large_airport
LIML,LIN,Milano Linate Airport,Segrate (MI),IT,45.445099,9.27674,large_airport
LIMP,PMF,Parma Airport,Parma (PR),IT,44.826351,10.29705,medium_airport
LIMZ,CUF,Cuneo International Airport,Levaldigi (CN),IT,44.547458,7.623045,medium_airport
LIPB,BZO,Bolzano Airport,Bolzano (BZ),IT,46.459245,11.326125,medium_airport
LIPE,BLQ,Bologna Guglielmo Marconi Airport,Bologna,IT,44.5354,11.2887,large_airport
LIPH,TSF,Treviso Airport,Treviso (TV),IT,45.648399,12.1944,large_airport
LIPK,FRL,Forlì-Luigi Ridolfi International Airport,Forlì (FC),IT,44.194801,12.0701,medium_airport
LIPO,VBS,Brescia Gabriele d'Annunzio Airport,Montichiari (BS),IT,45.428902,10.3306,medium_airport
LIPQ,TRS,Trieste Airport,Ronchi dei Legionari/Trieste,IT,45.827862,13.466672,large_airport
LIPR,RMI,Federico Fellini International Airport,Rimini (RN),IT,44.020024,12.612198,large_airport
LIPX,VRN,Verona Villafranca Valerio Catullo Airport,Caselle (VR),IT,45.394955,10.887303,large_airport
LIPY,AOI,Marche Airport,Falconara Marittima (AN),IT,43.616299,13.3623,medium_airport
LIPZ,VCE,Venice Marco Polo Airport,Venezia (VE),IT,45.505299,12.3519,large_airport
LIRA,CIA,Ciampino–G. B. Pastine International Airport,Rome,IT,41.798769,12.595331,large_airport
LIRF,FCO,Rome–Fiumicino Leonardo da Vinci International Airport,Rome,IT,41.804532,12.251998,large_airport
LIRI,QSR,Salerno Costa d'Amalfi Airport,Salerno,IT,40.620399,14.9113,medium_airport
LIRJ,EBA,Marina di Campo Airport,Campo nell'Elba (LI),IT,42.760871,10.239811,medium_airport
LIRN,NAP,Naples International Airport,Napoli,IT,40.886002,14.2908,large_airport
LIRP,PSA,Pisa International Airport,Pisa (PI),IT,43.683899,10.3927,large_airport
LIRQ,FLR,"Florence Airport, Peretola",Firenze (FI),IT,43.808558,11.202822,large_airport
LIRZ,PEG,Perugia San Francesco d'Assisi – Umbria International Airport,Perugia (PG),IT,43.095901,12.5132,large_airport
LJLJ,LJU,Ljubljana Jože Pučnik Airport,Zgornji Brnik,SI,46.223701,14.4576,large_airport
LJMB,MBX,Maribor Edvard Rusjan Airport,Maribor,SI,46.4799,15.6861,medium_airport
LK-0001,,Iranamadu Airport,Kilinochchi,LK,9.3066,80.489,small_airport
LKCS,JCL,České Budějovice South Bohemian Airport,České Budějovice,CZ,48.948171,14.42832,large_airport
LKKV,KLV,Karlovy Vary Airport,Karlovy Vary,CZ,50.202999,12.915,large_airport
LKMT,OSR,Leoš Janáček Airport Ostrava,Mošnov,CZ,49.696301,18.111099,large_airport
LKPD,PED,Pardubice Airport,Pardubice,CZ,50.015049,15.73981,large_airport
LKPR,PRG,Václav Havel Airport Prague,Prague,CZ,50.100874,14.259911,large_airport
LKTB,BRQ,Brno-Tuřany Airport,Brno,CZ,49.151276,16.693972,medium_airport
LLBG,TLV,Ben Gurion International Airport,Tel Aviv,IL,32.011398,34.8867,large_airport
LLER,ETM,Ramon International Airport,Eilat,IL,29.727009,35.014116,large_airport
LLHA,HFA,Uri Michaeli Haifa International Airport,Haifa,IL,32.810219,35.043719,medium_airport
LMML,MLA,Malta International Airport,Valletta,MT,35.845932,14.491546,large_airport
LOWG,GRZ,Graz Airport,Feldkirchen bei Graz,AT,46.9911,15.4396,large_airport
LOWI,INN,Innsbruck Airport,Innsbruck,AT,47.260201,11.344,large_airport
LOWK,KLU,Klagenfurt Airport,Klagenfurt am Wörthersee,AT,46.642502,14.3377,large_airport
LOWL,LNZ,Linz-Hörsching Airport,Linz,AT,48.235362,14.188128,large_airport
LOWS,SZG,Salzburg Airport,Salzburg,AT,47.793301,13.0043,large_airport
LOWW,VIE,Vienna International Airport,Vienna,AT,48.110298,16.5697,large_airport
LPAZ,SMA,Santa Maria Airport,Vila do Porto,PT,36.97140121459961,-25.17060089111328,medium_airport
LPBG,BGC,Bragança Airport,Bragança,PT,41.8578,-6.70713,medium_airport
LPCR,CVU,Corvo Airport,Corvo,PT,39.671501,-31.1136,small_airport
LPCS,CAT,Cascais Airport,Cascais,PT,38.724998,-9.35523,medium_airport
LPFL,FLW,Flores Airport,Santa Cruz das Flores,PT,39.455299377441406,-31.131399154663086,medium_airport
LPFR,FAO,Faro - Gago Coutinho International Airport,Faro,PT,37.015909,-7.970939,large_airport
LPGR,GRW,Graciosa Airport,Santa Cruz da Graciosa,PT,39.092201232910156,-28.029800415039062,medium_airport
LPHR,HOR,Horta Airport,Horta,PT,38.519901275634766,-28.715900421142578,medium_airport
LPLA,TER,Lajes Airport,Praia da Vitória,PT,38.761799,-27.090799,medium_airport
LPMA,FNC,Cristiano Ronaldo International Airport,Funchal,PT,32.697812,-16.774613,large_airport
LPPD,PDL,João Paulo II Airport,Ponta Delgada,PT,37.7411994934,-25.6979007721,large_airport
LPPI,PIX,Pico Airport,Pico Island,PT,38.554298,-28.441299,medium_airport
LPPM,PRM,Portimão Airport,Portimão,PT,37.1493,-8.58396,medium_airport
LPPR,OPO,Francisco de Sá Carneiro Airport,Porto,PT,41.2481002808,-8.68138980865,large_airport
LPPS,PXO,Porto Santo Airport,Vila Baleira,PT,33.0733985901,-16.3500003815,medium_airport
LPPT,LIS,Lisbon Humberto Delgado Airport,Lisbon,PT,38.7813,-9.13592,large_airport
LPSJ,SJZ,São Jorge Airport,Velas,PT,38.665501,-28.1758,medium_airport
LPVR,VRL,Vila Real Airport,Vila Real,PT,41.2743,-7.72047,medium_airport
LPVZ,VSE,Aerodromo Goncalves Lobato (Viseu Airport),Viseu,PT,40.725498,-7.88899,medium_airport
LQBK,BNX,Banja Luka International Airport,Mahovljani,BA,44.941399,17.297501,large_airport
LQMO,OMO,Mostar International Airport,Mostar,BA,43.282489,17.846101,large_airport
LQSA,SJJ,Sarajevo International Airport,Sarajevo,BA,43.8246,18.331499,large_airport
LQTZ,TZL,Tuzla International Airport,Dubrave Gornje,BA,44.459858,18.723627,large_airport
LRAR,ARW,Arad International Airport,Arad,RO,46.176136,21.264322,medium_airport
LRBC,BCM,Bacău George Enescu International  Airport,Bacău,RO,46.5219,26.910299,large_airport
LRBM,BAY,Maramureș International Airport,Tăuții-Măgherăuș,RO,47.658444,23.464445,medium_airport
LRBS,BBU,Bucharest Băneasa Aurel Vlaicu International Airport,Bucharest,RO,44.503133,26.102944,large_airport
LRBV,GHV,Brașov-Ghimbav International Airport,Brașov (Ghimbav),RO,45.70558,25.522871,large_airport
LRCK,CND,Mihail Kogălniceanu International Airport,Constanța,RO,44.362202,28.4883,large_airport
LRCL,CLJ,Avram Iancu Cluj International Airport,Cluj-Napoca,RO,46.786042,23.685733,large_airport
LRCV,CRA,Craiova International Airport,Craiova,RO,44.3181,23.888599,large_airport
LRIA,IAS,Iaşi International Airport,Iaşi,RO,47.179633,27.621431,large_airport
LROD,OMR,Oradea International Airport,Oradea,RO,47.025299,21.9025,large_airport
LROP,OTP,Bucharest Henri Coandă International Airport,Otopeni,RO,44.571792,26.103285,large_airport
LRSB,SBZ,Sibiu International Airport,Sibiu,RO,45.785841,24.086666,large_airport
LRSM,SUJ,Satu Mare International Airport,Satu Mare,RO,47.7033,22.8857,medium_airport
LRSV,SCV,Suceava Ștefan cel Mare International Airport,Suceava,RO,47.6875,26.354099,large_airport
LRTM,TGM,Târgu Mureş Transilvania International Airport,Recea,RO,46.467701,24.4125,medium_airport
LRTR,TSR,Timișoara Traian Vuia International Airport,Timişoara,RO,45.809898,21.3379,large_airport
LSGG,GVA,Geneva International Airport,Geneva,CH,46.238098,6.10895,large_airport
LSZA,LUG,Lugano Airport,Agno,CH,46.004299,8.91058,medium_airport
LSZB,BRN,Bern Airport,Bern,CH,46.912736,7.498819,medium_airport
LSZH,ZRH,Zürich Airport,Zurich,CH,47.458056,8.548056,large_airport
LSZR,ACH,Sankt Gallen Altenrhein Airport,St. Gallen,CH,47.485001,9.56077,medium_airport
LTAC,ESB,Esenboğa International Airport,Ankara,TR,40.128101,32.995098,large_airport
LTAI,AYT,Antalya International Airport,Antalya,TR,36.898701,30.800501,large_airport
LTAJ,GZT,Gaziantep Oğuzeli International Airport,Gaziantep,TR,36.947201,37.478699,large_airport
LTAL,KFS,Kastamonu Airport,Kastamonu,TR,41.314201,33.795799,medium_airport
LTAN,KYA,Konya Airport,Konya,TR,37.979,32.561901,large_airport
LTAP,MZH,Amasya Merzifon Airport,Amasya,TR,40.829399,35.521999,small_airport
LTAR,VAS,Sivas Nuri Demirağ Airport,Sivas,TR,39.813801,36.9035,medium_airport
LTAS,ONQ,Zonguldak Çaycuma Airport,Zonguldak,TR,41.506401,32.0886,medium_airport
LTAT,MLX,Malatya Erhaç Airport,Malatya,TR,38.435298919699996,38.0909996033,medium_airport
LTAU,ASR,Kayseri Erkilet International Airport,Kayseri,TR,38.770401,35.495399,large_airport
LTAW,TJK,Tokat Airport,Tokat,TR,40.32472,36.39056,medium_airport
LTAY,DNZ,Çardak Airport,Denizli,TR,37.7855987549,29.7012996674,medium_airport
LTAZ,NAV,Nevşehir Kapadokya Airport,Nevşehir,TR,38.7719,34.5345,large_airport
LTBF,BZI,Balıkesir Airport,Balıkesir,TR,39.619301,27.926001,medium_airport
LTBH,CKZ,Çanakkale Airport,Çanakkale,TR,40.1376991272,26.4267997742,medium_airport
LTBJ,ADB,Adnan Menderes International Airport,Gaziemir,TR,38.2924,27.157,large_airport
LTBR,YEI,Bursa Yenişehir Airport,Yenişehir,TR,40.255199,29.562599,medium_airport
LTBS,DLM,Dalaman International Airport,Dalaman,TR,36.7131,28.7925,large_airport
LTBU,TEQ,Tekirdağ Çorlu Airport,Çorlu,TR,41.138199,27.9191,medium_airport
LTBY,AOE,Hasan Polatkan Airport,Eskişehir,TR,39.811644,30.519268,large_airport
LTBZ,KZR,Zafer Airport,Altıntaş,TR,39.111107,30.130405,small_airport
LTCA,EZS,Elazığ Airport,Elazığ,TR,38.597974,39.28348,medium_airport
LTCB,OGU,Ordu–Giresun Airport,Ordu,TR,40.966872,38.085995,medium_airport
LTCC,DIY,Diyarbakır Airport,Diyarbakır,TR,37.893902,40.201,medium_airport
LTCD,ERC,Erzincan Airport,Erzincan,TR,39.7102012634,39.527000427199994,medium_airport
LTCE,ERZ,Erzurum International Airport,Erzurum,TR,39.956501,41.1702,medium_airport
LTCF,KSY,Kars Airport,Kars,TR,40.562198638916016,43.1150016784668,medium_airport
LTCG,TZX,Trabzon International Airport,Trabzon,TR,40.995098,39.7897,medium_airport
LTCI,VAN,Van Ferit Melen Airport,Van,TR,38.46820068359375,43.332298278808594,medium_airport
LTCJ,BAL,Batman Airport,Batman,TR,37.929001,41.1166,medium_airport
LTCK,MSR,Muş Airport,Muş,TR,38.747798919677734,41.66120147705078,medium_airport
LTCM,NOP,Sinop Airport,Sinop,TR,42.018313,35.071774,medium_airport
LTCN,KCM,Kahramanmaraş Airport,Kahramanmaraş,TR,37.5388259888,36.9535217285,medium_airport
LTCO,AJI,Ağrı Airport,Ağrı,TR,39.655642,43.025742,medium_airport
LTCP,ADF,Adıyaman Airport,Adıyaman,TR,37.7314,38.468899,medium_airport
LTCR,MQM,Mardin Airport,Mardin,TR,37.223300933800004,40.6316986084,medium_airport
LTCS,GNY,Şanlıurfa GAP Airport,Şanlıurfa,TR,37.445663,38.895592,large_airport
LTCT,IGD,Iğdır Airport,Iğdır,TR,39.976627,43.876648,medium_airport
LTCU,BGG,Bingöl Airport,Bingöl,TR,38.860131,40.594489,small_airport
LTCV,NKT,Şırnak Şerafettin Elçi Airport,Şırnak,TR,37.3647,42.0582,medium_airport
LTCW,YKO,Hakkari Yüksekova Airport,Hakkari,TR,37.5497,44.2381,medium_airport
LTDA,HTY,Hatay Airport,Antakya,TR,36.36079,36.285589,medium_airport
LTDB,COV,Çukurova International Airport,Tarsus,TR,36.891478,35.071235,large_airport
LTFC,ISE,Süleyman Demirel International Airport,Isparta,TR,37.8554,30.368401,medium_airport
LTFD,EDO,Balıkesir Koca Seyit Airport,Edremit,TR,39.552533,27.010192,large_airport
LTFE,BJV,Milas Bodrum International Airport,Bodrum,TR,37.249314,27.66401,large_airport
LTFG,GZP,Gazipaşa-Alanya Airport,Gazipaşa,TR,36.298832,32.297017,medium_airport
LTFH,SZF,Samsun-Çarşamba Airport,Samsun,TR,41.253988,36.567546,medium_airport
LTFJ,SAW,Istanbul Sabiha Gökçen International Airport,"Pendik, Istanbul",TR,40.898602,29.3092,large_airport
LTFM,IST,İstanbul Airport,Istanbul,TR,41.274874,28.732136,large_airport
LTFO,RZV,Rize–Artvin Airport,Rize,TR,41.179766,40.848802,large_airport
LUKK,RMO,Chişinău International Airport,Chişinău,MD,46.92774,28.931704,large_airport
LWOH,OHD,Ohrid St. Paul the Apostle Airport,Ohrid,MK,41.18,20.7423,large_airport
LWSK,SKP,Skopje International Airport,Ilinden,MK,41.958087,21.622581,large_airport
LXGB,GIB,Gibraltar Airport,Gibraltar,GI,36.151679,-5.34978,large_airport
LYBE,BEG,Belgrade Nikola Tesla Airport,Belgrade,RS,44.818401,20.309099,large_airport
LYKV,KVO,Morava Airport,Kraljevo,RS,43.817519,20.586662,medium_airport
LYNI,INI,Niš Constantine the Great Airport,Niš,RS,43.336538,21.856242,large_airport
LYPG,TGD,Podgorica Airport / Podgorica Golubovci Airbase,Podgorica,ME,42.359402,19.2519,large_airport
LYTV,TIV,Tivat Airport,Tivat,ME,42.404701,18.723301,medium_airport
LZG,LZG,Langzhong Gucheng Airport,Nanchong (Langzhong),CN,31.50191,106.034417,medium_airport
LZIB,BTS,M. R. Štefánik Airport,Bratislava,SK,48.1702,17.2127,large_airport
LZKZ,KSC,Košice International Airport,Košice,SK,48.663101,21.2411,medium_airport
LZSL,SLD,Sliač Airport,Sliač,SK,48.63779830932617,19.13409996032715,medium_airport
LZTT,TAT,Poprad-Tatry Airport,Poprad,SK,49.070994,20.241394,medium_airport
MBGT,GDT,JAGS McCartney International Airport,Cockburn Town,TC,21.4445,-71.142303,medium_airport
MBNC,NCA,North Caicos Airport,North Caicos,TC,21.916094,-71.942954,medium_airport
MBPV,PLS,Providenciales International Airport,Providenciales,TC,21.773697,-72.268321,large_airport
MBSC,XSC,South Caicos Airport,South Caicos,TC,21.515699,-71.528503,medium_airport
MBSY,SLX,Salt Cay Airport,Salt Cay,TC,21.333000183099998,-71.1999969482,small_airport
MDBH,BRX,Maria Montez International Airport,Barahona,DO,18.25149917602539,-71.12039947509766,medium_airport
MDCY,AZS,Samaná El Catey International Airport,Samana,DO,19.269259,-69.737405,medium_airport
MDJB,JBQ,La Isabela International Airport,La Isabela,DO,18.572500228881836,-69.98560333251953,medium_airport
MDLR,LRM,Casa De Campo International Airport,La Romana,DO,18.452222,-68.911111,large_airport
MDPC,PUJ,Punta Cana International Airport,Punta Cana,DO,18.567093,-68.364558,large_airport
MDPP,POP,Gregorio Luperon International Airport,Puerto Plata,DO,19.7579,-70.57,medium_airport
MDSD,SDQ,Las Américas International Airport,Santo Domingo,DO,18.42970085144,-69.668899536133,large_airport
MDST,STI,Cibao International Airport,Santiago,DO,19.40406,-70.604431,large_airport
MGGT,GUA,La Aurora International Airport,Guatemala City,GT,14.582896,-90.527515,large_airport
MGHT,HUG,Huehuetenango Airport,Huehuetenango,GT,15.316667,-91.505556,small_airport
MGPB,PBR,Puerto Barrios Airport,Puerto Barrios,GT,15.7309,-88.583801,medium_airport
MGQZ,AAZ,Quezaltenango Airport,Quezaltenango,GT,14.8656,-91.501999,small_airport
MGRT,RER,Retalhuleu Airport,Retalhuleu,GT,14.521431,-91.697001,medium_airport
MGTK,FRS,Mundo Maya International Airport,San Benito,GT,16.913707,-89.866143,medium_airport
MH-0004,UJE,Ujae Atoll Airport,Ujae Atoll,MH,8.92806,165.761993,small_airport
MH-AUL,AUL,Aur Island Airport,Aur Atoll,MH,8.14528,171.173004,small_airport
MH-JEJ,JEJ,Jeh Airport,Ailinglapalap Atoll,MH,7.565350055690001,168.962005615,small_airport
MH-LIK,LIK,Likiep Airport,Likiep Island,MH,9.82316,169.307999,small_airport
MH-MJE,MJE,Majkin Airport,Majkin,MH,8.163362,168.173862,small_airport
MH-RNP,RNP,Rongelap Island Airport,Rongelap Island,MH,11.1572,166.886993,small_airport
MH-UIT,UIT,Jaluit Airport,Jabor Jaluit Atoll,MH,5.909213,169.637256,small_airport
MH-WTE,WTE,Wotje Airport,Wotje,MH,9.458333,170.238611,small_airport
MH-WTO,WTO,Wotho Island Airport,Wotho Island,MH,10.1733,166.003006,small_airport
MHLC,LCE,Golosón International Airport,La Ceiba,HN,15.7425,-86.852997,medium_airport
MHLM,SAP,Ramón Villeda Morales International Airport,San Pedro Sula,HN,15.4526,-87.923599,large_airport
MHNJ,GJA,La Laguna Airport,Guanaja,HN,16.4454,-85.906601,medium_airport
MHPL,PEU,Puerto Lempira Airport,Puerto Lempira,HN,15.2622,-83.781197,small_airport
MHRO,RTB,Juan Manuel Gálvez International Airport,Coxen Hole,HN,16.316799,-86.523003,large_airport
MHSC,XPL,Palmerola International Airport,Palmerola,HN,14.3824,-87.621201,large_airport
MHTG,TGU,Toncontín Airport,Tegucigalpa,HN,14.0609,-87.217201,medium_airport
MHUT,UII,Utila Airport,Utila Island,HN,16.1131,-86.880302,small_airport
MKBS,OCJ,Ian Fleming International Airport,Boscobel,JM,18.404079,-76.969754,medium_airport
MKJP,KIN,Norman Manley International Airport,Kingston,JM,17.935699462890625,-76.7874984741211,large_airport
MKJS,MBJ,Sangster International Airport,Montego Bay,JM,18.50342,-77.91323,large_airport
MKTP,KTP,Tinson Pen Airport,Tinson Pen,JM,17.98859977722168,-76.82379913330078,medium_airport
MLIP,MIJ,Mili Island Airport,Mili Island,MH,6.084754,171.731419,small_airport
MM10,,Isla Cedros Airport,Cedros Island,MX,28.039031,-115.189419,small_airport
MM52,,Camaguey-Campo Cuatro Milpas Airport,Guasave,MX,25.652200698853,-108.53800201416,small_airport
MMAA,ACA,General Juan N. Álvarez International Airport,Acapulco,MX,16.757126,-99.753113,large_airport
MMAS,AGU,Aguascalientes International Airport,Aguascalientes,MX,21.699589,-102.318372,large_airport
MMBT,HUX,Bahías de Huatulco International Airport,Huatulco,MX,15.775437,-96.260456,large_airport
MMCE,CME,Ciudad del Carmen International Airport,Ciudad del Carmen,MX,18.651516,-91.799355,medium_airport
MMCL,CUL,Bachigualato Federal International Airport,Culiacán,MX,24.76504,-107.475228,large_airport
MMCM,CTM,Chetumal International Airport,Chetumal,MX,18.504985,-88.328018,medium_airport
MMCN,CEN,Ciudad Obregón International Airport,Ciudad Obregón,MX,27.39259910583496,-109.83300018310547,medium_airport
MMCP,CPE,Ingeniero Alberto Acuña Ongay International Airport,Campeche,MX,19.815969,-90.500125,medium_airport
MMCS,CJS,Abraham González International Airport,Ciudad Juárez,MX,31.636673,-106.428533,large_airport
MMCU,CUU,General Roberto Fierro Villalobos International Airport,Chihuahua,MX,28.702649,-105.963764,large_airport
MMCV,CVM,General Pedro Jose Mendez International Airport,Ciudad Victoria,MX,23.7033,-98.956497,medium_airport
MMCZ,CZM,Cozumel International Airport,Cozumel,MX,20.514922,-86.928538,large_airport
MMDA,CUA,Ciudad Constitución National Airport,Comondú,MX,25.053801,-111.614998,small_airport
MMDO,DGO,General Guadalupe Victoria International Airport,Durango,MX,24.125468,-104.527938,medium_airport
MMEP,TPQ,Amado Nervo National Airport,Tepic,MX,21.419833,-104.842472,medium_airport
MMGL,GDL,Guadalajara International Airport,Guadalajara,MX,20.523342,-103.310108,large_airport
MMGM,GYM,General José María Yáñez International Airport,Guaymas,MX,27.9689998626709,-110.92500305175781,medium_airport
MMGR,GUB,Guerrero Negro Airport,San Quintín,MX,28.0261,-114.024002,small_airport
MMHO,HMO,General Ignacio L. Pesqueira International Airport,Hermosillo,MX,29.092811,-111.053015,large_airport
MMIA,CLQ,Licenciado Miguel de la Madrid International Airport,Colima,MX,19.277,-103.577002,medium_airport
MMIO,SLW,Plan de Guadalupe International Airport,Saltillo,MX,25.53786,-100.928346,medium_airport
MMIT,IZT,General Antonio Cárdenas Rodríguez National Airport / Ixtepec Air Base,Ixtepec,MX,16.445961,-95.093708,medium_airport
MMLM,LMM,Valle del Fuerte International Airport,Los Mochis,MX,25.685503,-109.081159,medium_airport
MMLO,BJX,Guanajuato International Airport,Silao,MX,20.992695,-101.480284,large_airport
MMLP,LAP,Manuel Márquez de León International Airport,La Paz,MX,24.072331,-110.362662,medium_airport
MMLT,LTO,Loreto International Airport,Loreto,MX,25.989549,-111.348408,large_airport
MMMA,MAM,General Servando Canales International Airport,Matamoros,MX,25.7698993683,-97.5252990723,medium_airport
MMMD,MID,Manuel Crescencio Rejón International Airport,Mérida,MX,20.930485,-89.645462,large_airport
MMML,MXL,General Rodolfo Sánchez Taboada International Airport,Mexicali,MX,32.630629,-115.242805,medium_airport
MMMM,MLM,General Francisco J. Mujica International Airport,Morelia,MX,19.849899,-101.025002,large_airport
MMMT,MTT,Minatitlán/Coatzacoalcos International Airport,Cosoleacaque,MX,18.103399,-94.580704,medium_airport
MMMX,MEX,Mexico City Benito Juárez International Airport,Mexico City,MX,19.435822,-99.07033,large_airport
MMMY,MTY,Monterrey International Airport,Monterrey,MX,25.778521,-100.106989,large_airport
MMMZ,MZT,General Rafael Buelna International Airport,Mazatlàn,MX,23.162823,-106.264517,large_airport
MMNL,NLD,Quetzalcóatl International Airport,Nuevo Laredo,MX,27.443899,-99.570503,medium_airport
MMOX,OAX,Xoxocotlán International Airport,Oaxaca,MX,16.998773,-96.726092,large_airport
MMPA,PAZ,El Tajín National Airport,Poza Rica,MX,20.6026992798,-97.46080017090001,medium_airport
MMPB,PBC,Hermanos Serdán International Airport,Puebla,MX,19.158465,-98.371582,large_airport
MMPE,PPE,Mar de Cortés International Airport,Puerto Peñasco,MX,31.351987,-113.305177,small_airport
MMPG,PDS,Piedras Negras International Airport,Piedras Negras,MX,28.627873,-100.53524,medium_airport
MMPN,UPN,Uruapan - Licenciado y General Ignacio Lopez Rayon International Airport,Uruapan,MX,19.3967,-102.039001,medium_airport
MMPR,PVR,Puerto Vallarta International Airport,Puerto Vallarta,MX,20.679913,-105.254391,large_airport
MMPS,PXM,Puerto Escondido International Airport,Puerto Escondido,MX,15.876808,-97.0891,medium_airport
MMQT,QRO,Querétaro Intercontinental Airport,Querétaro,MX,20.618779,-100.186449,large_airport
MMRX,REX,General Lucio Blanco International Airport,Reynosa,MX,26.0089,-98.2285,medium_airport
MMSD,SJD,Los Cabos International Airport,San José del Cabo,MX,23.151919,-109.720731,large_airport
MMSL,CSW,Cabo San Lucas International Airport,Cabo San Lucas,MX,22.949072,-109.939479,medium_airport
MMSM,NLU,Felipe Ángeles International Airport,Mexico City,MX,19.743824,-99.01507,large_airport
MMSP,SLP,Ponciano Arriaga International Airport,San Luis Potosí,MX,22.262026,-100.935692,medium_airport
MMTC,TRC,Francisco Sarabia Tinoco International Airport,Torreón,MX,25.562265,-103.404608,medium_airport
MMTG,TGZ,Angel Albino Corzo International Airport,Tuxtla Gutiérrez,MX,16.561611,-93.025731,medium_airport
MMTJ,TIJ,General Abelardo L. Rodriguez International Airport,Tijuana,MX,32.541043,-116.969976,large_airport
MMTL,TQO,Felipe Carrillo Puerto International Airport Tulum,Tulum,MX,20.172098,-87.660272,large_airport
MMTM,TAM,General Francisco Javier Mina International Airport,Ciudad Madero,MX,22.292622,-97.867058,medium_airport
MMTO,TLC,Adolfo López Mateos International Airport,Toluca,MX,19.3369,-99.56583,large_airport
MMTP,TAP,Tapachula International Airport,Tapachula,MX,14.794549,-92.369871,medium_airport
MMUN,CUN,Cancún International Airport,Cancún,MX,21.040817,-86.87347,large_airport
MMVA,VSA,Carlos Rovirosa Pérez International Airport,Villahermosa,MX,17.994283,-92.818199,large_airport
MMVR,VER,General Heriberto Jara International Airport,Veracruz,MX,19.139589,-96.188602,large_airport
MMZC,ZCL,General Leobardo C. Ruiz International Airport,Zacatecas,MX,22.894942,-102.687154,medium_airport
MMZH,ZIH,Ixtapa-Zihuatanejo International Airport,Ixtapa,MX,17.601771,-101.460629,large_airport
MMZO,ZLO,Playa de Oro International Airport,Manzanillo,MX,19.1448,-104.558998,medium_airport
MNBL,BEF,Bluefields Airport,Bluefields,NI,11.991,-83.774101,medium_airport
MNCI,RNI,Corn Island Airport,Corn Island,NI,12.174785,-83.059445,small_airport
MNLP,,Omtepe Airport,Omtepe Island,NI,11.523616,-85.702995,small_airport
MNMG,MGA,Augusto C. Sandino (Managua) International Airport,Managua,NI,12.1415,-86.168198,large_airport
MNPC,PUZ,Puerto Cabezas Airport,Puerto Cabezas,NI,14.047200202941895,-83.38670349121094,medium_airport
MOH,MOH,Maleo Airport,Morowali,ID,-2.201143,121.662884,small_airport
MPBO,BOC,"Bocas del Toro ""Isla Colón"" International Airport",Isla Colón,PA,9.34085,-82.250801,medium_airport
MPCE,CTD,Alonso Valderrama Airport,Chitré,PA,7.98784,-80.409837,medium_airport
MPCH,CHX,Changuinola Captain Manuel Niño International Airport,Changuinola,PA,9.458962,-82.515062,medium_airport
MPDA,DAV,Enrique Malek International Airport,David,PA,8.388983,-82.436425,medium_airport
MPEJ,ONX,Enrique Adolfo Jimenez Airport,Colón,PA,9.35664,-79.867401,medium_airport
MPHO,BLB,Panamá Pacífico International Airport,Panamá City,PA,8.91479,-79.599602,small_airport
MPMG,PAC,Marcos A. Gelabert International Airport,Albrook,PA,8.97334,-79.555603,medium_airport
MPPD,PDM,Capt. J. Montenegro Airport,Pedasí,PA,7.534801,-80.043347,small_airport
MPSM,RIH,Scarlett Martinez International Airport,Río Hato,PA,8.375880241394,-80.127899169922,small_airport
MPTO,PTY,Tocumen International Airport,Tocumen,PA,9.07136,-79.383499,large_airport
MRAN,FON,La Fortuna Arenal Airport,La Fortuna,CR,10.469311,-84.579073,medium_airport
MRAO,,Aerotortuguero Airport,Roxana,CR,10.42,-83.6095,medium_airport
MRGF,GLF,Golfito Airport,Golfito,CR,8.65401,-83.182198,medium_airport
MRLB,LIR,Daniel Oduber Quirós International Airport,Liberia,CR,10.5933,-85.544403,large_airport
MRLM,LIO,Limón International Airport,Limón,CR,9.95796,-83.022003,medium_airport
MRNS,NOB,Nosara Airport,Nicoya,CR,9.976490020750001,-85.65299987790002,medium_airport
MROC,SJO,Juan Santamaría International Airport,San José (Alajuela),CR,9.99386,-84.208801,large_airport
MRPJ,PJM,Puerto Jimenez Airport,Puerto Jimenez,CR,8.533329963684082,-83.30000305175781,medium_airport
MRPV,SYQ,Tobías Bolaños International Airport,San Jose,CR,9.95705,-84.139801,medium_airport
MRQP,XQP,Quepos Managua Airport,Quepos,CR,9.44316,-84.129799,medium_airport
MSLP,SAL,El Salvador International Airport Saint Óscar Arnulfo Romero y Galdámez,San Salvador (San Luis Talpa),SV,13.44447,-89.055784,large_airport
MSSS,ILS,Ilopango International Airport,San Salvador,SV,13.6995,-89.119904,medium_airport
MTCA,CYA,Antoine-Simon International Airport,Les Cayes,HT,18.271099,-73.7883,medium_airport
MTCH,CAP,Cap Haitien International Airport,Cap Haitien,HT,19.725547,-72.20071,large_airport
MTJE,JEE,Jérémie Airport,Carrefour Sanon,HT,18.663099,-74.170303,medium_airport
MTPP,PAP,Toussaint Louverture International Airport,Port-au-Prince,HT,18.580023,-72.292596,large_airport
MUBA,BCA,Gustavo Rizo Airport,Baracoa,CU,20.365299224853516,-74.5062026977539,medium_airport
MUBY,BYM,Carlos Manuel de Cespedes Airport,Bayamo,CU,20.3964,-76.621399,medium_airport
MUCC,CCC,Jardines Del Rey Airport,Cayo Coco,CU,22.461000442499998,-78.32839965820001,medium_airport
MUCF,CFG,Jaime Gonzalez Airport,Cienfuegos,CU,22.149999618530273,-80.41419982910156,medium_airport
MUCL,CYO,Vilo Acuña International Airport,Cayo Largo del Sur,CU,21.6165008545,-81.5459976196,medium_airport
MUCM,CMW,Ignacio Agramonte International Airport,Camaguey,CU,21.419909,-77.848039,large_airport
MUCU,SCU,Antonio Maceo International Airport,Santiago,CU,19.97474,-75.835504,large_airport
MUHA,HAV,José Martí International Airport,Havana,CU,22.989200592041016,-82.40910339355469,large_airport
MUHG,HOG,Frank Pais International Airport,Holguin,CU,20.785148,-76.315526,large_airport
MUMZ,MZO,Sierra Maestra International Airport,Manzanillo,CU,20.288605,-77.087545,medium_airport
MUNG,GER,Rafael Cabrera Airport,Nueva Gerona,CU,21.834699630737305,-82.78379821777344,medium_airport
MUSC,SNU,Abel Santamaria International Airport,Santa Clara,CU,22.492215,-79.943119,large_airport
MUTD,TND,Alberto Delgado Airport,Trinidad,CU,21.7883,-79.9972,medium_airport
MUVR,VRA,Juan Gualberto Gomez International Airport,Matanzas,CU,23.034401,-81.435303,large_airport
MUVT,VTU,Hermanos Ameijeiras Airport,Las Tunas,CU,20.9876,-76.935799,medium_airport
MV-0012,FMT,Faresmaathoda Airport,Faresmaathodaa,MV,0.192647,73.196755,small_airport
MWCB,CYB,Charles Kirkconnell International Airport,West End,KY,19.687,-79.882797,medium_airport
MWCR,GCM,Owen Roberts International Airport,George Town,KY,19.292801,-81.357697,large_airport
MX-0203,,Cedros Airport,Mazapil,MX,24.6353,-101.79655,small_airport
MX-0687,,Agricola La Tuxcana Airport,Tuxcacuesco,MX,19.729351,-103.977854,small_airport
MY-LBP,LBP,Long Banga Airport,Long Banga,MY,3.202138,115.401811,small_airport
MYAF,ASD,Andros Town Airport,Andros Town,BS,24.697901,-77.795601,medium_airport
MYAK,TZN,Congo Town Airport,Andros,BS,24.158701,-77.589798,medium_airport
MYAM,MHH,Leonard M. Thompson International Airport,Marsh Harbour,BS,26.510711,-77.084262,medium_airport
MYAN,SAQ,San Andros Airport,Andros Island,BS,25.053800582885742,-78.04900360107422,medium_airport
MYAP,AXP,Spring Point Airport,Spring Point,BS,22.441799,-73.970901,medium_airport
MYAT,TCB,Treasure Cay Airport,Treasure Cay,BS,26.745300293,-77.3912963867,medium_airport
MYBC,CCZ,Chub Cay Airport,Chub Cay,BS,25.417101,-77.880898,medium_airport
MYBS,BIM,South Bimini Airport,South Bimini,BS,25.6998996735,-79.2647018433,medium_airport
MYCA,ATC,Arthur's Town Airport,Arthur's Town,BS,24.6294,-75.673797,medium_airport
MYCB,TBI,New Bight Airport,Cat Island,BS,24.3153,-75.452301,medium_airport
MYCI,CRI,Colonel Hill Airport,Colonel Hill,BS,22.7456,-74.182404,medium_airport
MYEF,GGT,Exuma International Airport,Moss Town,BS,23.562599,-75.877998,medium_airport
MYEH,ELH,North Eleuthera Airport,North Eleuthera,BS,25.475823,-76.680784,medium_airport
MYEM,GHB,Governor's Harbour Airport,Governor's Harbour,BS,25.2847,-76.331001,medium_airport
MYER,RSD,Rock Sound International Airport,Rock Sound,BS,24.89165,-76.177602,medium_airport
MYGF,FPO,Grand Bahama International Airport,Freeport,BS,26.557996,-78.695583,large_airport
MYIG,IGA,Inagua Airport,Matthew Town,BS,20.975,-73.666901,medium_airport
MYK,MYK,May Creek Airport,May Creek,US,61.335701,-142.686996,small_airport
MYLD,LGI,Deadman's Cay Airport,Deadman's Cay,BS,23.1790008545,-75.09359741210001,medium_airport
MYLS,SML,Stella Maris Airport,Stella Maris,BS,23.582317,-75.268621,medium_airport
MYMM,MYG,Mayaguana Airport,Abraham Bay Settlement,BS,22.379499,-73.013494,medium_airport
MYNN,NAS,Lynden Pindling International Airport,Nassau,BS,25.039,-77.466202,large_airport
MYSM,ZSA,San Salvador International Airport,San Salvador,BS,24.063041,-74.523233,large_airport
MZBZ,BZE,Philip S. W. Goldson International Airport,Belize City,BZ,17.539951,-88.303556,large_airport
MZPL,PLJ,Placencia Airport,Placencia,BZ,16.536957,-88.361511,medium_airport
NCAI,AIT,Aitutaki Airport,Aitutaki,CK,-18.8309,-159.764008,small_airport
NCAT,AIU,Enua Airport,Atiu Island,CK,-19.96780014038086,-158.11900329589844,small_airport
NCMH,MHX,Manihiki Island Airport,Manihiki Island,CK,-10.38091,-160.999424,small_airport
NCMK,MUK,Mauke Airport,Mauke Island,CK,-20.13610076904297,-157.34500122070312,small_airport
NCMR,MOI,Mitiaro Island Airport,Mitiaro Island,CK,-19.842501,-157.703003,small_airport
NCRG,RAR,Rarotonga International Airport,Avarua,CK,-21.2027,-159.806,large_airport
NFCI,ICI,Cicia Airport,Cicia,FJ,-17.7432994843,-179.341995239,small_airport
NFFN,NAN,Nadi International Airport,Nadi,FJ,-17.761822,177.437843,large_airport
NFFO,PTF,Malolo Lailai Island Airport,Malolo Lailai Island,FJ,-17.778448,177.196996,small_airport
NFKD,KDV,Vunisea Airport,Vunisea,FJ,-19.058099746699998,178.156997681,small_airport
NFMA,MNF,Mana Island Airport,Mana Island,FJ,-17.672844,177.0985,small_airport
NFMO,MFJ,Moala Airport,Moala,FJ,-18.566699981699998,179.951004028,small_airport
NFNA,SUV,Nausori International Airport,Nausori,FJ,-18.044226,178.561486,large_airport
NFNB,LEV,Levuka Airfield,Bureta,FJ,-17.7110996246,178.759002686,small_airport
NFNG,NGI,Ngau Airport,Ngau,FJ,-18.115600585899998,179.339996338,small_airport
NFNK,LKB,Lakeba Island Airport,Lakeba Island,FJ,-18.1991996765,-178.817001343,small_airport
NFNL,LBS,Labasa Airport,Labasa,FJ,-16.4667,179.339996,medium_airport
NFNM,TVU,Matei Airport,Matei,FJ,-16.690599,-179.876999,small_airport
NFNO,KXF,Koro Island Airport,Koro Island,FJ,-17.3458003998,179.42199707,small_airport
NFNR,RTA,Rotuma Airport,Rotuma,FJ,-12.482500076293945,177.0709991455078,small_airport
NFNS,SVU,Savusavu Airport,Savusavu,FJ,-16.803394,179.340587,small_airport
NFSW,YAS,Yasawa Island Airport,Yasawa Island,FJ,-16.7589,177.544998,small_airport
NFTE,EUA,Kaufana Airport,Eua Island,TO,-21.378299713100002,-174.957992554,small_airport
NFTF,TBU,Fua'amotu International Airport,Nuku'alofa,TO,-21.241438,-175.149164,large_airport
NFTL,HPA,Lifuka Island Airport,Lifuka,TO,-19.777000427246094,-174.34100341796875,medium_airport
NFTP,NTT,Kuini Lavenia Airport,Niuatoputapu,TO,-15.977297,-173.791089,small_airport
NFTV,VAV,Vava'u International Airport,Vava'u Island,TO,-18.5853,-173.962006,large_airport
NFVB,VBV,Vanua Balavu Airport,Vanua Balavu,FJ,-17.268999099731445,-178.9759979248047,small_airport
NG-0004,PHG,Port Harcourt City Airport / Port Harcourt Air Force Base,Port Harcourt,NG,4.846111,7.021389,medium_airport
NG-0005,,Sir Ahmadu Bello International Airport,Birinin Kebbi,NG,12.479048,4.369132,large_airport
NGFU,FUN,Funafuti International Airport,Funafuti,TV,-8.523885,179.196976,medium_airport
NGTA,TRW,Bonriki International Airport,South Tarawa,KI,1.38164,173.147003,large_airport
NGTU,BBG,Butaritari Airport,Butaritari,KI,3.08583,172.811005,small_airport
NGUK,AAK,Aranuka Airport,Buariki,KI,0.185278,173.636993,small_airport
NIUE,IUE,Niue International Airport,Alofi,NU,-19.080109,-169.923493,medium_airport
NLH,NLH,Ninglang Luguhu Airport,Ninglang,CN,27.5403,100.7593,medium_airport
NLWF,FUT,Pointe Vele Airport,Futuna Island,WF,-14.311565,-178.066492,small_airport
NLWW,WLS,Hihifo Airport,Wallis Island,WF,-13.239445,-176.19865,large_airport
NP-0003,PHH,Pokhara International Airport,Pokhara,NP,28.1838,84.0147,large_airport
NSAS,OFU,Ofu Airport,Ofu,AS,-14.1844,-169.669998,small_airport
NSFA,APW,Faleolo International Airport,Apia,WS,-13.83,-172.007996,large_airport
NSFQ,FTI,Fitiuta Airport,Fitiuta Village,AS,-14.216131,-169.423771,small_airport
NSTU,PPG,Pago Pago International Airport,Pago Pago,AS,-14.331,-170.710007,large_airport
NTAA,PPT,Fa'a'ā International Airport,Papeete,PF,-17.553472,-149.606936,large_airport
NTAM,RMT,Rimatara Airport,Rimatara Island,PF,-22.63725,-152.8059,small_airport
NTAR,RUR,Rurutu Airport,,PF,-22.434099197387695,-151.36099243164062,medium_airport
NTAT,TUB,Tubuai Airport,,PF,-23.365400314331055,-149.5240020751953,medium_airport
NTAV,RVV,Raivavae Airport,,PF,-23.885201,-147.662003,small_airport
NTGA,AAA,Anaa Airport,Anaa,PF,-17.3526,-145.509995,medium_airport
NTGB,FGU,Fangatau Airport,Fangatau,PF,-15.820044,-140.888071,medium_airport
NTGC,TIH,Tikehau Airport,Tuherahera,PF,-15.1196,-148.231003,medium_airport
NTGD,APK,Apataki Airport,Apataki,PF,-15.5736,-146.414993,small_airport
NTGF,FAV,Fakarava Airport,,PF,-16.054100036621094,-145.65699768066406,medium_airport
NTGH,HHZ,Hikueru Airport,Hikueru,PF,-17.548297,-142.612037,small_airport
NTGI,XMH,Manihi Airport,,PF,-14.436800003051758,-146.07000732421875,medium_airport
NTGJ,GMR,Totegegie Airport,,PF,-23.07990074157715,-134.88999938964844,medium_airport
NTGK,KKR,Kaukura Airport,Raitahiti,PF,-15.6633,-146.884995,medium_airport
NTGM,MKP,Makemo Airport,Makemo,PF,-16.5839,-143.658005,medium_airport
NTGN,NAU,Napuka Island Airport,Napuka Island,PF,-14.177397,-141.266112,small_airport
NTGO,TKV,Tatakoto Airport,Tatakoto,PF,-17.355226,-138.44734,small_airport
NTGP,PKP,Puka Puka Airport,,PF,-14.80955,-138.812621,small_airport
NTGT,TKP,Takapoto Airport,,PF,-14.709500312805176,-145.24600219726562,medium_airport
NTGU,AXR,Arutua Airport,,PF,-15.248299598693848,-146.61700439453125,medium_airport
NTGV,MVT,Mataiva Airport,,PF,-14.8681001663208,-148.7169952392578,medium_airport
NTHE,AHE,Ahe Airport,Ahe Atoll,PF,-14.428099632263184,-146.2570037841797,medium_airport
NTKA,KHZ,Kauehi Airport,Kauehi,PF,-15.780622,-145.128443,small_airport
NTKH,FHZ,Fakahina Airport,Fakahina,PF,-15.992259,-140.164246,small_airport
NTKN,NIU,Naiu Airport,Naiu Atoll,PF,-16.119296,-146.368768,small_airport
NTKO,RRR,Raroia Airport,Raroia,PF,-16.050485,-142.476568,small_airport
NTKR,TKX,Takaroa Airport,,PF,-14.45580005645752,-145.02499389648438,medium_airport
NTMD,NHV,Nuku Hiva Airport,Nuku Hiva,PF,-8.7956,-140.229004,medium_airport
NTMN,AUQ,Hiva Oa-Atuona Airport,Hiva Oa Island,PF,-9.76879024506,-139.011001587,medium_airport
NTMP,UAP,Ua Pou Airport,Ua Pou,PF,-9.35167,-140.078003,small_airport
NTMU,UAH,Ua Huka Airport,Ua Huka,PF,-8.936228,-139.554062,small_airport
NTTB,BOB,Bora Bora Airport,Motu Mute,PF,-16.444400787353516,-151.75100708007812,medium_airport
NTTG,RGI,Rangiroa Airport,,PF,-14.954299926757812,-147.66099548339844,medium_airport
NTTH,HUH,Huahine-Fare Airport,Fare,PF,-16.687084,-151.021593,medium_airport
NTTM,MOZ,Moorea Temae Airport,Moorea-Maiao,PF,-17.48979,-149.761777,medium_airport
NTTO,HOI,Hao Airport,Otepa,PF,-18.0748,-140.945999,medium_airport
NTTP,MAU,Maupiti Airport,,PF,-16.42650032043457,-152.24400329589844,medium_airport
NTTR,RFP,Raiatea Airport,Uturoa,PF,-16.7229,-151.466003,medium_airport
NVSC,SLH,Sola Airport,Sola,VU,-13.8516998291,167.537002563,small_airport
NVSF,CCV,Craig Cove Airport,Craig Cove,VU,-16.264999,167.923996,small_airport
NVSG,LOD,Longana Airport,Longana,VU,-15.3066997528,167.966995239,small_airport
NVSH,SSR,Sara Airport,Pentecost Island,VU,-15.4708003998,168.151992798,small_airport
NVSI,PBJ,Tavie Airport,Paama Island,VU,-16.431955,168.235511,small_airport
NVSL,LPM,Lamap Airport,Lamap,VU,-16.4611228,167.829253,small_airport
NVSM,LNB,Lamen Bay Airport,Lamen Bay,VU,-16.584199905400002,168.158996582,small_airport
NVSO,LNE,Lonorore Airport,Lonorore,VU,-15.865599632299999,168.17199707,small_airport
NVSP,NUS,Norsup Airport,Norsup,VU,-16.0797,167.401001,small_airport
NVSS,SON,Santo Pekoa International Airport,Luganville,VU,-15.505000114399998,167.220001221,medium_airport
NVST,TGH,Tongoa Airport,Tongoa Island,VU,-16.8910999298,168.550994873,small_airport
NVSV,VLS,Valesdir Airport,Epi Island,VU,-16.796100616500002,168.177001953,small_airport
NVSW,WLH,Walaha Airport,Walaha,VU,-15.412,167.690994,small_airport
NVSZ,OLJ,North West Santo Airport,Olpoi,VU,-14.881699562099998,166.557998657,small_airport
NVVF,FTA,Futuna Airport,Futuna Island,VU,-19.516399383499998,170.231994629,small_airport
NVVV,VLI,Bauerfield International Airport,Port Vila,VU,-17.699301,168.320007,large_airport
NVVW,TAH,Whitegrass Airport,Tanna Island,VU,-19.455099,169.223999,medium_airport
NWWA,TGJ,Tiga Airport,Tiga,NC,-21.096407,167.80379,medium_airport
NWWC,BMY,Île Art - Waala Airport,Waala,NC,-19.720521,163.661077,small_airport
NWWD,KNQ,Koné Airport,Koné,NC,-21.053551,164.838768,medium_airport
NWWE,ILP,Île des Pins Airport,Île des Pins,NC,-22.5889,167.455994,medium_airport
NWWK,KOC,Koumac Airport,Koumac,NC,-20.546323,164.255648,small_airport
NWWL,LIF,Lifou Airport,Lifou,NC,-20.774563,167.239328,medium_airport
NWWM,GEA,Nouméa Magenta Airport,Nouméa,NC,-22.257706,166.472822,medium_airport
NWWR,MEE,Maré Airport,Maré,NC,-21.482438,168.038465,medium_airport
NWWU,TOU,Touho Airport,Touho,NC,-20.790127,165.259524,medium_airport
NWWV,UVE,Ouvéa Airport,Ouvéa,NC,-20.640932,166.573024,medium_airport
NWWW,NOU,La Tontouta International Airport,Nouméa (La Tontouta),NC,-22.014601,166.212997,large_airport
NZ-0026,,Pitt Island Aerodrome,Pitt Island,NZ,-44.293167,-176.203476,small_airport
NZAA,AKL,Auckland International Airport,Auckland,NZ,-37.01199,174.786331,large_airport
NZAP,TUO,Taupo Airport,Taupo,NZ,-38.73970031738281,176.08399963378906,medium_airport
NZCH,CHC,Christchurch International Airport,Christchurch,NZ,-43.489029,172.532065,large_airport
NZCI,CHT,Inia William Tuuta Memorial Airport,Te One,NZ,-43.81189,-176.46514,medium_airport
NZDN,DUD,Dunedin International Airport,Dunedin,NZ,-45.929017,170.197758,medium_airport
NZGB,GBZ,Great Barrier Aerodrome,Claris,NZ,-36.241402,175.472,small_airport
NZGS,GIS,Gisborne Airport,Gisborne,NZ,-38.6633,177.977997,medium_airport
NZHK,HKK,Hokitika Airfield,,NZ,-42.713600158691406,170.98500061035156,medium_airport
NZHN,HLZ,Hamilton International Airport,Hamilton,NZ,-37.866961,175.331952,medium_airport
NZKK,KKE,Kerikeri Airport,Kerikeri,NZ,-35.259148,173.913317,medium_airport
NZKT,KAT,Kaitaia Airport,Awanui,NZ,-35.069837,173.287053,medium_airport
NZNP,NPL,New Plymouth Airport,New Plymouth,NZ,-39.00859832763672,174.1790008544922,medium_airport
NZNR,NPE,Hawke's Bay Airport,Napier,NZ,-39.465801,176.869995,medium_airport
NZNS,NSN,Nelson Airport,Nelson,NZ,-41.296709,173.224323,medium_airport
NZNV,IVC,Invercargill Airport,Invercargill,NZ,-46.41239929199219,168.31300354003906,medium_airport
NZOT,,Otaki Airport,Otaki,NZ,-40.785582,175.1513,small_airport
NZPM,PMR,Palmerston North Airport,Palmerston North,NZ,-40.320599,175.617004,medium_airport
NZPN,PCN,Picton Aerodrome,Koromiko,NZ,-41.346099853516,173.95599365234,small_airport
NZQN,ZQN,Queenstown Airport,Queenstown,NZ,-45.019205,168.746379,large_airport
NZRO,ROT,Rotorua Regional Airport,Rotorua,NZ,-38.1092,176.317001,medium_airport
NZTG,TRG,Tauranga Airport,Tauranga,NZ,-37.67190170288086,176.1959991455078,medium_airport
NZTU,TIU,Timaru Airport,,NZ,-44.302799224853516,171.22500610351562,medium_airport
NZWB,BHE,Woodbourne Airport,Blenheim,NZ,-41.5182991027832,173.8699951171875,medium_airport
NZWF,WKA,Wanaka Airport,Wanaka,NZ,-44.722091,169.246287,medium_airport
NZWK,WHK,Whakatāne Airport,Whakatāne,NZ,-37.922224,176.91696,medium_airport
NZWN,WLG,Wellington International Airport,Wellington,NZ,-41.326839,174.806862,large_airport
NZWR,WRE,Whangarei Airport,Whangarei,NZ,-35.769253,174.363713,medium_airport
NZWS,WSZ,Westport Airport,Westport,NZ,-41.737111,171.579033,medium_airport
NZWU,WAG,Wanganui Airport,Wanganui,NZ,-39.963467,175.02444,medium_airport
OAFZ,FBD,Fayzabad Airport,Fayzabad,AF,37.122148,70.5201,small_airport
OAHR,HEA,Herat - Khwaja Abdullah Ansari International Airport,Guzara,AF,34.209999,62.228298,large_airport
OAKB,KBL,Kabul International Airport,Kabul,AF,34.565899,69.212303,large_airport
OAKN,KDH,Ahmad Shah Baba International Airport,Kandahar,AF,31.505769,65.847963,large_airport
OAKS,KHT,Khost International Airport,Khost,AF,33.284605,69.80734,medium_airport
OAMS,MZR,Mazar-i-Sharif International Airport,Mazar-i-Sharif,AF,36.70412,67.210459,large_airport
OBBI,BAH,Bahrain International Airport,Manama,BH,26.267295,50.63764,large_airport
OCS,OCS,Corisco International Airport,Corisco Island,GQ,0.910937,9.33027,large_airport
OEAB,AHB,Abha International Airport,Abha,SA,18.2404,42.656601,large_airport
OEAH,HOF,Al-Ahsa International Airport,Hofuf,SA,25.285299,49.485199,large_airport
OEAO,ULH,Al-Ula International Airport,Al-Ula,SA,26.483634,38.117048,large_airport
OEBA,ABT,King Saud Bin Abdulaziz (Al Baha) Airport,Al-Baha,SA,20.298506,41.636153,medium_airport
OEBH,BHH,Bisha Airport,Bisha,SA,19.9844,42.620899,medium_airport
OEDF,DMM,King Fahd International Airport,Ad Dammam,SA,26.4691,49.798209,large_airport
OEDM,DWD,Dawadmi Domestic Airport,Dawadmi,SA,24.4499,44.121201,medium_airport
OEGN,GIZ,Jizan Regional Airport / King Abdullah bin Abdulaziz Airport,Jizan,SA,16.9011,42.5858,medium_airport
OEGS,ELQ,Prince Naif bin Abdulaziz International Airport,Qassim,SA,26.302799,43.774399,large_airport
OEGT,URY,Gurayat Domestic Airport,Gurayat,SA,31.412413,37.278898,medium_airport
OEHL,HAS,Hail International Airport,Hail,SA,27.437901,41.686298,large_airport
OEJN,JED,King Abdulaziz International Airport,Jeddah,SA,21.680241,39.157436,large_airport
OEKK,KMC,King Khaled Military City Airport,King Khaled Military City,SA,27.9009,45.528198,medium_airport
OEMA,MED,Prince Mohammad Bin Abdulaziz Airport,Medina,SA,24.5534,39.705101,large_airport
OENG,EAM,Najran Domestic Airport,Najran,SA,17.611401,44.419201,medium_airport
OENN,NUM,Neom Bay Airport,Sharma,SA,27.924261,35.29358,large_airport
OEPA,AQI,Qaisumah–Hafar Al-Batin International Airport,Qaisumah,SA,28.335726,46.127108,large_airport
OERF,RAH,Rafha Domestic Airport,Rafha,SA,29.626399993896484,43.4906005859375,medium_airport
OERK,RUH,King Khalid International Airport,Riyadh,SA,24.9576,46.698799,large_airport
OERR,RAE,Arar Domestic Airport,Arar,SA,30.906600952148438,41.13819885253906,medium_airport
OESH,SHW,Sharurah Domestic Airport,Sharurah,SA,17.4669,47.121399,medium_airport
OESK,AJF,Al-Jawf International Airport,Al-Jawf,SA,29.783301,40.100905,large_airport
OETB,TUU,Prince Sultan bin Abdulaziz International Airport,Tabuk,SA,28.3711,36.624865,large_airport
OETF,TIF,Taif International Airport,Taif,SA,21.484739,40.544074,large_airport
OETR,TUI,Turaif Domestic Airport,Turaif,SA,31.692188,38.731544,medium_airport
OEWD,WAE,Wadi Al Dawasir Domestic Airport,Wadi Al Dawasir,SA,20.504299,45.1996,medium_airport
OEWJ,EJH,Al Wajh Domestic Airport,Al Wajh,SA,26.198601,36.476398,medium_airport
OEYN,YNB,Prince Abdulmohsen Bin Abdulaziz International Airport,Yanbu,SA,24.144199,38.0634,large_airport
OIAA,ABD,Abadan Ayatollah Jami International Airport,Abadan,IR,30.367887,48.230075,large_airport
OIAD,DEF,Dezful Airport,Dezful,IR,32.434399,48.397598,medium_airport
OIAH,GCH,Gachsaran Airport,Gachsaran,IR,30.333869,50.833796,medium_airport
OIAM,MRX,Mahshahr Airport,Mahshahr,IR,30.5562,49.151901,medium_airport
OIAW,AWZ,Qasem Soleimani International Airport,Ahvaz,IR,31.3364,48.763789,large_airport
OIBA,AEU,Abu Musa Island Airport,Abu Musa,IR,25.8757,55.033001,medium_airport
OIBB,BUZ,Bushehr Airport,Bushehr,IR,28.9447994232,50.8345985413,medium_airport
OIBK,KIH,Kish International Airport,Kish Island,IR,26.525427,53.980462,large_airport
OIBL,BDH,Bandar Lengeh International Airport,Bandar Lengeh,IR,26.532283,54.82484,medium_airport
OIBP,PGU,Persian Gulf International Airport,Khiyaroo,IR,27.379601,52.737701,medium_airport
OIBQ,KHK,Khark Airport,Khark,IR,29.260503,50.322193,medium_airport
OICC,KSH,Shahid Ashrafi Esfahani Airport,Kermanshah,IR,34.3459014893,47.1581001282,medium_airport
OICK,KHD,Khoram Abad Airport,,IR,33.43539810180664,48.282901763916016,medium_airport
OICS,SDG,Sanandaj Airport,,IR,35.24589920043945,47.00920104980469,medium_airport
OIFK,KKS,Kashan Airport,Kashan,IR,33.895302,51.577,medium_airport
OIFM,IFN,Isfahan Shahid Beheshti International Airport,Isfahan,IR,32.755142,51.883877,large_airport
OIGG,RAS,Sardar-e-Jangal Airport,Rasht,IR,37.323333,49.617778,medium_airport
OIHH,HDM,Hamadan Airport,Hamadan,IR,34.866416,48.56069,medium_airport
OIIE,IKA,Imam Khomeini International Airport,Tehran,IR,35.416099548339844,51.152198791503906,large_airport
OIII,THR,Mehrabad International Airport,Tehran,IR,35.689175,51.314392,large_airport
OIIP,PYK,Payam International Airport,Karaj,IR,35.7761,50.826698,large_airport
OIIS,SNX,Semnan Municipal Airport,Semnan,IR,35.591099,53.495098,small_airport
OIKB,BND,Bandar Abbas International Airport,Bandar Abbas,IR,27.2183,56.3778,large_airport
OIKK,KER,Ayatollah Hashemi Rafsanjani International Airport,Kerman,IR,30.271276,56.949692,large_airport
OIKM,BXR,Bam Airport,Bam,IR,29.0842,58.450001,medium_airport
OIKQ,GSM,Qeshm International Airport,Qeshm(Dayrestan),IR,26.754639,55.902353,large_airport
OIKR,RJN,Rafsanjan Airport,Rafsanjan,IR,30.298345,56.048979,medium_airport
OIMB,XBJ,Birjand International Airport,Birjand,IR,32.896525,59.281258,large_airport
OIMM,MHD,Mashhad International Airport,Mashhad,IR,36.234821,59.642949,large_airport
OIMN,BJB,Bojnord Airport,Bojnord,IR,37.49300003051758,57.30820083618164,medium_airport
OIMS,AFZ,Sabzevar National Airport,Sabzevar,IR,36.16809844970703,57.59519958496094,medium_airport
OINN,NSH,Nowshahr Airport,Nowshahr,IR,36.664286,51.46273,medium_airport
OINR,RZR,Ramsar Airport,Ramsar,IR,36.90701,50.687316,medium_airport
OINZ,SRY,Sari Dasht-e Naz International Airport,Sari,IR,36.644408,53.188761,medium_airport
OISL,LRR,Lar Airport,Lar,IR,27.6747,54.383301,medium_airport
OISR,LFM,Lamerd Airport,Lamerd,IR,27.3727,53.188801,medium_airport
OISS,SYZ,Shiraz Shahid Dastghaib International Airport,Shiraz,IR,29.5392,52.589802,large_airport
OITL,ADU,Ardabil Airport,Ardabil,IR,38.3256988525,48.4244003296,medium_airport
OITP,PFQ,Parsabad-Moghan Airport,Parsabad,IR,39.6036,47.8815,small_airport
OITR,OMH,Urmia Airport,Urmia,IR,37.6680984497,45.0686988831,medium_airport
OITT,TBZ,Tabriz International Airport,Tabriz,IR,38.1339,46.235001,large_airport
OIYY,AZD,Shahid Sadooghi Airport,Yazd,IR,31.9048995972,54.2765007019,medium_airport
OIZC,ZBR,Chabahar Konarak International Airport,Konarak,IR,25.44319,60.382167,medium_airport
OIZH,ZAH,Zahedan International Airport,Zahedan,IR,29.4757,60.9062,large_airport
OIZJ,JSK,Jask Airport,Bandar-e-Jask,IR,25.654757,57.801718,small_airport
OJAI,AMM,Queen Alia International Airport,Amman,JO,31.7226009369,35.9931983948,large_airport
OJAM,ADJ,Marka International (Amman Civil) Airport,Amman,JO,31.9727,35.9916,large_airport
OJAQ,AQJ,King Hussein International Airport,Aqaba,JO,29.611601,35.018101,large_airport
OKKK,KWI,Kuwait International Airport,Kuwait City,KW,29.224487,47.969813,large_airport
OLBA,BEY,Beirut Rafic Hariri International Airport,Beirut,LB,33.819833,35.487443,large_airport
OLH,OLH,Old Harbor Airport,Old Harbor,US,57.218102,-153.270004,small_airport
OM-0003,DQM,Duqm International Airport,Duqm,OM,19.501944,57.634167,large_airport
OMAA,AUH,Zayed International Airport,Abu Dhabi,AE,24.440966,54.649237,large_airport
OMAL,AAN,Al Ain International Airport,Al Ain,AE,24.2617,55.6092,large_airport
OMDB,DXB,Dubai International Airport,Dubai,AE,25.24979,55.370992,large_airport
OMDL,ZDY,Delma Airport,Delma Island,AE,24.51,52.3352,small_airport
OMDW,DWC,Al Maktoum International Airport,Dubai(Jebel Ali),AE,24.896171,55.16235,large_airport
OMFJ,FJR,Fujairah International Airport,Fujairah,AE,25.108411,56.328061,large_airport
OMRK,RKT,Ras Al Khaimah International Airport,Ras Al Khaimah,AE,25.613501,55.938801,large_airport
OMSJ,SHJ,Sharjah International Airport,Sharjah,AE,25.3286,55.5172,large_airport
OOKB,KHS,Khasab Airport,Khasab,OM,26.171,56.240601,medium_airport
OOMS,MCT,Muscat International Airport,Muscat/Seeb,OM,23.600218,58.285268,large_airport
OOSA,SLL,Salalah International Airport,Salalah,OM,17.0387,54.091301,large_airport
OOSH,OHS,Suhar International Airport,Suhar,OM,24.38604,56.62541,large_airport
OPBW,BHV,Bahawalpur Airport,Bahawalpur,PK,29.348100662231445,71.71800231933594,medium_airport
OPCH,CJL,Chitral Airport,Chitral,PK,35.886213,71.799922,medium_airport
OPDB,DBA,Dalbandin Airport,Dalbandin,PK,28.878299713100002,64.3998031616,small_airport
OPDG,DEA,Dera Ghazi Khan Airport,Dera Ghazi Khan,PK,29.961000442504883,70.48590087890625,medium_airport
OPFA,LYP,Faisalabad International Airport,Faisalabad,PK,31.364923,72.995319,large_airport
OPGD,GWD,New Gwadar International Airport,Gurandani,PK,25.296733,62.498822,large_airport
OPGT,GIL,Gilgit Airport,Gilgit,PK,35.918800354003906,74.33360290527344,medium_airport
OPIS,ISB,Islamabad International Airport,Attock,PK,33.549,72.82566,large_airport
OPKC,KHI,Jinnah International Airport,Karachi,PK,24.9065,67.160797,large_airport
OPKD,HDD,Hyderabad Airport,Hyderabad,PK,25.3181,68.366096,small_airport
OPKH,KDD,Khuzdar Airport,Khuzdar,PK,27.790599823,66.6473007202,small_airport
OPLA,LHE,Allama Iqbal International Airport,Lahore,PK,31.521601,74.403603,large_airport
OPMF,MFG,Muzaffarabad Airport,Muzaffarabad,PK,34.338835,73.508886,small_airport
OPMT,MUX,Multan International Airport,Multan,PK,30.203199,71.419098,large_airport
OPNH,WNS,Shaheed Benazirabad Airport,Nawabashah,PK,26.2194,68.390099,medium_airport
OPPS,PEW,Bacha Khan International Airport,Peshawar,PK,33.9939,71.514603,large_airport
OPQT,UET,Quetta International Airport,Quetta,PK,30.2514,66.937798,large_airport
OPRK,RYK,Shaikh Zaid Airport,Rahim Yar Khan,PK,28.383899688720703,70.27960205078125,medium_airport
OPSD,KDU,Skardu International Airport,Skardu,PK,35.33866,75.538648,large_airport
OPSK,SKZ,Begum Nusrat Bhutto International Airport Sukkur,Sukkur,PK,27.722,68.791702,medium_airport
OPST,SKT,Sialkot International Airport,Sialkot,PK,32.535941,74.364623,large_airport
OPTU,TUK,Turbat International Airport,Turbat,PK,25.984767,63.028856,large_airport
OPZB,PZH,Zhob Airport,Fort Sandeman,PK,31.358400344848633,69.4636001586914,medium_airport
ORBI,BGW,Baghdad International Airport / New Al Muthana Air Base,Baghdad,IQ,33.262501,44.2346,large_airport
ORER,EBL,Erbil International Airport,Arbil,IQ,36.236047,43.946615,large_airport
ORI,ORI,Port Lions Airport,Port Lions,US,57.884905,-152.847719,small_airport
ORKK,KIK,Kirkuk International Airport,Kirkuk,IQ,35.469501,44.3489,large_airport
ORMM,BSR,Basra International Airport,Basra,IQ,30.549101,47.662102,large_airport
ORNI,NJF,Al Najaf International Airport,Najaf,IQ,31.991116,44.405019,large_airport
ORSU,ISU,Jalal Talabani International Airport,Sulaymaniyah,IQ,35.560487,45.315137,medium_airport
OSAP,ALP,Aleppo International Airport,Aleppo,SY,36.181262,37.226869,large_airport
OSDI,DAM,Damascus International Airport,Damascus,SY,33.4114990234375,36.51559829711914,large_airport
OSKL,KAC,Qamishli International Airport,Qamishli,SY,37.020599,41.191399,medium_airport
OSLK,LTK,Latakia International Airport,Latakia,SY,35.4011,35.9487,medium_airport
OTBD,DIA,Doha International Airport,Doha,QA,25.259431,51.565528,large_airport
OTHH,DOH,Hamad International Airport,Doha,QA,25.273056,51.608056,large_airport
OYAA,ADE,Aden International Airport,Aden,YE,12.829564,45.029976,large_airport
OYGD,AAY,Al Ghaydah International Airport,Al Ghaydah,YE,16.193341,52.174186,medium_airport
OYRN,RIY,Riyan International Airport,Mukalla(Riyan),YE,14.662241,49.375289,large_airport
OYSN,SAH,Sanaa International Airport,Sanaa,YE,15.4763,44.2197,large_airport
OYSQ,SCT,Socotra Airport,Mori,YE,12.632093,53.906173,medium_airport
OYSY,GXF,Seiyun Hadhramaut International Airport,Seiyun,YE,15.965887,48.788146,large_airport
OYTZ,TAI,Taiz International Airport,Taiz,YE,13.686,44.139099,medium_airport
PA-0038,,Pixvae Airstrip,Pixvae,PA,7.841248,-81.567301,small_airport
PA-BFQ,BFQ,Bahia Piña Airport,Puerto Piña,PA,7.58737,-78.179939,small_airport
PA-OTD,OTD,Raul Arias Espinoza Airport,Contadora Island,PA,8.62876,-79.034698,small_airport
PAAK,AKB,Atka Airport,Atka,US,52.220299,-174.205994,small_airport
PABA,BTI,Barter Island Long Range Radar Station Airport,Barter Island,US,70.134003,-143.582001,medium_airport
PABE,BET,Bethel Airport,Bethel,US,60.77980042,-161.8379974,medium_airport
PABL,BKC,Buckland Airport,Buckland,US,65.981598,-161.149002,small_airport
PABR,BRW,Wiley Post Will Rogers Memorial Airport,Utqiaġvik,US,71.285402,-156.766008,medium_airport
PABT,BTT,Bettles Airport,Bettles,US,66.913902,-151.529007,small_airport
PACD,CDB,Cold Bay Airport,Cold Bay,US,55.207871,-162.725029,medium_airport
PACE,CEM,Central Airport,Central,US,65.573815,-144.780707,small_airport
PACI,CIK,Chalkyitsik Airport,Chalkyitsik,US,66.644997,-143.740005,small_airport
PACK,CYF,Chefornak Airport,Chefornak,US,60.136667,-164.279167,small_airport
PACM,SCM,Scammon Bay Airport,Scammon Bay,US,61.84471,-165.575209,small_airport
PACR,IRC,Circle City (New) Airport,Circle,US,65.827673,-144.076195,small_airport
PACV,CDV,Merle K (Mudhole) Smith Airport,Cordova,US,60.491798,-145.477997,medium_airport
PACY,CYT,Yakataga Airport,Yakataga,US,60.080974,-142.494541,small_airport
PADE,DRG,Deering Airport,Deering,US,66.068901,-162.766914,medium_airport
PADK,ADK,Adak Airport,Adak,US,51.883564,-176.642783,medium_airport
PADL,DLG,Dillingham Airport,Dillingham,US,59.04470062,-158.5050049,medium_airport
PADM,MLL,Marshall Don Hunter Sr Airport,Marshall,US,61.8643,-162.026001,small_airport
PADQ,ADQ,Kodiak Airport,Kodiak,US,57.75,-152.4940033,medium_airport
PADU,DUT,Tom Madsen (Dutch Harbor) Airport,Unalaska,US,53.89881,-166.544996,medium_airport
PADY,KKH,Kongiganak Airport,Kongiganak,US,59.9608,-162.880997,small_airport
PAEE,EEK,Eek Airport,Eek,US,60.213173,-162.044048,small_airport
PAEG,EAA,Eagle Airport,Eagle,US,64.778003,-141.150455,small_airport
PAEM,EMK,Emmonak Airport,Emmonak,US,62.78609848,-164.4909973,medium_airport
PAEN,ENA,Kenai Municipal Airport,Kenai,US,60.570946,-151.245174,medium_airport
PAEW,WWT,Mertarvik Airport,Mertarvik,US,60.81037,-164.499511,small_airport
PAFA,FAI,Fairbanks International Airport,Fairbanks,US,64.815102,-147.856003,medium_airport
PAFM,ABL,Ambler Airport,Ambler,US,67.105529,-157.855339,medium_airport
PAFS,NIB,Nikolai Airport,Nikolai,US,63.017949,-154.360399,small_airport
PAGA,GAL,Edward G. Pitka Sr Airport,Galena,US,64.736198,-156.936997,medium_airport
PAGG,KWK,Kwigillingok Airport,Kwigillingok,US,59.876499,-163.169005,small_airport
PAGH,SHG,Shungnak Airport,Shungnak,US,66.88809967041,-157.16200256348,small_airport
PAGK,GKN,Gulkana Airport,Gulkana,US,62.155859,-145.454662,medium_airport
PAGL,GLV,Golovin Airport,Golovin,US,64.550499,-163.007004,small_airport
PAGM,GAM,Gambell Airport,Gambell,US,63.767694,-171.733303,medium_airport
PAGS,GST,Gustavus Airport,Gustavus,US,58.4253006,-135.7070007,medium_airport
PAGT,NME,Nightmute Airport,Nightmute,US,60.469129,-164.70407,small_airport
PAGY,SGY,Skagway Airport,Skagway,US,59.460343,-135.316651,small_airport
PAHC,HCR,Holy Cross Airport,Holy Cross,US,62.18830108642578,-159.77499389648438,medium_airport
PAHL,HSL,Huslia Airport,Huslia,US,65.697899,-156.350998,medium_airport
PAHN,HNS,Haines Airport,Haines,US,59.243921,-135.523925,medium_airport
PAHO,HOM,Homer Airport,Homer,US,59.644456,-151.479235,medium_airport
PAHP,HPB,Hooper Bay Airport,Hooper Bay,US,61.523899,-166.147003,small_airport
PAHU,HUS,Hughes Airport,Hughes,US,66.04109955,-154.2630005,small_airport
PAIG,IGG,Igiugig Airport,Igiugig,US,59.324001,-155.901993,small_airport
PAII,EGX,Egegik Airport,Egegik,US,58.184386,-157.374873,medium_airport
PAIK,IAN,Bob Baker Memorial Airport,Kiana,US,66.976128,-160.439014,medium_airport
PAIL,ILI,Iliamna Airport,Iliamna,US,59.754398,-154.910996,medium_airport
PAIM,UTO,Indian Mountain LRRS Airport,Utopia Creek,US,65.992798,-153.703995,medium_airport
PAIW,WAA,Wales Airport,Wales,US,65.622593,-168.095,small_airport
PAJC,KCG,Chignik Airport,Chignik,US,56.311501,-158.373001,small_airport
PAJN,JNU,Juneau International Airport,Juneau,US,58.354935,-134.574416,medium_airport
PAJZ,KGK,Koliganek Airport,Koliganek,US,59.726600647,-157.259002686,small_airport
PAKF,KFP,False Pass Airport,False Pass,US,54.84751,-163.407168,small_airport
PAKH,AKK,Akhiok Airport,Akhiok,US,56.938702,-154.182999,small_airport
PAKI,KPN,Kipnuk Airport,Kipnuk,US,59.931796,-164.028196,small_airport
PAKK,KKA,Koyuk Alfred Adams Airport,Koyuk,US,64.939499,-161.154007,small_airport
PAKN,AKN,King Salmon Airport,King Salmon,US,58.677845,-156.651965,medium_airport
PAKO,IKO,Nikolski Air Station,Nikolski,US,52.941552,-168.849478,small_airport
PAKP,AKP,Anaktuvuk Pass Airport,Anaktuvuk Pass,US,68.133598,-151.742996,medium_airport
PAKT,KTN,Ketchikan International Airport,Ketchikan,US,55.35559845,-131.7140045,medium_airport
PAKV,KAL,Kaltag Airport,Kaltag,US,64.31864,-158.74197,small_airport
PAKW,KLW,Klawock Airport,Klawock,US,55.579201,-133.076004,medium_airport
PAKY,KYK,Karluk Airport,Karluk,US,57.565919,-154.453762,small_airport
PALB,KLN,Larsen Bay Airport,Larsen Bay,US,57.53516,-153.976455,small_airport
PALG,KLG,Kalskag Airport,Kalskag,US,61.53630065917969,-160.34100341796875,small_airport
PALJ,PTA,Port Alsworth Airport,Port Alsworth,US,60.201681,-154.325863,small_airport
PALU,LUR,Cape Lisburne LRRS Airport,Cape Lisburne,US,68.875099,-166.110001,medium_airport
PAMB,KMO,Manokotak Airport,Manokotak,US,58.932056,-158.901886,small_airport
PAMC,MCG,McGrath Airport,McGrath,US,62.95289993,-155.6060028,medium_airport
PAMH,LMA,Minchumina Airport,Minchumina,US,63.886002,-152.302002,small_airport
PAMK,SMK,St Michael Airport,St Michael,US,63.49010086,-162.1100006,small_airport
PAML,MLY,Manley Hot Springs Airport,Manley Hot Springs,US,64.99188,-150.644102,small_airport
PAMO,MOU,Mountain Village Airport,Mountain Village,US,62.095401763916016,-163.6820068359375,small_airport
PAMR,MRI,Merrill Field,Anchorage,US,61.212792,-149.843988,medium_airport
PAMY,MYU,Mekoryuk Airport,Mekoryuk,US,60.372338,-166.269751,medium_airport
PANA,WNA,Napakiak Airport,Napakiak,US,60.6903,-161.979004,small_airport
PANC,ANC,Ted Stevens Anchorage International Airport,Anchorage,US,61.179004,-149.992561,large_airport
PANI,ANI,Aniak Airport,Aniak,US,61.581600189208984,-159.54299926757812,medium_airport
PANU,NUL,Nulato Airport,Nulato,US,64.729301,-158.074005,small_airport
PANV,ANV,Anvik Airport,Anvik,US,62.646702,-160.190994,medium_airport
PANW,KNW,New Stuyahok Airport,New Stuyahok,US,59.451838,-157.373829,small_airport
PAOB,OBU,Kobuk Airport,Kobuk,US,66.9123,-156.897003,small_airport
PAOH,HNH,Hoonah Airport,Hoonah,US,58.0961,-135.410111,small_airport
PAOM,OME,Nome Airport,Nome,US,64.51219940185547,-165.44500732421875,medium_airport
PAOO,OOK,Toksook Bay Airport,Toksook Bay,US,60.541401,-165.087006,small_airport
PAOR,ORT,Northway Airport,Northway,US,62.9613,-141.929001,medium_airport
PAOT,OTZ,Ralph Wien Memorial Airport,Kotzebue,US,66.88469696,-162.598999,medium_airport
PAOU,NLG,Nelson Lagoon Airport,Nelson Lagoon,US,56.0075,-161.160004,small_airport
PAPB,STG,St George Airport,St George,US,56.577345,-169.663823,medium_airport
PAPE,KPV,Perryville Airport,Perryville,US,55.9065,-159.16091,small_airport
PAPG,PSG,Petersburg James A Johnson Airport,Petersburg,US,56.80170059,-132.9450073,medium_airport
PAPH,PTH,Port Heiden Airport,Port Heiden,US,56.957893,-158.630219,medium_airport
PAPK,PKA,Napaskiak Airport,Napaskiak,US,60.7029,-161.778,small_airport
PAPM,PTU,Platinum Airport,Platinum,US,59.017675,-161.827927,medium_airport
PAPN,PIP,Pilot Point Airport,Pilot Point,US,57.580399,-157.572006,small_airport
PAPO,PHO,Point Hope Airport,Point Hope,US,68.348801,-166.798996,small_airport
PAQH,KWN,Quinhagak Airport,Quinhagak,US,59.7551,-161.845,small_airport
PAQT,NUI,Nuiqsut Airport,Nuiqsut,US,70.209999,-151.005998,medium_airport
PARC,ARC,Arctic Village Airport,Arctic Village,US,68.1147,-145.578995,medium_airport
PARS,RSH,Russian Mission Airport,Russian Mission,US,61.775071,-161.319466,small_airport
PARY,RBY,Ruby Airport,Ruby,US,64.727203,-155.470001,medium_airport
PASA,SVA,Savoonga Airport,Savoonga,US,63.686401,-170.492996,medium_airport
PASC,SCC,Deadhorse Airport,Deadhorse,US,70.19470215,-148.4649963,medium_airport
PASD,SDP,Sand Point Airport,Sand Point,US,55.313908,-160.522099,medium_airport
PASH,SHH,Shishmaref Airport,Shishmaref,US,66.249604,-166.089112,small_airport
PASI,SIT,Sitka Rocky Gutierrez Airport,Sitka,US,57.04710006713867,-135.36199951171875,medium_airport
PASK,WLK,Selawik Airport,Selawik,US,66.600098,-159.985992,small_airport
PASL,SLQ,Sleetmute Airport,Sleetmute,US,61.7005,-157.166,small_airport
PASM,KSM,St Mary's Airport,St Mary's,US,62.060501,-163.302002,small_airport
PASN,SNP,St Paul Island Airport,St Paul Island,US,57.166311,-170.222555,medium_airport
PASO,SOV,Seldovia Airport,Seldovia,US,59.442981,-151.705227,small_airport
PATA,TAL,Ralph M Calhoun Memorial Airport,Tanana,US,65.1744,-152.108994,small_airport
PATC,TNC,Tin City Long Range Radar Station Airport,Tin City,US,65.563103,-167.921997,small_airport
PATE,TLA,Teller Airport,Teller,US,65.240402,-166.339005,small_airport
PATG,TOG,Togiak Airport,Togiak Village,US,59.052799,-160.397003,small_airport
PATQ,ATK,Atqasuk Edward Burnell Sr Memorial Airport,Atqasuk,US,70.46704,-157.436013,medium_airport
PAUK,AUK,Alakanuk Airport,Alakanuk,US,62.682653,-164.722481,small_airport
PAUN,UNK,Unalakleet Airport,Unalakleet,US,63.888401,-160.798996,medium_airport
PAUT,KQA,Akutan Airport,Akutan,US,54.14459,-165.604332,small_airport
PAVA,VAK,Chevak Airport,Chevak,US,61.5409,-165.6005,small_airport
PAVC,KVC,King Cove Airport,King Cove,US,55.116299,-162.266006,small_airport
PAVD,VDZ,Valdez Pioneer Field,Valdez,US,61.132712,-146.246567,medium_airport
PAVE,VEE,Venetie Airport,Venetie,US,67.008698,-146.365997,small_airport
PAVL,KVL,Kivalina Airport,Kivalina,US,67.734565,-164.559917,small_airport
PAWB,WBQ,Beaver Airport,Beaver,US,66.362198,-147.406998,small_airport
PAWG,WRG,Wrangell Airport,Wrangell,US,56.48429871,-132.3699951,medium_airport
PAWI,AIN,Wainwright Airport,Wainwright,US,70.638,-159.994995,medium_airport
PAWM,WMO,White Mountain Airport,White Mountain,US,64.689201,-163.412994,small_airport
PAWN,WTK,Noatak Airport,Noatak,US,67.561241,-162.980461,small_airport
PAYA,YAK,Yakutat Airport,Yakutat,US,59.508717,-139.660435,medium_airport
PFAK,AKI,Akiak Airport,Akiak,US,60.902646,-161.23106,small_airport
PFAL,AET,Allakaket Airport,Allakaket,US,66.551804,-152.621994,small_airport
PFCB,NCN,Chenega Bay Airport,Chenega,US,60.077602,-147.99468,small_airport
PFCL,CLP,Clarks Point Airport,Clarks Point,US,58.833698,-158.529007,small_airport
PFEL,ELI,Elim Airport,Elim,US,64.6147,-162.272003,small_airport
PFKA,KUK,Kasigluk Airport,Kasigluk,US,60.872747,-162.5247,small_airport
PFKK,KNK,Kokhanok Airport,Kokhanok,US,59.433248,-154.80217,small_airport
PFKO,KOT,Kotlik Airport,Kotlik,US,63.030602,-163.533005,small_airport
PFKT,KTS,Brevig Mission Airport,Brevig Mission,US,65.331826,-166.467848,small_airport
PFKU,KYU,Koyukuk Airport,Koyukuk,US,64.876099,-157.727005,small_airport
PFKW,KWT,Kwethluk Airport,Kwethluk,US,60.790298,-161.444,small_airport
PFNO,ORV,Robert (Bob) Curtis Memorial Airport,Noorvik,US,66.817902,-161.018997,small_airport
PFSH,SKK,Shaktoolik Airport,Shaktoolik,US,64.371101,-161.223999,small_airport
PFTO,TKJ,Tok Junction Airport,Tok,US,63.32949829,-142.9539948,small_airport
PFWS,WSN,South Naknek Number 2 Airport,South Naknek,US,58.702362,-157.005444,small_airport
PFYU,FYU,Fort Yukon Airport,Fort Yukon,US,66.571651,-145.249987,medium_airport
PG-LMY,LMY,Lake Murray Airport,Lake Murray,PG,-7.00992,141.494003,small_airport
PGM,PGM,Port Graham Airport,Port Graham,US,59.348355,-151.830025,small_airport
PGRO,ROP,Rota International Airport,Rota Island,MP,14.173267,145.241103,large_airport
PGSN,SPN,Saipan International Airport,"I Fadang, Saipan",MP,15.119384,145.728848,medium_airport
PGUM,GUM,Antonio B. Won Pat International Airport,Hagåtña,GU,13.485,144.797282,large_airport
PGWT,TIQ,Francisco Manglona Borja / Tinian International Airport,Tinian Island,MP,14.999207,145.619355,medium_airport
PHHN,HNM,Hana Airport,Hana,US,20.795601,-156.014008,medium_airport
PHJH,JHM,Kapalua Airport,Lahaina,US,20.9629,-156.673004,medium_airport
PHKO,KOA,Ellison Onizuka Kona International Airport at Keāhole,Kailua-Kona,US,19.738783,-156.045603,large_airport
PHLI,LIH,Lihue Airport,"Lihue, Kauai",US,21.974393,-159.337146,large_airport
PHLU,LUP,Kalaupapa Airport,Kalaupapa,US,21.211,-156.973999,small_airport
PHMK,MKK,Molokai Airport,Kaunakakai,US,21.152901,-157.095993,medium_airport
PHMU,MUE,Waimea Kohala Airport,Waimea (Kamuela),US,20.001301,-155.667999,medium_airport
PHNL,HNL,Daniel K. Inouye International Airport,"Honolulu, Oahu",US,21.318387,-157.92567,large_airport
PHNY,LNY,Lanai Airport,Lanai City,US,20.785675,-156.951324,medium_airport
PHOG,OGG,Kahului International Airport,Kahului,US,20.896263,-156.431837,large_airport
PHTO,ITO,Hilo International Airport,Hilo,US,19.72135,-155.045428,medium_airport
PKMA,ENT,Eniwetok Airport,Eniwetok Atoll,MH,11.340700149536133,162.3280029296875,small_airport
PKMJ,MAJ,Marshall Islands International Airport,Majuro Atoll,MH,7.06511,171.271656,large_airport
PKWA,KWA,Bucholz Army Air Field,Kwajalein,MH,8.720120429992676,167.73199462890625,medium_airport
PLCH,CXI,Cassidy International Airport,Kiritimati,KI,1.986278,-157.350011,large_airport
PPIZ,PIZ,Point Lay LRRS Airport,Point Lay,US,69.732903,-163.005005,medium_airport
PTKK,TKK,Chuuk International Airport,Weno Island,FM,7.46187,151.843002,large_airport
PTPN,PNI,Pohnpei International Airport,Pohnpei Island,FM,6.985082,158.20992,medium_airport
PTRO,ROR,Roman Tmetuchl International Airport,Babelthuap Island,PW,7.366965,134.544085,large_airport
PTSA,KSA,Kosrae International Airport,Okat,FM,5.35698,162.957993,large_airport
PTYA,YAP,Yap International Airport,Yap Island,FM,9.49891,138.082993,large_airport
PWAK,AWK,Wake Island Airfield,Wake Island,UM,19.282437,166.636637,medium_airport
Q51,KIO,Kili Airport,Kili Island,MH,5.64386,169.124586,small_airport
RCBS,KNH,Kinmen Airport,Shang-I,TW,24.4279,118.359001,medium_airport
RCFG,LZN,Matsu Nangan Airport,Matsu (Nangan),TW,26.159656,119.958376,medium_airport
RCFN,TTT,Taitung Airport,Taitung City,TW,22.754856,121.101794,medium_airport
RCKH,KHH,Kaohsiung International Airport,Kaohsiung (Xiaogang),TW,22.577101,120.349998,large_airport
RCKU,CYI,Chiayi Airport,Shuishang,TW,23.462577,120.390544,medium_airport
RCLY,KYD,Lanyu Airport,Orchid Island,TW,22.027000427246094,121.53500366210938,medium_airport
RCMQ,RMQ,Taichung International Airport / Ching Chuang Kang Air Base,Taichung (Qingshui),TW,24.2647,120.621002,large_airport
RCMT,MFK,Matsu Beigan Airport,Matsu (Beigan),TW,26.22414,120.002679,medium_airport
RCNN,TNN,Tainan International Airport / Tainan Air Base,Tainan (Rende),TW,22.950399,120.206001,large_airport
RCQC,MZG,Penghu Magong Airport,Huxi,TW,23.568701,119.627998,large_airport
RCSQ,,Pingtung Air Force Base North,Pingtung,TW,22.700199,120.482002,medium_airport
RCSS,TSA,Taipei Songshan International Airport,Taipei (Songshan),TW,25.067244,121.552822,large_airport
RCTP,TPE,Taiwan Taoyuan International Airport,Taoyuan,TW,25.0777,121.233002,large_airport
RCYU,HUN,Hualien Chiashan Airport,Hualien City,TW,24.023163,121.617991,large_airport
RDV,RDV,Red Devil Airport,Red Devil,US,61.788101,-157.350006,small_airport
RHT,RHT,Alxa Right Banner Badanjilin Airport,Badanjilin,CN,39.225,101.546,small_airport
RJAA,NRT,Narita International Airport,Narita,JP,35.76858,140.388714,large_airport
RJAF,MMJ,Shinshu-Matsumoto Airport,Matsumoto,JP,36.166801,137.923004,medium_airport
RJAH,IBR,Ibaraki Airport,Omitama,JP,36.181456,140.414434,large_airport
RJAN,,Niijima Airport,Niijima Village,JP,34.3694,139.268997,small_airport
RJBB,KIX,Kansai International Airport,Osaka,JP,34.427299,135.244003,large_airport
RJBD,SHM,Nanki Shirahama Airport,Shirahama,JP,33.6622009277,135.363998413,medium_airport
RJBE,UKB,Kobe Airport,Kobe,JP,34.632801,135.223999,large_airport
RJBT,TJH,Konotori Tajima Airport,Toyooka,JP,35.512798,134.787003,medium_airport
RJCB,OBO,Tokachi-Obihiro Airport,Obihiro,JP,42.7332992554,143.216995239,medium_airport
RJCC,CTS,New Chitose Airport,Sapporo,JP,42.774753,141.690414,large_airport
RJCH,HKD,Hakodate Airport,Hakodate,JP,41.77,140.822006,large_airport
RJCK,KUH,Kushiro Airport,Kushiro,JP,43.041,144.192993,medium_airport
RJCM,MMB,Memanbetsu Airport,Ōzora,JP,43.8805999756,144.164001465,medium_airport
RJCN,SHB,Nakashibetsu Airport,Nakashibetsu,JP,43.5774993896,144.960006714,medium_airport
RJCO,OKD,Sapporo Okadama Airport,Sapporo,JP,43.117447,141.38134,medium_airport
RJCW,WKJ,Wakkanai Airport,Wakkanai,JP,45.4042015076,141.800994873,medium_airport
RJDA,AXJ,Amakusa Airport,Amakusa,JP,32.482498,130.158997,medium_airport
RJDB,IKI,Iki Airport,Iki,JP,33.7490005493,129.785003662,medium_airport
RJDC,UBJ,Yamaguchi Ube Airport,Ube,JP,33.93,131.279007,medium_airport
RJDT,TSJ,Tsushima Airport,Tsushima,JP,34.2849006653,129.330993652,medium_airport
RJEB,MBE,Monbetsu Airport,Monbetsu,JP,44.303901672399995,143.404006958,medium_airport
RJEC,AKJ,Asahikawa Airport,Higashikagura,JP,43.670799,142.447006,medium_airport
RJEO,OIR,Okushiri Airport,Okushiri Island,JP,42.0717010498,139.432998657,medium_airport
RJER,RIS,Rishiri Airport,Rishiri,JP,45.2420005798,141.186004639,medium_airport
RJFC,KUM,Yakushima Airport,Yakushima,JP,30.385599,130.658997,medium_airport
RJFE,FUJ,Fukue Airport,Goto,JP,32.666302,128.832993,medium_airport
RJFF,FUK,Fukuoka Airport,Fukuoka,JP,33.585899353027344,130.4510040283203,large_airport
RJFG,TNE,New Tanegashima Airport,Tanegashima,JP,30.605100631699997,130.990997314,medium_airport
RJFK,KOJ,Kagoshima Airport,Kagoshima,JP,31.8034,130.718994,large_airport
RJFM,KMI,Miyazaki Airport,Miyazaki,JP,31.877199,131.449005,large_airport
RJFO,OIT,Oita Airport,Oita,JP,33.479400634799994,131.736999512,medium_airport
RJFR,KKJ,Kitakyushu Airport,Kitakyushu,JP,33.845901,131.035004,large_airport
RJFS,HSG,Kyushu Saga International Airport,Saga,JP,33.1497,130.302002,large_airport
RJFT,KMJ,Kumamoto Airport,Kumamoto,JP,32.837299,130.854996,large_airport
RJFU,NGS,Nagasaki Airport,Nagasaki,JP,32.916901,129.914001,large_airport
RJGG,NGO,Chubu Centrair International Airport,Tokoname,JP,34.858398,136.804993,large_airport
RJKA,ASJ,Amami Airport,Amami,JP,28.430599212646484,129.71299743652344,medium_airport
RJKB,OKE,Okinoerabu Airport,Wadomari,JP,27.431604,128.705564,medium_airport
RJKI,KKX,Kikai Airport,Kikai,JP,28.321300506599997,129.927993774,medium_airport
RJKN,TKN,Tokunoshima Airport,Amagi,JP,27.836382,128.881356,medium_airport
RJNA,NKM,Nagoya Airport / JASDF Komaki Air Base,Nagoya,JP,35.255759,136.924095,medium_airport
RJNK,KMQ,Komatsu Airport / JASDF Komatsu Air Base,Kanazawa,JP,36.393407,136.406895,large_airport
RJNO,OKI,Oki Global Geopark Airport,Okinoshima,JP,36.178388,133.323566,medium_airport
RJNS,FSZ,Mount Fuji Shizuoka Airport,Makinohara / Shimada,JP,34.795022,138.190976,large_airport
RJNT,TOY,Toyama Kitokito Airport,Toyama,JP,36.648416,137.187359,medium_airport
RJNW,NTQ,Noto Satoyama Airport,Wajima,JP,37.293098,136.962006,medium_airport
RJOA,HIJ,Hiroshima Airport,Hiroshima,JP,34.4361,132.919006,large_airport
RJOB,OKJ,Okayama Momotaro Airport,Okayama,JP,34.756901,133.854996,large_airport
RJOC,IZO,Izumo Enmusubi Airport,Izumo,JP,35.413601,132.889999,medium_airport
RJOH,YGJ,Yonago Kitaro Airport / JASDF Miho Air Base,Yonago,JP,35.492199,133.235992,medium_airport
RJOI,IWK,Iwakuni Kintaikyo Airport,Iwakuni,JP,34.146333,132.247238,medium_airport
RJOK,KCZ,Kochi Ryoma Airport,Nankoku,JP,33.545217,133.670166,large_airport
RJOM,MYJ,Matsuyama Airport,Matsuyama,JP,33.826893,132.700114,large_airport
RJOO,ITM,Osaka Itami International Airport,Osaka,JP,34.780853,135.440829,large_airport
RJOR,TTJ,Tottori Sand Dunes Conan Airport,Tottori,JP,35.530058,134.165023,medium_airport
RJOS,TKS,Tokushima Awaodori Airport / JMSDF Tokushima Air Base,Tokushima,JP,34.132559,134.607816,large_airport
RJOT,TAK,Takamatsu Airport,Takamatsu,JP,34.214963,134.015454,large_airport
RJOW,IWJ,Iwami Airport,Masuda,JP,34.676399231,131.789993286,medium_airport
RJSA,AOJ,Aomori Airport,Aomori,JP,40.733777,140.689477,large_airport
RJSC,GAJ,Yamagata Airport,Higashine,JP,38.4119,140.371002,medium_airport
RJSD,SDS,Sado Airport,Sado,JP,38.0601997375,138.414001465,medium_airport
RJSF,FKS,Fukushima Airport,Sukagawa,JP,37.22740173339844,140.43099975585938,medium_airport
RJSI,HNA,Iwate Hanamaki Airport,Hanamaki,JP,39.4286,141.134995,medium_airport
RJSK,AXT,Akita Airport,Akita,JP,39.615601,140.218994,medium_airport
RJSM,MSJ,Misawa Airport / Misawa Air Base,Misawa,JP,40.703201,141.367996,medium_airport
RJSN,KIJ,Niigata Airport,Niigata,JP,37.954166,139.112189,large_airport
RJSR,ONJ,Odate Noshiro Airport,Kitaakita,JP,40.191898,140.371002,medium_airport
RJSS,SDJ,Sendai Airport,Natori,JP,38.139702,140.917007,large_airport
RJSY,SYO,Shonai Airport,Shonai,JP,38.812199,139.787003,medium_airport
RJTF,,Chofu Airport,Chofu,JP,35.6717,139.528,medium_airport
RJTH,HAC,Hachijojima Airport,Hachijojima,JP,33.114843,139.785645,medium_airport
RJTO,OIM,Oshima Airport,Izu Oshima,JP,34.782001495399996,139.36000061,medium_airport
RJTQ,MYE,Miyakejima Airport,Miyakejima,JP,34.073600769,139.559997559,medium_airport
RJTT,HND,Tokyo Haneda International Airport,Tokyo,JP,35.549678,139.786958,large_airport
RKJB,MWX,Muan International Airport,Muan (Piseo-ri),KR,34.991406,126.382814,large_airport
RKJJ,KWJ,Gwangju Airport,Gwangju,KR,35.123173,126.805444,medium_airport
RKJK,KUV,Gunsan Airport / Gunsan Air Base,Gunsan,KR,35.903801,126.615997,medium_airport
RKJY,RSU,Yeosu Airport,Yeosu,KR,34.84230041503906,127.61699676513672,medium_airport
RKNW,WJU,Wonju Airport / Hoengseong Air Base (K-38/K-46),Wonju,KR,37.437113,127.960051,medium_airport
RKNY,YNY,Yangyang International Airport,Gonghang-ro,KR,38.060481,128.669822,large_airport
RKPC,CJU,Jeju International Airport,Jeju City,KR,33.512058,126.492548,large_airport
RKPK,PUS,Gimhae International Airport,Busan,KR,35.179501,128.938004,large_airport
RKPS,HIN,Sacheon Airport / Sacheon Air Base,Sacheon,KR,35.088591,128.071747,medium_airport
RKPU,USN,Ulsan Airport,Ulsan,KR,35.59349823,129.352005005,medium_airport
RKSI,ICN,Incheon International Airport,Seoul,KR,37.469101,126.450996,large_airport
RKSS,GMP,Seoul Gimpo International Airport,Seoul,KR,37.5583,126.791,large_airport
RKTH,KPO,Pohang Airport (G-815/K-3),Pohang,KR,35.987955,129.420383,medium_airport
RKTN,TAE,Daegu International Airport,Daegu,KR,35.894394,128.656989,large_airport
RKTU,CJJ,Cheongju International Airport/Cheongju Air Base (K-59/G-513),Cheongju,KR,36.71556,127.500289,large_airport
RMP,RMP,Rampart Airport,Rampart,US,65.507896,-150.141007,small_airport
ROAH,OKA,Naha International Airport,Naha,JP,26.192437,127.639804,large_airport
ROIG,ISG,New Ishigaki Airport,Ishigaki,JP,24.396389,124.245,medium_airport
ROKJ,UEO,Kumejima Airport,Kumejima,JP,26.363445,126.71384,medium_airport
ROMD,MMD,Minamidaito Airport,Minamidaito,JP,25.8465,131.263,medium_airport
ROMY,MMY,Miyako Airport,Miyakojima,JP,24.782801,125.294998,medium_airport
RORA,AGJ,Aguni Airport,Aguni,JP,26.592755,127.240335,small_airport
RORK,KTD,Kitadaito Airport,Kitadaitōjima,JP,25.9447002411,131.32699585,medium_airport
RORS,SHI,Shimojishima Airport,Miyakojima,JP,24.8267,125.144997,medium_airport
RORT,TRA,Tarama Airport,Tarama,JP,24.653793,124.675453,medium_airport
RORY,RNJ,Yoron Airport,Yoron,JP,27.043847,128.401648,medium_airport
ROYN,OGN,Yonaguni Airport,Yonaguni,JP,24.467298,122.979827,medium_airport
RPEN,ENI,El Nido Airport,El Nido,PH,11.202399,119.416087,small_airport
RPLB,SFS,Subic Bay International Airport / Naval Air Station Cubi Point,Olongapo,PH,14.794833,120.271883,large_airport
RPLC,CRK,Clark International Airport / Clark Air Base,Mabalacat,PH,15.186,120.559998,large_airport
RPLI,LAO,Laoag International Airport,Laoag City,PH,18.175089,120.531006,large_airport
RPLK,DRP,Bicol International Airport,Legazpi,PH,13.111915,123.676829,large_airport
RPLL,MNL,Ninoy Aquino International Airport,Manila (Pasay),PH,14.5086,121.019997,large_airport
RPLN,,Palanan Community Airport,Palanan,PH,17.065667,122.427671,small_airport
RPLO,CYU,Cuyo Airport,Cuyo,PH,10.8581,121.069,small_airport
RPLT,,Itbayat Jorge Abad Airport,Itbayat,PH,20.722521,121.809969,medium_airport
RPMC,CBO,Cotabato (Awang) Airport,Datu Odin Sinsuat,PH,7.164753,124.209938,medium_airport
RPMD,DVO,Francisco Bangoy International Airport,Davao,PH,7.12552,125.646004,large_airport
RPME,BXU,Bancasi Airport,Butuan,PH,8.9515,125.4788,medium_airport
RPMG,DPL,Dipolog Airport,Dipolog,PH,8.601983,123.341875,medium_airport
RPMH,CGM,Camiguin Airport,Mambajao,PH,9.253894,124.709115,medium_airport
RPMJ,JOL,Jolo Airport,Jolo,PH,6.05367,121.011002,medium_airport
RPMN,TWT,Sanga Sanga Airport,Bongao,PH,5.048196,119.743338,medium_airport
RPMO,OZC,Labo Airport,Ozamiz,PH,8.17851,123.842003,medium_airport
RPMP,PAG,Pagadian Airport,Pagadian,PH,7.825632,123.459635,medium_airport
RPMR,GES,General Santos International Airport,General Santos,PH,6.057208,125.096243,large_airport
RPMS,SUG,Surigao Airport,Surigao City,PH,9.755838325629998,125.480947495,medium_airport
RPMY,CGY,Laguindingan International Airport,Laguindingan,PH,8.612203,124.456496,large_airport
RPMZ,ZAM,Zamboanga International Airport,Zamboanga,PH,6.92242,122.059998,large_airport
RPNS,IAO,Siargao Airport,Del Carmen,PH,9.8591,126.014,small_airport
RPSP,TAG,Bohol-Panglao International Airport,Panglao,PH,9.573045,123.770143,large_airport
RPSV,SWL,San Vicente Airport,San Vicente,PH,10.524298,119.272899,small_airport
RPUH,SJI,San Jose Airport,San Jose,PH,12.361499786399998,121.04699707,medium_airport
RPUN,WNP,Naga Airport,Naga,PH,13.58489990234375,123.2699966430664,medium_airport
RPUO,BSO,Basco Airport,Basco,PH,20.4513,121.980003,medium_airport
RPUT,TUG,Tuguegarao Airport,Tuguegarao City,PH,17.6433676823,121.733150482,medium_airport
RPUV,VRC,Virac Airport,Virac,PH,13.576399803161621,124.20600128173828,medium_airport
RPUY,CYZ,Cauayan Airport,Cauayan City,PH,16.9298992157,121.752998352,medium_airport
RPVA,TAC,Daniel Z. Romualdez Airport,Tacloban City,PH,11.227761,125.027783,medium_airport
RPVB,BCD,Bacolod-Silay International Airport,Bacolod City,PH,10.776237,123.018879,large_airport
RPVC,CYP,Calbayog Airport,Calbayog City,PH,12.072574,124.54508,medium_airport
RPVD,DGT,Sibulan Airport,Dumaguete City,PH,9.334183,123.30191,medium_airport
RPVE,MPH,Godofredo P. Ramos Airport,Caticlan,PH,11.9245,121.954002,medium_airport
RPVF,CRM,Catarman National Airport,Catarman,PH,12.50161,124.635258,medium_airport
RPVI,ILO,Iloilo International Airport,Cabatuan,PH,10.833017,122.493358,large_airport
RPVJ,MBT,Moises R. Espinosa Airport,Masbate,PH,12.369682,123.630095,medium_airport
RPVK,KLO,Kalibo International Airport,Kalibo,PH,11.6794,122.375999,large_airport
RPVM,CEB,Mactan Cebu International Airport,Cebu City/Lapu-Lapu City,PH,10.309261,123.97974,large_airport
RPVP,PPS,Puerto Princesa International Airport / PAF Antonio Bautista Air Base,Puerto Princesa,PH,9.742044,118.75911,large_airport
RPVR,RXS,Roxas Airport,Roxas City,PH,11.597700119018555,122.75199890136719,medium_airport
RPVU,TBH,Tugdan Airport,Tablas Island,PH,12.3109998703,122.084999084,medium_airport
RPVV,USU,Francisco B. Reyes (Busuanga) Airport,Coron,PH,12.121865,120.100801,medium_airport
RSI,RSI,Red Sea International Airport,Hanak,SA,25.627975,37.088914,large_airport
RU-0056,TKM,Taksimo Airport,Taksimo,RU,56.361668,114.93,small_airport
RU-0470,MJY,Motygino Airport,Motygino,RU,58.180921,94.745272,small_airport
RU-10046,KVK,Kirovsk-Apatity Airport,Apatity,RU,67.462851,33.585294,small_airport
S31,LPS,Lopez Island Airport,Lopez,US,48.4838981628418,-122.93800354003906,small_airport
SA10,,Aeródromo Estancia Don Panos,Presidencia Roca,AR,-26.2959,-59.5353,small_airport
SAAP,PRA,General Urquiza Airport,Parana,AR,-31.7948,-60.4804,medium_airport
SAAR,ROS,Rosario Islas Malvinas International Airport,Rosario,AR,-32.9036,-60.785,large_airport
SAAV,SFN,Sauce Viejo Airport,Santa Fe,AR,-31.7117,-60.8117,medium_airport
SABE,AEP,Aeroparque Jorge Newbery,Buenos Aires,AR,-34.559419,-58.415536,large_airport
SACO,COR,Ingeniero Aeronáutico Ambrosio L.V. Taravella International Airport,Cordoba,AR,-31.312346,-64.208329,large_airport
SAEZ,EZE,Ezeiza International Airport - Ministro Pistarini,Buenos Aires (Ezeiza),AR,-34.8222,-58.5358,large_airport
SAME,MDZ,Governor Francisco Gabrielli International Airport,Mendoza,AR,-32.831699,-68.7929,large_airport
SAMR,AFA,Suboficial Ay Santiago Germano Airport,San Rafael,AR,-34.588299,-68.4039,medium_airport
SANC,CTC,Coronel Felipe Varela International Airport,Catamarca,AR,-28.593117,-65.7512,medium_airport
SANE,SDE,Vicecomodoro Angel D. La Paz Aragonés Airport,Santiago del Estero,AR,-27.765556335399996,-64.3099975586,medium_airport
SANL,IRJ,Capitan V A Almonacid Airport,La Rioja,AR,-29.381599,-66.795799,medium_airport
SANR,RHD,Termas de Río Hondo international Airport,Termas de Río Hondo,AR,-27.4966,-64.93595,medium_airport
SANT,TUC,Teniente Benjamín Matienzo International Airport,San Miguel de Tucumán,AR,-26.837397,-65.104195,large_airport
SANU,UAQ,Domingo Faustino Sarmiento Airport,San Juan,AR,-31.571501,-68.418198,medium_airport
SAOU,LUQ,Brigadier Mayor D Cesar Raul Ojeda Airport,San Luis,AR,-33.273201,-66.3564,medium_airport
SARC,CNQ,Corrientes Airport,Corrientes,AR,-27.4455,-58.7619,medium_airport
SARE,RES,Resistencia International Airport,Resistencia,AR,-27.44991,-59.056125,large_airport
SARF,FMA,Formosa National Airport,Formosa,AR,-26.2127,-58.2281,medium_airport
SARI,IGR,Cataratas Del Iguazú International Airport,Puerto Iguazu,AR,-25.737301,-54.4734,medium_airport
SARP,PSS,Libertador Gral D Jose De San Martin Airport,Posadas,AR,-27.3858,-55.9707,medium_airport
SASA,SLA,Martín Miguel de Güemes International Airport,Salta,AR,-24.856001,-65.486198,large_airport
SASJ,JUJ,Gobernador Horacio Guzman International Airport,San Salvador de Jujuy,AR,-24.392799,-65.097801,large_airport
SAVC,CRD,General Enrique Mosconi International Airport,Comodoro Rivadavia,AR,-45.786941,-67.463355,large_airport
SAVE,EQS,Esquel Brigadier Antonio Parodi International Airport,Esquel,AR,-42.908001,-71.139503,medium_airport
SAVH,LHS,Las Heras Airport,Las Heras,AR,-46.538517,-68.965323,medium_airport
SAVN,OES,Antoine de Saint Exupéry Airport,San Antonio Oeste,AR,-40.7512,-65.0343,small_airport
SAVT,REL,Almirante Marco Andres Zar Airport,Rawson,AR,-43.2105,-65.2703,medium_airport
SAVV,VDM,Gobernador Castello Airport,Viedma / Carmen de Patagones,AR,-40.8692,-63.0004,medium_airport
SAVY,PMY,El Tehuelche Airport,Puerto Madryn,AR,-42.7592,-65.1027,medium_airport
SAWC,FTE,El Calafate - Commander Armando Tola International Airport,El Calafate,AR,-50.280267,-72.053401,medium_airport
SAWD,PUD,Puerto Deseado Airport,Puerto Deseado,AR,-47.7353,-65.9041,medium_airport
SAWE,RGA,Gobernador Ramón Trejo Noel International Airport,Rio Grande,AR,-53.7777,-67.7494,medium_airport
SAWG,RGL,Piloto Civil Norberto Fernández International Airport,Rio Gallegos,AR,-51.608791,-69.308948,large_airport
SAWH,USH,Ushuaia - Malvinas Argentinas International Airport,Ushuaia,AR,-54.8433,-68.2958,medium_airport
SAWP,PMQ,Perito Moreno Jalil Hamer Airport,Perito Moreno,AR,-46.537899,-70.978699,medium_airport
SAWR,GGS,Gobernador Gregores Airport,Gobernador Gregores,AR,-48.7831,-70.150002,small_airport
SAWT,RYO,28 de Noviembre Airport,Rio Turbio,AR,-51.605,-72.2203,small_airport
SAZB,BHI,Comandante Espora Airport,Bahía Blanca,AR,-38.725,-62.1693,medium_airport
SAZL,SST,Santa Teresita Airport,Santa Teresita,AR,-36.5423,-56.7218,medium_airport
SAZM,MDQ,Ástor Piazzola International Airport,Mar del Plata,AR,-37.9342,-57.5733,medium_airport
SAZN,NQN,Presidente Perón International Airport,Neuquén,AR,-38.949001,-68.155701,large_airport
SAZO,NEC,Necochea Airport,Necochea,AR,-38.490746,-58.816337,medium_airport
SAZR,RSA,Santa Rosa Airport,Santa Rosa,AR,-36.588299,-64.275703,medium_airport
SAZS,BRC,Teniente Luis Candelaria International Airport,San Carlos de Bariloche,AR,-41.151199,-71.157501,large_airport
SAZY,CPC,Aviador C. Campos Airport,Chapelco/San Martin de los Andes,AR,-40.075401,-71.137299,medium_airport
SBAE,JTC,Bauru/Arealva–Moussa Nakhal Tobias State Airport,Bauru,BR,-22.160755,-49.070325,medium_airport
SBAQ,AQA,Araraquara Airport,Araraquara,BR,-21.812,-48.132999,medium_airport
SBAR,AJU,Aracaju - Santa Maria Airport,Aracaju,BR,-10.98394,-37.072873,medium_airport
SBAT,AFL,Piloto Osvaldo Marques Dias Airport,Alta Floresta,BR,-9.866389,-56.106298,medium_airport
SBAU,ARU,Araçatuba Airport,Araçatuba,BR,-21.141479,-50.424575,medium_airport
SBAX,AAX,Romeu Zema Airport,Araxá,BR,-19.5632,-46.9604,medium_airport
SBBE,BEL,Val de Cans/Júlio Cezar Ribeiro International Airport,Belém,BR,-1.379279,-48.476207,large_airport
SBBR,BSB,Presidente Juscelino Kubitschek International Airport,Brasília,BR,-15.869167,-47.920834,large_airport
SBBV,BVB,Atlas Brasil Cantanhede International Airport,Boa Vista,BR,2.84615,-60.690648,large_airport
SBCA,CAC,Coronel Adalberto Mendes da Silva Airport,Cascavel,BR,-25.000323,-53.501208,medium_airport
SBCB,CFB,Cabo Frio Airport,Cabo Frio,BR,-22.921485,-42.071874,small_airport
SBCF,CNF,Tancredo Neves International Airport,Belo Horizonte,BR,-19.63571,-43.966928,large_airport
SBCG,CGR,Campo Grande Airport,Campo Grande,BR,-20.469998,-54.673988,medium_airport
SBCH,XAP,Serafin Enoss Bertaso Airport,Chapecó,BR,-27.134199,-52.656601,medium_airport
SBCJ,CKS,Carajás Airport,Parauapebas,BR,-6.117841,-50.003372,medium_airport
SBCN,CLV,Nelson Ribeiro Guimarães Airport,Caldas Novas,BR,-17.725096,-48.606324,small_airport
SBCP,CAW,Bartolomeu Lisandro Airport,Campos dos Goytacazes,BR,-21.698299,-41.301701,medium_airport
SBCR,CMG,Corumbá International Airport,Corumbá,BR,-19.01193,-57.672772,medium_airport
SBCT,CWB,Curitiba-Afonso Pena International Airport,Curitiba,BR,-25.5285,-49.1758,large_airport
SBCX,CXJ,Hugo Cantergiani Regional Airport,Caxias Do Sul,BR,-29.197183,-51.187647,medium_airport
SBCY,CGB,Várzea Grande–Marechal Rondon International Airport,Cuiabá,BR,-15.6529,-56.116699,large_airport
SBCZ,CZS,Cruzeiro do Sul Airport,Cruzeiro Do Sul,BR,-7.59991,-72.769501,medium_airport
SBDB,BYO,Bonito Airport,Bonito,BR,-21.2473,-56.452399,small_airport
SBDN,PPB,Presidente Prudente Airport,Presidente Prudente,BR,-22.1751,-51.424599,medium_airport
SBEG,MAO,Eduardo Gomes International Airport,Manaus,BR,-3.03861,-60.049702,large_airport
SBFI,IGU,Cataratas International Airport,Foz do Iguaçu,BR,-25.594167,-54.489444,large_airport
SBFL,FLN,Hercílio Luz International Airport,Florianópolis,BR,-27.670279,-48.552502,large_airport
SBFN,FEN,Fernando de Noronha Airport,Fernando de Noronha,BR,-3.854534,-32.423017,medium_airport
SBFZ,FOR,Pinto Martins International Airport,Fortaleza,BR,-3.775833,-38.532222,large_airport
SBGL,GIG,Rio de Janeiro Galeão – Tom Jobim International Airport,Rio De Janeiro,BR,-22.809999,-43.250557,large_airport
SBGO,GYN,Santa Genoveva International Airport,Goiânia,BR,-16.632,-49.220699,large_airport
SBGR,GRU,São Paulo/Guarulhos–Governor André Franco Montoro International Airport,São Paulo,BR,-23.431274,-46.469954,large_airport
SBGV,GVR,Coronel Altino Machado Airport,Governador Valadares,BR,-18.895882,-41.982869,medium_airport
SBHT,ATM,Altamira Interstate Airport,Altamira,BR,-3.253144,-52.253938,medium_airport
SBIH,ITB,Itaituba Airport,Itaituba,BR,-4.242131,-56.000651,medium_airport
SBIL,IOS,Bahia - Jorge Amado Airport,Ilhéus,BR,-14.815929,-39.033458,medium_airport
SBIP,IPN,Usiminas Airport,Ipatinga,BR,-19.470699,-42.487598,medium_airport
SBIZ,IMP,Prefeito Renato Moreira Airport,Imperatriz,BR,-5.53129,-47.459999,medium_airport
SBJA,JJG,Humberto Ghizzo Bortoluzzi Regional Airport,Jaguaruna,BR,-28.6753,-49.0596,small_airport
SBJE,JJD,Comandante Ariston Pessoa Airport,Cruz,BR,-2.906425,-40.357338,medium_airport
SBJF,JDF,Francisco de Assis Airport,Juiz de Fora,BR,-21.791482,-43.386072,medium_airport
SBJI,JPR,Ji-Paraná Airport,Ji-Paraná,BR,-10.870743,-61.846675,small_airport
SBJP,JPA,Presidente Castro Pinto International Airport,João Pessoa,BR,-7.148691,-34.950554,large_airport
SBJU,JDO,Orlando Bezerra de Menezes Airport,Juazeiro do Norte,BR,-7.21932,-39.269096,small_airport
SBJV,JOI,Lauro Carneiro de Loyola Airport,Joinville,BR,-26.224501,-48.797401,medium_airport
SBKG,CPV,Presidente João Suassuna Airport,Campina Grande,BR,-7.269662,-35.896057,medium_airport
SBKP,VCP,Viracopos International Airport,Campinas,BR,-23.007404,-47.134502,large_airport
SBLE,LEC,Coronel Horácio de Mattos Airport,Lençóis,BR,-12.4823,-41.277,small_airport
SBLJ,LAJ,Lages Airport,Lages,BR,-27.782101,-50.281502,medium_airport
SBLO,LDB,Governor José Richa Airport,Londrina,BR,-23.334375,-51.128365,medium_airport
SBMA,MAB,João Correa da Rocha Airport,Marabá,BR,-5.36859,-49.138,medium_airport
SBMG,MGF,Regional de Maringá - Sílvio Name Júnior Airport,Maringá,BR,-23.47606,-52.016187,medium_airport
SBMK,MOC,Mário Ribeiro Airport,Montes Claros,BR,-16.706919,-43.818901,medium_airport
SBML,MII,Frank Miloye Milenkowichi–Marília State Airport,Marília,BR,-22.196899,-49.926485,medium_airport
SBMO,MCZ,Zumbi dos Palmares International Airport,Maceió,BR,-9.512559,-35.791839,large_airport
SBMQ,MCP,Macapá - Alberto Alcolumbre International Airport,Macapá,BR,0.050664,-51.072201,medium_airport
SBMS,MVF,Dix-Sept Rosado Airport,Mossoró,BR,-5.20192,-37.3643,medium_airport
SBMY,MNX,Manicoré Airport,Manicoré,BR,-5.81138,-61.278301,medium_airport
SBNF,NVT,Ministro Victor Konder International Airport,Navegantes,BR,-26.879431,-48.650979,large_airport
SBNM,GEL,Santo Ângelo Airport,Santo Ângelo,BR,-28.282503,-54.169623,medium_airport
SBPA,POA,Porto Alegre-Salgado Filho International Airport,Porto Alegre,BR,-29.993984,-51.167482,large_airport
SBPB,PHB,Parnaíba - Prefeito Doutor João Silva Filho International Airport,Parnaíba,BR,-2.89375,-41.731998,medium_airport
SBPF,PFB,Lauro Kurtz Airport,Passo Fundo,BR,-28.243976,-52.32777,medium_airport
SBPG,PGZ,Ponta Grossa Airport - Comandante Antonio Amilton Beraldo,Ponta Grossa,BR,-25.184476,-50.143822,medium_airport
SBPJ,PMW,Brigadeiro Lysias Rodrigues Airport,Palmas,BR,-10.2915,-48.356998,medium_airport
SBPK,PET,João Simões Lopes Neto International Airport,Pelotas,BR,-31.717189,-52.327796,medium_airport
SBPL,PNZ,Senador Nilo Coelho Airport,Petrolina,BR,-9.362422,-40.569098,medium_airport
SBPO,PTO,Juvenal Loureiro Cardoso Airport,Pato Branco,BR,-26.217184,-52.694463,small_airport
SBPP,PMG,Ponta Porã Airport,Ponta Porã,BR,-22.549601,-55.702599,medium_airport
SBPS,BPS,Porto Seguro International Airport,Porto Seguro,BR,-16.438426,-39.080584,large_airport
SBPV,PVH,Governador Jorge Teixeira de Oliveira International Airport,Porto Velho,BR,-8.708491,-63.902338,large_airport
SBRB,RBR,Rio Branco-Plácido de Castro International Airport,Rio Branco,BR,-9.869031,-67.893984,large_airport
SBRD,ROO,Maestro Marinho Franco Airport,Rondonópolis,BR,-16.584292,-54.724803,medium_airport
SBRF,REC,Recife/Guararapes - Gilberto Freyre International Airport,Recife,BR,-8.12747,-34.922961,large_airport
SBRJ,SDU,Santos Dumont Airport,Rio de Janeiro,BR,-22.910397,-43.16282,large_airport
SBRP,RAO,Leite Lopes Airport,Ribeirão Preto,BR,-21.134314,-47.774053,medium_airport
SBSG,NAT,Rio Grande do Norte/São Gonçalo do Amarante–Governador Aluízio Alves International Airport,Natal,BR,-5.769822,-35.36661,large_airport
SBSI,OPS,Presidente João Batista Figueiredo Airport,Sinop,BR,-11.885001,-55.586109,small_airport
SBSJ,SJK,Professor Urbano Ernesto Stumpf Airport,São José Dos Campos,BR,-23.2292,-45.8615,medium_airport
SBSL,SLZ,Marechal Cunha Machado International Airport,São Luís,BR,-2.586386,-44.235008,large_airport
SBSM,RIA,Santa Maria Airport,Santa Maria,BR,-29.711399,-53.688202,medium_airport
SBSN,STM,Santarém - Maestro Wilson Fonseca International Airport,Santarém,BR,-2.422423,-54.79306,medium_airport
SBSO,SMT,Adolino Bedin Regional Airport,Sorriso,BR,-12.479177,-55.672341,small_airport
SBSP,CGH,Congonhas–Deputado Freitas Nobre Airport,São Paulo,BR,-23.627657,-46.654601,large_airport
SBSR,SJP,Prof. Eribelto Manoel Reino State Airport,São José do Rio Preto,BR,-20.817113,-49.406963,medium_airport
SBSV,SSA,Deputado Luiz Eduardo Magalhães International Airport,Salvador,BR,-12.908611,-38.322498,large_airport
SBTB,TMT,Trombetas Airport,Oriximiná,BR,-1.4896,-56.396801,medium_airport
SBTC,UNA,Una-Comandatuba Airport,Una,BR,-15.354358,-38.998729,small_airport
SBTD,TOW,Toledo - Luiz Dalcanale Filho Municipal Airport,Toledo,BR,-24.6863,-53.697498,small_airport
SBTE,THE,Senador Petrônio Portela Airport,Teresina,BR,-5.06025,-42.823712,medium_airport
SBTF,TFF,Tefé Airport,Tefé,BR,-3.38294,-64.724098,medium_airport
SBTG,TJL,Plínio Alarcom Airport,Três Lagoas,BR,-20.752643,-51.682026,small_airport
SBTT,TBT,Tabatinga International Airport,Tabatinga,BR,-4.25567,-69.935799,medium_airport
SBTU,TUR,Tucuruí Airport,Tucuruí,BR,-3.78601,-49.720299,medium_airport
SBUA,SJL,São Gabriel da Cachoeira Airport,São Gabriel da Cachoeira,BR,-0.14835,-66.9855,medium_airport
SBUF,PAV,Paulo Afonso Airport,Paulo Afonso,BR,-9.40088,-38.250599,medium_airport
SBUG,URG,Rubem Berta Airport,Uruguaiana,BR,-29.7822,-57.0382,medium_airport
SBUL,UDI,Ten. Cel. Aviador César Bombonato Airport,Uberlândia,BR,-18.883579,-48.225936,medium_airport
SBUR,UBA,Mário de Almeida Franco Airport,Uberaba,BR,-19.765036,-47.964805,medium_airport
SBVH,BVH,Brigadeiro Camarão Airport,Vilhena,BR,-12.6944,-60.098301,medium_airport
SBVT,VIX,Eurico de Aguiar Salles International Airport,Vitória,BR,-20.258,-40.285,large_airport
SBZM,IZA,Presidente Itamar Franco Airport,Juiz de Fora,BR,-21.513086,-43.173069,medium_airport
SCAR,ARI,Chacalluta International Airport,Arica,CL,-18.348499,-70.338699,medium_airport
SCAT,CPO,Desierto de Atacama Airport,Copiapo,CL,-27.2612,-70.779198,medium_airport
SCBA,BBA,Balmaceda Airport,Balmaceda,CL,-45.915968,-71.689499,medium_airport
SCCF,CJC,El Loa Airport,Calama,CL,-22.498199,-68.903603,medium_airport
SCCI,PUQ,President Carlos Ibáñez International Airport,Punta Arenas,CL,-53.002602,-70.854599,large_airport
SCDA,IQQ,Diego Aracena International Airport,Iquique,CL,-20.536273,-70.181373,large_airport
SCEL,SCL,Comodoro Arturo Merino Benítez International Airport,Santiago,CL,-33.393001556396484,-70.78579711914062,large_airport
SCES,ESR,Ricardo García Posada Airport,El Salvador,CL,-26.3111,-69.765198,medium_airport
SCFA,ANF,Andrés Sabella Gálvez International Airport,Antofagasta,CL,-23.445274,-70.445232,large_airport
SCIE,CCP,Carriel Sur International Airport,Concepcion,CL,-36.77235,-73.062828,large_airport
SCIP,IPC,Mataveri International Airport,Isla De Pascua,CL,-27.165411,-109.421027,large_airport
SCJO,ZOS,Cañal Bajo Carlos Hott Siebert Airport,Osorno,CL,-40.611198,-73.060997,medium_airport
SCNT,PNT,Lieutenant Julio Gallardo Airport,Puerto Natales,CL,-51.67067,-72.529078,medium_airport
SCPC,ZPC,Pucón Airport,Pucon,CL,-39.292801,-71.915901,small_airport
SCPQ,MHC,Mocopulli Airport,Dalcahue,CL,-42.340388,-73.715693,small_airport
SCQP,ZCO,La Araucanía International Airport,Temuco,CL,-38.9259,-72.6515,large_airport
SCSE,LSC,La Florida Airport,La Serena-Coquimbo,CL,-29.916201,-71.199501,medium_airport
SCTE,PMC,El Tepual International Airport,Puerto Montt,CL,-41.443093,-73.094065,large_airport
SCVD,ZAL,Pichoy Airport,Valdivia,CL,-39.6500015259,-73.0860977173,medium_airport
SCVL,,Las Marías Airport,Valdivia,CL,-39.796902,-73.241699,small_airport
SDCO,SOD,Sorocaba Airport,Sorocaba,BR,-23.478001,-47.490002,small_airport
SECO,OCC,Francisco De Orellana Airport,Coca,EC,-0.462886,-76.986801,medium_airport
SECU,CUE,Mariscal Lamar Airport,Cuenca,EC,-2.88947,-78.984398,medium_airport
SEGS,GPS,Seymour Galapagos Ecological Airport,Isla Baltra,EC,-0.453758,-90.2659,medium_airport
SEGU,GYE,José Joaquín de Olmedo International Airport,Guayaquil,EC,-2.15742,-79.883598,large_airport
SEII,IBB,General Villamil Airport,Puerto Villamil,EC,-0.942628,-90.953003,small_airport
SELT,LTX,Cotopaxi International Airport,Latacunga,EC,-0.906833,-78.615799,medium_airport
SEMC,XMS,Coronel E Carvajal Airport,Macas,EC,-2.2991700172424316,-78.12079620361328,medium_airport
SEMT,MEC,Eloy Alfaro International Airport,Manta,EC,-0.9460780024528503,-80.67880249023438,medium_airport
SEQM,UIO,Mariscal Sucre International Airport,Quito,EC,-0.125399,-78.354306,large_airport
SERO,ETR,Santa Rosa - Artillery Colonel Victor Larrea International Airport,Santa Rosa,EC,-3.441986,-79.996957,medium_airport
SESA,SNC,General Ulpiano Paez International Airport,Salinas/La Libertad,EC,-2.210057,-80.985067,large_airport
SEST,SCY,San Cristóbal Airport,Puerto Baquerizo Moreno,EC,-0.910206,-89.617401,small_airport
SETM,LOH,Ciudad de Catamayo Airport,La Toma (Catamayo),EC,-3.995606,-79.371902,small_airport
SETN,ESM,Carlos Concha Torres International Airport,Tachina,EC,0.978519,-79.626602,large_airport
SETU,TUA,Lieutenant Colonel Luis A. Mantilla International Airport,Tulcán,EC,0.809506,-77.708099,medium_airport
SFAL,PSY,Port Stanley Airport,Stanley,FK,-51.685699,-57.777599,small_airport
SGAS,ASU,Silvio Pettirossi International Airport,Asunción,PY,-25.240156,-57.519227,large_airport
SGEN,ENO,Teniente Ramon A. Ayub Gonzalez International Airport,Encarnación,PY,-27.227537,-55.837584,large_airport
SGES,AGT,Guaraní International Airport,Ciudad del Este,PY,-25.457186,-54.839544,large_airport
SKAR,AXM,El Eden Airport,Armenia,CO,4.45278,-75.7664,medium_airport
SKAS,PUU,Tres De Mayo Airport,Puerto Asís,CO,0.505228,-76.5008,medium_airport
SKBG,BGA,Palonegro Airport,Bucaramanga,CO,7.1265,-73.1848,medium_airport
SKBO,BOG,El Dorado International Airport,Bogota,CO,4.70159,-74.1469,large_airport
SKBQ,BAQ,Ernesto Cortissoz International Airport,Barranquilla,CO,10.8896,-74.7808,large_airport
SKBS,BSC,José Celestino Mutis Airport,Bahía Solano,CO,6.20292,-77.3947,medium_airport
SKBU,BUN,Gerardo Tobar López Airport,Buenaventura,CO,3.81963,-76.9898,medium_airport
SKCC,CUC,Camilo Daza International Airport,Cúcuta,CO,7.92757,-72.5115,medium_airport
SKCG,CTG,Rafael Nuñez International Airport,Cartagena,CO,10.4424,-75.513,large_airport
SKCL,CLO,Alfonso Bonilla Aragon International Airport,Cali,CO,3.542717,-76.381898,large_airport
SKCO,TCO,La Florida Airport,Tumaco,CO,1.81442,-78.7492,medium_airport
SKCZ,CZU,Las Brujas Airport,Corozal,CO,9.33274,-75.2856,medium_airport
SKEJ,EJA,Yariguíes Airport,Barrancabermeja,CO,7.02433,-73.8068,medium_airport
SKFL,FLA,Gustavo Artunduaga Paredes Airport,Florencia,CO,1.58919,-75.5644,medium_airport
SKGP,GPI,Guapi Airport,Guapi,CO,2.57013,-77.897969,medium_airport
SKIB,IBE,Perales Airport,Ibagué,CO,4.42161,-75.1333,medium_airport
SKIP,IPI,San Luis Airport,Ipiales,CO,0.861946,-77.671783,medium_airport
SKLC,APO,Antonio Roldán Betancur Airport,Carepa,CO,7.81196,-76.7164,medium_airport
SKLG,LQM,Caucaya Airport,Puerto Leguízamo,CO,-0.182278,-74.7708,small_airport
SKLP,LPD,La Pedrera Airport,La Pedrera,CO,-1.324882,-69.581294,small_airport
SKLT,LET,Alfredo Vásquez Cobo International Airport,Leticia,CO,-4.191147,-69.942003,medium_airport
SKMD,EOH,Enrique Olaya Herrera Airport,Medellín,CO,6.219686,-75.590597,medium_airport
SKMR,MTR,Los Garzones Airport,Montería,CO,8.82374,-75.8258,medium_airport
SKMU,MVP,Fabio Alberto Leon Bentley Airport,Mitú,CO,1.25366,-70.2339,medium_airport
SKMZ,MZL,La Nubia Airport,Manizales,CO,5.0296,-75.4647,medium_airport
SKNA,LMC,La Macarena Airport,La Macarena,CO,2.17565,-73.78674,small_airport
SKNQ,NQU,Reyes Murillo Airport,Nuquí,CO,5.710348,-77.261868,small_airport
SKNV,NVA,Benito Salas Airport,Neiva,CO,2.95015,-75.294,medium_airport
SKPC,PCR,German Olano Airport,Puerto Carreño,CO,6.18472,-67.4932,medium_airport
SKPD,PDA,Obando Cesar Gaviria Trujillo Airport,Puerto Inírida,CO,3.85353,-67.9062,medium_airport
SKPE,PEI,Matecaña International Airport,Pereira,CO,4.81267,-75.7395,medium_airport
SKPP,PPN,Guillermo León Valencia Airport,Popayán,CO,2.454359,-76.609253,medium_airport
SKPS,PSO,Antonio Nariño Airport,Chachagüí,CO,1.396722,-77.29093,medium_airport
SKPV,PVA,El Embrujo Airport,Providencia,CO,13.357461,-81.357977,medium_airport
SKRA,TCD,Tarapacá Airport,Tarapacá,CO,-2.895802,-69.749762,small_airport
SKRG,MDE,Jose Maria Córdova International Airport,Medellín,CO,6.16454,-75.4231,large_airport
SKRH,RCH,Almirante Padilla Airport,Riohacha,CO,11.5262,-72.926,medium_airport
SKSA,RVE,Los Colonizadores Airport,Saravena,CO,6.951868,-71.857179,small_airport
SKSJ,SJE,Jorge E. Gonzalez Torres Airport,San José Del Guaviare,CO,2.57969,-72.6394,medium_airport
SKSM,SMR,Simón Bolívar International Airport,Santa Marta,CO,11.1196,-74.2306,medium_airport
SKSP,ADZ,Gustavo Rojas Pinilla International Airport,San Andrés,CO,12.5836,-81.7112,large_airport
SKSV,SVI,Eduardo Falla Solano Airport,San Vicente Del Caguán,CO,2.15217,-74.7663,medium_airport
SKTL,TLU,Golfo de Morrosquillo Airport,Santiago de Tolú,CO,9.50945,-75.5854,small_airport
SKTM,TME,Gustavo Vargas Airport,Tame,CO,6.45108,-71.7603,medium_airport
SKUC,AUC,Santiago Perez Airport,Arauca,CO,7.06888,-70.7369,medium_airport
SKUI,UIB,El Caraño Airport,Quibdó,CO,5.69076,-76.6412,medium_airport
SKVP,VUP,Alfonso López Pumarejo Airport,Valledupar,CO,10.435,-73.2495,medium_airport
SKVV,VVC,Vanguardia Airport,Villavicencio,CO,4.16787,-73.6138,medium_airport
SKYP,EYP,El Alcaravan - Yopal Airport,Yopal,CO,5.31911,-72.384,medium_airport
SLAL,SRE,Alcantarí International Airport,Sucre,BO,-19.246835,-65.149611,large_airport
SLCB,CBB,Jorge Wilsterman International Airport,Cochabamba,BO,-17.421105,-66.177102,large_airport
SLCO,CIJ,Capitán Aníbal Arab Airport,Cobija,BO,-11.039109,-68.782774,medium_airport
SLET,SRZ,El Trompillo Airport,Santa Cruz,BO,-17.8115997314,-63.1715011597,medium_airport
SLGM,GYA,Guayaramerín Airport,Guayaramerín,BO,-10.88856,-65.380955,medium_airport
SLHI,CCA,Chimore Airport,Chimore,BO,-16.976834,-65.145568,small_airport
SLLP,LPB,El Alto International Airport,La Paz / El Alto,BO,-16.510272,-68.189416,large_airport
SLOR,ORU,Juan Mendoza International Airport,Oruro,BO,-17.956151,-67.075829,large_airport
SLPR,PUR,Puerto Rico Airport,Puerto Rico/Manuripi,BO,-11.107663,-67.551155,small_airport
SLPS,PSZ,Capitán Av. Salvador Ogaya G. airport,Puerto Suárez,BO,-18.975301,-57.820599,medium_airport
SLRI,RIB,Capitán Av. Selin Zeitun Lopez Airport,Riberalta,BO,-11.009355,-66.075468,medium_airport
SLRQ,RBQ,Rurrenabaque Airport,Rurrenabaque,BO,-14.4279,-67.496803,small_airport
SLTJ,TJA,Capitan Oriel Lea Plaza Airport,Tarija,BO,-21.5557,-64.701302,medium_airport
SLTR,TDD,Teniente Av. Jorge Henrich Arauz Airport,Trinidad,BO,-14.8187,-64.917999,medium_airport
SLUY,UYU,Joya Andina International Airport,Quijarro,BO,-20.441304,-66.857553,large_airport
SLVR,VVI,Viru Viru International Airport,Santa Cruz,BO,-17.6448,-63.135399,large_airport
SMDA,DRJ,Drietabbetje Airport,Drietabbetje,SR,4.111359,-54.672766,small_airport
SMGH,,Godo Holo Airstrip,Pikienkondre of Miranda,SR,4.0583,-54.7861,small_airport
SMJP,PBM,Johan Adolf Pengel International Airport,Paramaribo,SR,5.45283,-55.187801,large_airport
SMMO,MOJ,Moengo Airstrip,Moengo,SR,5.6076,-54.4003,small_airport
SMWA,AGI,Wageningen Airstrip,Wageningen,SR,5.841252,-56.673247,small_airport
SMZO,ORG,Zorg en Hoop Airport,Paramaribo,SR,5.811211,-55.192299,small_airport
SNBR,BRA,Dom Ricardo Weberberger Airport,Barreiras,BR,-12.0789,-45.008999,small_airport
SNEB,JPE,Nagib Demachki Airport,Paragominas,BR,-3.019798,-47.316474,small_airport
SNGA,GUZ,Guarapari Airport,Guarapari,BR,-20.6465,-40.491901,small_airport
SNHS,SET,Santa Magalhães Airport,Serra Talhada,BR,-8.061433,-38.328888,small_airport
SNL3,,Fazenda Riozinho Airport,Corumbá,BR,-18.267161,-56.487952,small_airport
SNM6,,Fazenda Mimosa Airport,Ivinhema,BR,-22.396719,-53.680777,small_airport
SNRU,CAU,Caruaru Airport,Caruaru,BR,-8.28239,-36.0135,small_airport
SNSM,OPP,Salinópolis Airport,Salinópolis,BR,-0.696111,-47.336111,small_airport
SNVB,VAL,Valença Airport,Valença,BR,-13.2965,-38.992401,small_airport
SNVS,BVS,Breves Airport,Breves,BR,-1.63653,-50.4436,small_airport
SNYA,GGF,Almeirim Airport,Almeirim,BR,-1.479524,-52.578214,small_airport
SNZR,PYT,Pedro Rabelo de Souza Airport,Paracatu,BR,-17.242599,-46.883099,small_airport
SO-0001,,K50 Airstrip,Mogadishu,SO,2.00528,44.986599,small_airport
SOCA,CAY,Cayenne – Félix Eboué Airport,Matoury,GF,4.819964,-52.361326,large_airport
SOOA,MPY,Maripasoula Airport,Maripasoula,GF,3.655907,-54.039431,medium_airport
SOOM,LDX,Saint-Laurent-du-Maroni Airport,Saint-Laurent-du-Maroni,GF,5.481891,-54.034964,medium_airport
SPCL,PCL,Cap FAP David Abenzur Rengifo International Airport,Pucallpa,PE,-8.378064,-74.574495,large_airport
SPEO,CHM,FAP Lieutenant Jaime Andres de Montreuil Morales Airport,Chimbote,PE,-9.14961,-78.523804,medium_airport
SPHI,CIX,Capitán FAP José A. Quiñones González International Airport,Chiclayo,PE,-6.789223,-79.828254,large_airport
SPHO,AYP,Air Force Colonel Alfredo Mendivil Duarte Airport,Ayacucho,PE,-13.1548,-74.204399,medium_airport
SPHY,ANS,Andahuaylas Airport,Andahuaylas,PE,-13.706399917602539,-73.35040283203125,small_airport
SPIM,LIM,Jorge Chávez International Airport,Lima,PE,-12.0219,-77.114305,large_airport
SPJE,JAE,Shumba Airport,Jaén,PE,-5.59248,-78.774002,medium_airport
SPJJ,JAU,Francisco Carle Airport,Jauja,PE,-11.7831001282,-75.47339630130001,medium_airport
SPJL,JUL,Inca Manco Capac International Airport,Juliaca,PE,-15.467689,-70.15653,large_airport
SPJR,CJA,Mayor General FAP Armando Revoredo Iglesias Airport,Cajamarca,PE,-7.13918,-78.489403,medium_airport
SPLO,ILQ,General Jorge Fernandez Maldon Airport,Ilo,PE,-17.695,-71.344002,medium_airport
SPME,TBP,Captain Pedro Canga Rodríguez International Airport,Tumbes,PE,-3.552074,-80.381086,medium_airport
SPMS,YMS,Moises Benzaquen Rengifo Airport,Yurimaguas,PE,-5.89377,-76.118202,medium_airport
SPNC,HUU,Alferez Fap David Figueroa Fernandini Airport,Huánuco,PE,-9.878809928894043,-76.20480346679688,medium_airport
SPPY,CHH,Chachapoyas Airport,Chachapoyas,PE,-6.201911,-77.856195,medium_airport
SPQT,IQT,Coronel FAP Francisco Secada Vignetta International Airport,Iquitos,PE,-3.78474,-73.3088,large_airport
SPQU,AQP,Rodríguez Ballón International Airport,Arequipa,PE,-16.340786,-71.569485,large_airport
SPRU,TRU,Capitán FAP Carlos Martínez de Pinillos International Airport,Trujillo,PE,-8.082382,-79.108821,large_airport
SPST,TPP,Cadete FAP Guillermo Del Castillo Paredes Airport,Tarapoto,PE,-6.508739948272705,-76.37319946289062,medium_airport
SPTN,TCQ,Coronel FAP Carlos Ciriani Santa Rosa International Airport,Tacna,PE,-18.053300857500002,-70.2758026123,medium_airport
SPTU,PEM,Padre Aldamiz International Airport,Puerto Maldonado,PE,-12.6135997772,-69.2285995483,medium_airport
SPUR,PIU,PAF Captain Guillermo Concha Iberico International Airport,Piura,PE,-5.20575,-80.616402,medium_airport
SPYL,TYL,Captain Victor Montes Arias International Airport,Talara,PE,-4.57664,-81.254097,medium_airport
SPZA,NZC,Maria Reiche Neuman Airport,Nazca,PE,-14.854,-74.961502,medium_airport
SPZO,CUZ,Alejandro Velasco Astete International Airport,Cusco,PE,-13.535699844400002,-71.9387969971,large_airport
SR-0009,EAX,Eduard Alexander Gummels Airport,Kwatta,SR,5.863807,-55.189504,small_airport
SRL,SRL,Palo Verde Airport,Mulegé,MX,27.0927,-112.0985,small_airport
SRV,SRV,Stony River 2 Airport,Stony River,US,61.7897,-156.589005,small_airport
SSCN,CEL,Canela Airport,Canela,BR,-29.370091,-50.831729,small_airport
SSFB,FBE,Paulo Abdala Airport,Francisco Beltrão,BR,-26.05938,-53.063827,small_airport
SSGY,GGJ,Guaíra Airport,Guaíra,BR,-24.0811,-54.1917,small_airport
SSKW,OAL,Cacoal Airport,Cacoal,BR,-11.496,-61.4508,small_airport
SSUM,UMU,Orlando de Carvalho Airport,Umuarama,BR,-23.7987,-53.313801,small_airport
SSUV,UVI,José Cleto Airport,União da Vitória,BR,-26.233224,-51.066754,small_airport
SSZR,SRA,Luis Alberto Lehr Airport,Santa Rosa,BR,-27.90658,-54.520628,small_airport
SULS,PDP,Capitan Corbeta CA Curbelo International Airport,Punta del Este,UY,-34.855099,-55.094299,medium_airport
SUMU,MVD,Carrasco General Cesáreo L. Berisso International Airport,Ciudad de la Costa,UY,-34.835647,-56.026497,large_airport
SURV,RVY,Pres. Gral. Óscar D. Gestido Binational Airport,Rivera/Santana do Livramento,UY,-30.9746,-55.4762,medium_airport
SVBC,BLA,General José Antonio Anzoategui International Airport,Barcelona,VE,10.111111,-64.692222,large_airport
SVBI,BNS,Barinas Airport,Barinas,VE,8.615,-70.214167,medium_airport
SVBM,BRM,Jacinto Lara International Airport,Barquisimeto,VE,10.042747,-69.35862,large_airport
SVCN,CAJ,Canaima Airport,Canaima,VE,6.231989,-62.85485,medium_airport
SVCP,CUP,General Francisco Bermúdez Airport,Carúpano,VE,10.660014,-63.261681,medium_airport
SVCR,CZE,José Leonardo Chirinos Airport,Coro,VE,11.414944,-69.680901,medium_airport
SVCU,CUM,Antonio José de Sucre Airport,Cumaná,VE,10.450333,-64.13047,medium_airport
SVIE,ICC,Andrés Miguel Salazar Marcano Airport,Isla de Coche,VE,10.794432,-63.98159,small_airport
SVJC,LSP,Josefa Camejo International Airport,Paraguaná,VE,11.780775,-70.151497,medium_airport
SVMC,MAR,La Chinita International Airport,Maracaibo,VE,10.557542,-71.729307,large_airport
SVMG,PMV,Del Caribe Santiago Mariño International Airport,Isla Margarita,VE,10.912603,-63.966599,large_airport
SVMI,CCS,Maiquetía Simón Bolívar International Airport,Maiquetía,VE,10.602214,-66.991174,large_airport
SVMT,MUN,José Tadeo Monagas International Airport,Maturín,VE,9.749023,-63.153348,medium_airport
SVPR,PZO,General Manuel Carlos Piar International Airport,Guyana City,VE,8.28853,-62.760399,large_airport
SVRS,LRV,Los Roques Airport,Gran Roque Island,VE,11.946935,-66.668333,small_airport
SVS,SVS,Stevens Village Airport,Stevens Village,US,66.016727,-149.056835,small_airport
SVSA,SVZ,Juan Vicente Gómez International Airport,San Antonio del Tachira,VE,7.840809,-72.439878,medium_airport
SVSE,SNV,Santa Elena de Uairén Airport,Santa Elena de Uairén,VE,4.554699,-61.145234,medium_airport
SVSO,STD,Mayor Buenaventura Vivas International Airport,Santo Domingo,VE,7.56538,-72.035103,medium_airport
SVST,SOM,San Tomé Airport,El Tigre,VE,8.9451465606689,-64.151084899902,medium_airport
SVVA,VLN,Arturo Michelena International Airport,Valencia,VE,10.149733,-67.928398,large_airport
SVVG,VIG,Juan Pablo Pérez Alfonso Airport,El Vigía,VE,8.624139,-71.672668,medium_airport
SVVL,VLV,Dr. Antonio Nicolás Briceño Airport,Valera,VE,9.340478,-70.584061,medium_airport
SWBC,BAZ,Barcelos Airport,Barcelos,BR,-0.981191,-62.918603,small_airport
SWBR,RBB,Borba Airport,Borba,BR,-4.40634,-59.602402,small_airport
SWCA,CAF,Carauari Airport,Carauari,BR,-4.871473,-66.897552,small_airport
SWGN,AUX,Araguaína Airport,Araguaína,BR,-7.22787,-48.240501,medium_airport
SWLB,LBR,Lábrea Airport,Lábrea,BR,-7.27897,-64.769501,small_airport
SWTP,IRZ,Tapuruquara Airport,Santa Isabel do Rio Negro,BR,-0.378604,-64.992558,small_airport
SWTS,TGQ,Tangará da Serra Airport,Tangará da Serra,BR,-14.662,-57.443744,small_airport
SXP,SXP,Nunam Iqua Airport,Nunam Iqua,US,62.520599,-164.848006,small_airport
SYCJ,GEO,Cheddi Jagan International Airport,Georgetown,GY,6.49855,-58.254101,large_airport
SYGO,OGL,Eugene F. Correia International Airport,Ogle,GY,6.805881,-58.107657,medium_airport
SYKA,KAI,Kaieteur Airport,Kaieteur Falls,GY,5.177349,-59.48898,medium_airport
SYLT,LTM,Lethem Airport,Lethem,GY,3.37276,-59.789398,medium_airport
TAPA,ANU,V. C. Bird International Airport,Osbourn,AG,17.1367,-61.792702,large_airport
TBPB,BGI,Grantley Adams International Airport,Bridgetown,BB,13.074667,-59.491034,large_airport
TCT,TCT,Takotna Airport,Takotna,US,62.993206,-156.029026,small_airport
TDCF,DCF,Canefield Airport,Canefield,DM,15.336693,-61.392108,medium_airport
TDPD,DOM,Douglas-Charles Airport,Marigot,DM,15.546673,-61.301082,medium_airport
TFFA,DSD,La Désirade Airport,Grande Anse,GP,16.296902,-61.0844,small_airport
TFFB,BBR,Basse-Terre Baillif Airport,Basse-Terre,GP,16.013648,-61.742928,small_airport
TFFC,SFC,St-François Airport,St-François,GP,16.257799,-61.262501,small_airport
TFFF,FDF,Martinique Aimé Césaire International Airport,Fort-de-France,MQ,14.591,-61.003201,large_airport
TFFG,SFG,Grand Case-l'Espérance Airport,Grand Case,MF,18.100057,-63.047444,medium_airport
TFFJ,SBH,St. Jean Airport,Gustavia,BL,17.904398,-62.843333,medium_airport
TFFM,GBJ,Marie-Galante Airport,Grand-Bourg,GP,15.868925,-61.270087,medium_airport
TFFR,PTP,Maryse Condé International Airport,Pointe-à-Pitre,GP,16.265443,-61.532754,large_airport
TGPY,GND,Maurice Bishop International Airport,Saint George's,GD,12.003996,-61.785302,large_airport
TGPZ,CRU,Lauriston Airport,Carriacou Island,GD,12.4761,-61.472801,small_airport
TIST,STT,Cyril E. King Airport,Charlotte Amalie,VI,18.337091,-64.977251,large_airport
TISX,STX,Henry E. Rohlsen Airport,Christiansted,VI,17.701413,-64.802608,medium_airport
TJBQ,BQN,Rafael Hernández International Airport,Aguadilla,PR,18.4949,-67.129402,medium_airport
TJCP,CPX,Benjamin Rivera Noriega Airport,Culebra,PR,18.312954,-65.303893,medium_airport
TJIG,SIG,Fernando Luis Ribas Dominicci Airport,San Juan,PR,18.45680046081543,-66.09809875488281,medium_airport
TJMZ,MAZ,Eugenio Maria De Hostos Airport,Mayaguez,PR,18.255699,-67.148499,medium_airport
TJPS,PSE,Mercedita International Airport,Ponce,PR,18.008301,-66.563004,medium_airport
TJRV,NRR,José Aponte de la Torre Airport,Ceiba,PR,18.247262,-65.63979,medium_airport
TJSJ,SJU,Luis Munoz Marin International Airport,San Juan,PR,18.4394,-66.001801,large_airport
TJVQ,VQS,Antonio Rivera Rodriguez Airport,Vieques,PR,18.1348,-65.493599,medium_airport
TKPK,SKB,Robert L. Bradshaw International Airport,Basseterre,KN,17.310845,-62.719117,large_airport
TKPN,NEV,Vance W. Amory International Airport,Charlestown,KN,17.2057,-62.589901,medium_airport
TLPC,SLU,George F. L. Charles Airport,Castries,LC,14.0202,-60.992901,medium_airport
TLPL,UVF,Hewanorra International Airport,Vieux Fort,LC,13.7332,-60.952599,large_airport
TLT,TLT,Tuluksak Airport,Tuluksak,US,61.086973,-160.922842,small_airport
TM-0002,BKN,Balkanabat International Airport,Balkanabat,TM,39.681052,54.206008,medium_airport
TNCA,AUA,Queen Beatrix International Airport,Oranjestad,AW,12.501056,-70.014281,large_airport
TNCB,BON,Flamingo International Airport,Kralendijk,BQ,12.131,-68.268501,large_airport
TNCC,CUR,Hato International Airport,Willemstad,CW,12.1889,-68.959801,large_airport
TNCE,EUX,F. D. Roosevelt Airport,Oranjestad,BQ,17.4965,-62.979401,medium_airport
TNCM,SXM,Princess Juliana International Airport,Sint Maarten,SX,18.041,-63.108898,large_airport
TNCS,SAB,Juancho E. Yrausquin Airport,Zion's Hill,BQ,17.64533,-63.220514,medium_airport
TQPF,AXA,Clayton J. Lloyd International Airport,The Valley,AI,18.204773,-63.05383,medium_airport
TRPG,MNI,John A. Osborne Airport,Gerald's Park,MS,16.791835,-62.193204,large_airport
TTCP,TAB,A.N.R. Robinson International Airport,Scarborough,TT,11.149571,-60.831298,large_airport
TTPP,POS,Piarco International Airport,Port of Spain,TT,10.59535,-61.337568,large_airport
TUPJ,EIS,Terrance B. Lettsome International Airport,Beef Island,VG,18.445492,-64.541707,large_airport
TUPW,VIJ,Virgin Gorda Airport,Spanish Town,VG,18.446634,-64.427932,medium_airport
TVSA,SVD,Argyle International Airport,Kingstown,VC,13.159725,-61.148801,large_airport
TVSB,BQU,J F Mitchell Airport,Bequia,VC,12.9884,-61.262001,medium_airport
TVSC,CIW,Canouan Airport,Canouan,VC,12.699,-61.3424,medium_airport
TVSM,MQS,Mustique Airport,Lovell,VC,12.8879,-61.180199,medium_airport
TVSU,UNI,Union Island International Airport,Union Island,VC,12.600135,-61.411945,medium_airport
TWC,TWC,Tumxuk Tangwangcheng Airport,Tumxuk,CN,39.886663,79.233408,small_airport
TXKF,BDA,L.F. Wade International Airport,Hamilton,BM,32.363802,-64.67824,large_airport
UA30,,Batken Airport,Batken,KG,40.042899,70.83784,medium_airport
UAAA,ALA,Almaty International Airport,Almaty,KZ,43.354267,77.042828,large_airport
UAAH,BXH,Balkhash Airport,Balkhash,KZ,46.894246,75.004533,medium_airport
UAAL,USJ,Usharal Airport,Usharal,KZ,46.190767,80.830922,small_airport
UAAT,TDK,Taldykorgan Airport,Taldykorgan,KZ,45.12255,78.442758,medium_airport
UACC,NQZ,Nursultan Nazarbayev International Airport,Astana,KZ,51.027035,71.467094,large_airport
UACK,KOV,Kokshetau International Airport,Kokshetau,KZ,53.329102,69.594597,large_airport
UACP,PPK,Petropavl International Airport,Petropavl,KZ,54.775622,69.187415,large_airport
UADD,DMB,Taraz International Airport,Taraz,KZ,42.8536,71.303596,large_airport
UAFI,,Razzakov Airport,Isfana,KG,39.824737,69.56882,small_airport
UAFM,BSZ,Manas International Airport,Bishkek,KG,43.061298,74.4776,large_airport
UAFO,OSS,Osh International Airport,Osh,KG,40.609001,72.793297,large_airport
UAFP,IKG,Karakol International Airport,Karakol,KG,42.508099,78.407799,medium_airport
UAFZ,,Kazarman Airport,Kazarman,KG,41.410291,74.044418,small_airport
UAII,CIT,Shymkent International Airport,Shymkent,KZ,42.365021,69.47564,large_airport
UAIT,HSA,Hazrat Sultan International Airport,Turkıstan,KZ,43.311087,68.550352,large_airport
UAKD,DZN,Zhezkazgan National Airport,Zhezkazgan,KZ,47.708953,67.738094,large_airport
UAKK,KGF,Sary-Arka Airport,Karaganda,KZ,49.670799,73.334396,large_airport
UAOL,BXY,Baikonur Krayniy International Airport,Baikonur,KZ,45.621994,63.210773,large_airport
UAOO,KZO,Korkyt Ata International Airport,Kyzylorda,KZ,44.706902,65.592499,large_airport
UARR,URA,Manshuk Mametova International Airport,Uralsk,KZ,51.151976,51.543652,large_airport
UASK,UKK,Oskemen International Airport,Ust-Kamenogorsk (Oskemen),KZ,50.035033,82.496057,large_airport
UASP,PWQ,Pavlodar International Airport,Pavlodar,KZ,52.194982,77.073088,large_airport
UASS,PLX,Semei International Airport,Semey,KZ,50.351295,80.234398,large_airport
UASZ,SZI,Zaysan Airport,Zaysan,KZ,47.487491,84.887675,small_airport
UATE,SCO,Aktau International Airport,Aktau,KZ,43.860093,51.09086,large_airport
UATG,GUW,Atyrau International Airport,Atyrau,KZ,47.121318,51.820343,large_airport
UATT,AKX,Aktobe International Airport,Aktobe,KZ,50.248116,57.204144,large_airport
UAUU,KSN,Kostanay International Airport,Kostanay,KZ,53.206902,63.550301,large_airport
UBBB,GYD,Heydar Aliyev International Airport,Baku,AZ,40.47278,50.050931,large_airport
UBBG,GNJ,Ganja International Airport,Ganja,AZ,40.738692,46.320383,large_airport
UBBL,LLK,Lankaran International Airport,Lankaran,AZ,38.757919,48.807042,small_airport
UBBN,NAJ,Nakhchivan International Airport,Nakhchivan,AZ,39.188801,45.458401,large_airport
UBBQ,GBB,Gabala International Airport,Gabala,AZ,40.808617,47.725389,medium_airport
UBLC,LHL,Lachin International Airport,Lachin,AZ,39.883787,46.363137,medium_airport
UCFL,IKU,Issyk-Kul International Airport,Tamchy,KG,42.585584,76.701181,large_airport
UDSG,LWN,Shirak International Airport,Gyumri,AM,40.750401,43.859299,large_airport
UDYZ,EVN,Zvartnots International Airport,Yerevan,AM,40.148941,44.397887,large_airport
UEBB,BQJ,Batagay Airport,Batagay,RU,67.648003,134.695007,small_airport
UEBS,SUK,Sakkyryr Airport,Batagay-Alyta,RU,67.792,130.394,small_airport
UEBT,UKG,Ust-Kuyga Airport,Ust-Kuyga,RU,70.011002,135.645004,small_airport
UEEE,YKS,Platon Oyunsky Yakutsk International Airport,Yakutsk,RU,62.0933,129.770996,large_airport
UELL,NER,Chulman Airport,Neryungri,RU,56.913898468018,124.91400146484,medium_airport
UEMA,MQJ,Moma Airport,Khonuu,RU,66.450861,143.261551,medium_airport
UEMO,OLZ,Olyokminsk Airport,Olyokminsk,RU,60.401833,120.476094,medium_airport
UEMT,USR,Ust-Nera Airport,Ust-Nera,RU,64.550003,143.115005,medium_airport
UEMU,UMS,Ust-Maya Airport,Ust-Maya,RU,60.357437,134.43731,small_airport
UENI,VHV,Verkhnevilyuisk Airport,Verkhnevilyuisk,RU,63.458057403564,120.26916503906,small_airport
UENS,SUY,Suntar Airport,Suntar,RU,62.185001373291,117.63500213623,small_airport
UENW,VYI,Vilyuisk Airport,Vilyuisk,RU,63.756668,121.693336,medium_airport
UERL,ULK,Lensk Airport,Lensk,RU,60.723594,114.825319,medium_airport
UERP,PYJ,Polyarny Airport,Yakutia,RU,66.400398,112.029999,medium_airport
UERR,MJZ,Mirny Airport,Mirny,RU,62.534698486328125,114.03900146484375,medium_airport
UERS,SYS,Saskylakh Airport,Saskylakh,RU,71.927902,114.080002,medium_airport
UESK,SEK,Srednekolymsk Airport,Srednekolymsk,RU,67.4805,153.7364,medium_airport
UESO,CKH,Chokurdakh Airport,Chokurdah,RU,70.6231,147.901993,medium_airport
UESS,CYX,Cherskiy Airport,Cherskiy,RU,68.740601,161.337997,medium_airport
UEST,IKS,Tiksi Airport,Tiksi,RU,71.697700500488,128.90299987793,medium_airport
UESU,ZKP,Zyryanka Airport,Zyryanka,RU,65.7485,150.8889,medium_airport
UEVV,ZIX,Zhigansk Airport,Zhigansk,RU,66.7965011597,123.361000061,medium_airport
UG-0001,KXO,Kisoro Airport,Kisoro,UG,-1.2837,29.7197,small_airport
UG-0002,KHX,Savannah Airstrip,Kihihi,UG,-0.7165,29.6997,medium_airport
UGAM,,Ambrolauri Airport,Ambrolauri,GE,42.52687,43.13538,medium_airport
UGKO,KUT,David the Builder Kutaisi International Airport,Kopitnari,GE,42.177448,42.485353,large_airport
UGMS,,Mestia Queen Tamar Airport,Mestia,GE,43.053597,42.749012,small_airport
UGSA,,Natakhtari Airfield,Natakhtari,GE,41.921198,44.714186,small_airport
UGSB,BUS,Alexander Kartveli Batumi International Airport,Batumi,GE,41.60939,41.600315,large_airport
UGSS,SUI,Vladislav Ardzinba Sukhum International Airport,Sukhumi,GE,42.8582,41.128101,medium_airport
UGTB,TBS,Tbilisi International Airport,Tbilisi,GE,41.669201,44.9547,large_airport
UHBB,BQS,Ignatyevo Airport,Blagoveschensk,RU,50.426723,127.415502,medium_airport
UHHH,KHV,Khabarovsk Novy Airport,Khabarovsk,RU,48.528338,135.188588,medium_airport
UHKK,KXK,Komsomolsk-on-Amur Airport,Komsomolsk-on-Amur,RU,50.409,136.934006,medium_airport
UHMA,DYR,Ugolny Yuri Ryktheu Airport,Anadyr,RU,64.734902,177.740997,medium_airport
UHMF,,Omsukchan Airport,Omsukchan,RU,62.457001,155.744995,medium_airport
UHMH,,Susuman Airport,Susman,RU,62.764995,148.147014,small_airport
UHMK,KPW,Keperveem Airport,Keperveem,RU,67.845001,166.139999,medium_airport
UHMM,GDX,Sokol Airport,Magadan,RU,59.9109992980957,150.72000122070312,medium_airport
UHMN,,Omolon Airport,Omolon,RU,65.239998,160.539993,small_airport
UHMO,KVM,Markovo Airport,Markovo,RU,64.665446,170.417626,small_airport
UHMP,PWE,Pevek Airport,Apapelgino,RU,69.783302,170.597,medium_airport
UHNB,BQG,Bogorodskoye Airport,Bogorodskoye,RU,52.381041,140.449378,small_airport
UHNN,NLI,Nikolayevsk-na-Amure Airport,Nikolayevsk-na-Amure Airport,RU,53.154999,140.649994,medium_airport
UHOO,OHO,Okhotsk Airport,Okhotsk,RU,59.410065,143.056503,medium_airport
UHPK,,Ust'-Kamchatsk Airport,Ust'-Kamchatsk (Krutoberegovo),RU,56.238854,162.689989,small_airport
UHPP,PKC,Yelizovo Airport,Petropavlovsk-Kamchatsky,RU,53.168716,158.451068,large_airport
UHSI,ITU,Iturup Airport,Kurilsk,RU,45.256389,147.95549,small_airport
UHSK,EKS,Shakhtyorsk Airport,Shakhtyorsk,RU,49.1903,142.082993,small_airport
UHSM,DEE,Yuzhno-Kurilsk Mendeleyevo Airport,Yuzhno-Kurilsk,RU,43.961066,145.684977,small_airport
UHSN,NGK,Nogliki Airport,Nogliki,RU,51.783955,143.141785,small_airport
UHSS,UUS,Yuzhno-Sakhalinsk International Airport,Yuzhno-Sakhalinsk,RU,46.885461,142.717466,large_airport
UHWP,TLY,Plastun Airport,Plastun,RU,44.814999,136.292007,small_airport
UHWW,VVO,Vladivostok International Airport,Artyom,RU,43.396256,132.148155,large_airport
UIAA,HTA,Chita-Kadala International Airport,Chita,RU,52.024841,113.305839,large_airport
UIBB,BTK,Bratsk Airport,Bratsk,RU,56.3696,101.701822,medium_airport
UIIH,,Khuzhir Airport,"Khuzhir, Olkhon Island",RU,53.217869,107.410469,small_airport
UIII,IKT,Irkutsk International Airport,Irkutsk,RU,52.266707,104.395563,large_airport
UIKB,ODO,Bodaybo Airport,Bodaybo,RU,57.866100311299995,114.242996216,small_airport
UITT,UKX,Ust-Kut Airport,Ust-Kut,RU,56.856701,105.730003,medium_airport
UIUN,NZG,Nizhneangarsk International Airport,Nizhneangarsk,RU,55.8008,109.595001,small_airport
UIUU,UUD,Baikal International Airport,Ulan Ude,RU,51.808614,107.439652,large_airport
ULAA,ARH,Talagi Airport,Archangelsk,RU,64.60030364990234,40.71670150756836,medium_airport
ULAL,LDG,Leshukonskoye Airport,Leshukonskoye,RU,64.896004,45.723,small_airport
ULAM,NNM,Naryan Mar Airport,Naryan Mar,RU,67.639999,53.121899,medium_airport
ULAS,CSH,Solovki Airport,Solovetsky Islands,RU,65.029996,35.730558,small_airport
ULDD,AMV,Amderma Airport,Amderma,RU,69.763712,61.556711,medium_airport
ULKK,KSZ,Kotlas Airport,Kotlas,RU,61.235801696777344,46.6974983215332,medium_airport
ULLI,LED,Pulkovo Airport,St. Petersburg,RU,59.800301,30.262501,large_airport
ULMM,MMK,Emperor Nicholas II Murmansk Airport,Murmansk,RU,68.7817,32.750801,large_airport
ULOO,PKV,Princess Olga Pskov International Airport,Pskov,RU,57.781316,28.39384,medium_airport
ULPB,PES,Petrozavodsk Airport,Petrozavodsk,RU,61.885201,34.154701,medium_airport
ULWC,CEE,Cherepovets Airport,Cherepovets,RU,59.273601532,38.015800476100004,medium_airport
ULWU,VUS,Velikiy Ustyug Airport,Velikiy Ustyug,RU,60.7883,46.259998,medium_airport
UMBB,BQT,Brest International Airport,Brest,BY,52.108138,23.89676,large_airport
UMGG,GME,Gomel Airport,Gomel,BY,52.527000427246094,31.016700744628906,medium_airport
UMKK,KGD,Khrabrovo Airport,Kaliningrad,RU,54.89161,20.598559,large_airport
UMMS,MSQ,Minsk National Airport,Minsk,BY,53.888071,28.039964,large_airport
UMOO,MVQ,Mogilev Airport,Mogilev,BY,53.954898834228516,30.09510040283203,medium_airport
UNAA,ABA,Abakan International Airport,Abakan,RU,53.740002,91.385002,large_airport
UNBB,BAX,Barnaul Gherman Titov International Airport,Barnaul,RU,53.361285,83.539701,large_airport
UNEE,KEJ,Alexei Leonov Kemerovo International Airport,Kemerovo,RU,55.2701,86.107201,large_airport
UNII,EIE,Yeniseysk Airport,Yeniseysk,RU,58.474201,92.112503,medium_airport
UNIS,VEO,Severo-Yeniseysk Airport,Severo-Yeniseysk,RU,60.373299,93.011703,medium_airport
UNIT,GOY,Tura Mountain Airport,Tura,RU,64.333511,100.432892,small_airport
UNIW,VAQ,Vanavara Airport,Vanavara,RU,60.356229,102.309641,medium_airport
UNKL,KJA,Krasnoyarsk International Airport,Krasnoyarsk,RU,56.175743,92.485788,large_airport
UNKM,KCY,Krasnoyarsk Cheremshanka Airport,Krasnoyarsk,RU,56.177584,92.545881,medium_airport
UNKY,KYZ,Kyzyl Airport,Kyzyl,RU,51.669399,94.400597,medium_airport
UNNT,OVB,Novosibirsk Tolmachevo Airport,Novosibirsk,RU,55.019756,82.618675,large_airport
UNOO,OMS,Omsk Central Airport,Omsk,RU,54.963124,73.312418,large_airport
UNTT,TOF,Tomsk Kamov Airport,Tomsk,RU,56.380299,85.208298,large_airport
UNWW,NOZ,Spichenkovo Airport,Novokuznetsk,RU,53.811401,86.877197,medium_airport
UOHH,HTG,Khatanga Airport,Khatanga,RU,71.97810363769531,102.49099731445312,medium_airport
UOII,IAA,Igarka Airport,Igarka,RU,67.437202,86.621902,medium_airport
UOOO,NSK,Alykel International Airport,Norilsk,RU,69.307951,87.325906,large_airport
UOTT,THX,Turukhansk Airport,Turukhansk,RU,65.797203,87.935303,small_airport
URKG,GDZ,Gelendzhik Airport,Gelendzhik,RU,44.5820926295,38.0124807358,medium_airport
URKK,KRR,Krasnodar Pashkovsky International Airport,Krasnodar,RU,45.034465,39.174215,large_airport
URMG,GRV,Akhmat Kadyrov Grozny International Airport,Grozny,RU,43.388106,45.699772,large_airport
URML,MCX,Makhachkala Uytash International Airport,Makhachkala,RU,42.816799,47.652302,large_airport
URMM,MRV,Mineralnye Vody Airport,Mineralnyye Vody,RU,44.225101,43.081902,large_airport
URMN,NAL,Nalchik Airport,Nalchik,RU,43.512901,43.6366,medium_airport
URMO,OGZ,Vladikavkaz Beslan International Airport,Beslan,RU,43.205101,44.606602,medium_airport
URMS,IGT,Magas Airport,Sunzha,RU,43.323268,45.012568,medium_airport
URMT,STW,Stavropol Shpakovskoye Airport,Stavropol,RU,45.10919952392578,42.11280059814453,medium_airport
URSS,AER,Sochi International Airport,Sochi,RU,43.449902,39.9566,large_airport
URWA,ASF,Astrakhan Narimanovo Boris M. Kustodiev International Airport,Astrakhan,RU,46.282843,48.010511,large_airport
URWI,ESL,Elista Airport,Elista,RU,46.373901,44.330898,medium_airport
URWW,VOG,Volgograd International Airport,Volgograd,RU,48.78134,44.339194,large_airport
US-8450,PQS,Pilot Station Airport,Pilot Station,US,61.96169,-162.941944,small_airport
USCC,CEK,Kurchatov Chelyabinsk International Airport,Chelyabinsk,RU,55.303141,61.504927,large_airport
USCM,MQF,Magnitogorsk International Airport,Magnitogorsk,RU,53.391991,58.755235,large_airport
USDA,SBT,Sabetta International Airport,Sabetta,RU,71.219167,72.052222,medium_airport
USDB,BVJ,Bovanenkovo Airport,Bovanenkovo,RU,70.315278,68.333611,medium_airport
USDD,SLY,Salekhard Airport,Salekhard,RU,66.5907974243164,66.61100006103516,medium_airport
USDO,,Tolka Airport,Tolka,RU,63.987808,82.050889,small_airport
USHH,HMA,Khanty Mansiysk Airport,Khanty-Mansiysk,RU,61.0285,69.086098,medium_airport
USHL,,Lugovoy Airport,Lugovoy,RU,59.725122,65.833281,small_airport
USHN,NYA,Nyagan Airport,Nyagan,RU,62.110001,65.614998,medium_airport
USHQ,EYK,Beloyarskiy Airport,,RU,63.686901,66.698601,medium_airport
USHS,OVS,Sovetskiy Airport,Sovetskiy,RU,61.326622009277344,63.60191345214844,medium_airport
USHU,URJ,Uray Airport,Uray,RU,60.103298,64.826698,medium_airport
USII,IJK,Izhevsk Airport,Izhevsk,RU,56.834524,53.462172,medium_airport
USKK,KVX,Pobedilovo Airport,Kirov,RU,58.503883,49.347831,medium_airport
USMM,NYM,Nadym Airport,Nadym,RU,65.48090362548828,72.69889831542969,medium_airport
USMU,NUX,Novy Urengoy Airport,Novy Urengoy,RU,66.06939697265625,76.52030181884766,medium_airport
USNN,NJC,Nizhnevartovsk Airport,Nizhnevartovsk,RU,60.949299,76.483597,large_airport
USPP,PEE,Perm International Airport,Perm,RU,57.914501,56.021198,large_airport
USRK,KGP,Kogalym International Airport,Kogalym,RU,62.190399169921875,74.53379821777344,medium_airport
USRO,NOJ,Noyabrsk Airport,Noyabrsk,RU,63.18330001831055,75.2699966430664,medium_airport
USRR,SGC,Surgut International Airport,Surgut,RU,61.340501,73.405782,large_airport
USSS,SVX,Koltsovo Airport,Yekaterinburg,RU,56.743099212646,60.802700042725,large_airport
USTJ,RMZ,Tobolsk Remezov Airport,Tobolsk,RU,58.059712,68.347997,medium_airport
USTR,TJM,Roshchino International Airport,Tyumen,RU,57.178984,65.327696,large_airport
USUU,KRO,Kurgan Airport,Kurgan,RU,55.4753,65.415604,medium_airport
UTAA,ASB,Ashgabat International Airport,Ashgabat,TM,37.986801,58.361,large_airport
UTAK,KRW,Turkmenbaşy International Airport,Turkmenbaşy,TM,40.062833,53.005085,medium_airport
UTAM,MYP,Mary International Airport,Mary,TM,37.62353,61.895668,medium_airport
UTAT,TAZ,Dashoguz International Airport,Daşoguz,TM,41.759853,59.836149,large_airport
UTAV,CRZ,Türkmenabat International Airport,Türkmenabat,TM,38.930662,63.563982,large_airport
UTDD,DYU,Dushanbe International Airport,Dushanbe,TJ,38.543746,68.822977,large_airport
UTDK,TJU,Kulob International Airport,Kulob,TJ,37.988098,69.805,large_airport
UTDL,LBD,Khujand International Airport,Khujand,TJ,40.215401,69.694702,large_airport
UTDT,KQT,Bokhtar International Airport,Bokhtar,TJ,37.866315,68.864475,large_airport
UTFN,NMA,Namangan International Airport,Namangan,UZ,40.984622,71.5578,large_airport
UTKA,AZN,Andijan International Airport,Andijan,UZ,40.727699,72.293999,medium_airport
UTKF,FEG,Fergana International Airport,Fergana,UZ,40.358799,71.745003,medium_airport
UTNN,NCU,Nukus International Airport,Nukus,UZ,42.4884,59.623299,large_airport
UTNU,UGC,Urgench International Airport,Urgench,UZ,41.58274,60.64338,large_airport
UTSA,NVI,Navoi International Airport,Navoi,UZ,40.117599,65.172658,medium_airport
UTSB,BHK,Bukhara International Airport,Bukhara,UZ,39.775319,64.482279,large_airport
UTSK,KSQ,Karshi Airport,Karshi,UZ,38.802246,65.773068,small_airport
UTSS,SKD,Samarkand International Airport,Samarkand,UZ,39.701842,66.981467,large_airport
UTST,TMJ,Termez Airport,Termez,UZ,37.287261,67.311869,medium_airport
UTTP,TVT,Tashkent-Khumo International Airport,Tashkent,UZ,41.312889,69.395535,medium_airport
UTTT,TAS,Tashkent International Airport,Tashkent,UZ,41.2579,69.281197,large_airport
UTTZ,OMN,Zomin Airport,Zomin,UZ,40.01402,68.41103,medium_airport
UUBA,KMW,Kostroma Sokerkino Airport,Kostroma,RU,57.796902,41.019402,medium_airport
UUBI,IWA,Ivanovo South Airport,Ivanovo,RU,56.93939971923828,40.940799713134766,medium_airport
UUBW,ZIA,Zhukovsky International Airport,Moscow,RU,55.553299,38.150002,large_airport
UUDD,DME,Domodedovo International Airport,Moscow,RU,55.408798,37.9063,large_airport
UUDL,IAR,Golden Ring Yaroslavl International Airport,Tunoshna,RU,57.560699,40.157398,large_airport
UUEE,SVO,Sheremetyevo International Airport,Moscow,RU,55.976858,37.41121,large_airport
UUOO,VOZ,Voronezh International Airport,Voronezh,RU,51.814324,39.230948,medium_airport
UUWW,VKO,Vnukovo International Airport,Moscow,RU,55.591499,37.261501,large_airport
UUYH,UCT,Ukhta Airport,Ukhta,RU,63.566898,53.804699,medium_airport
UUYP,PEX,Pechora Airport,Pechora,RU,65.121101,57.130798,medium_airport
UUYS,USK,Usinsk Airport,Usinsk,RU,66.0047,57.367199,medium_airport
UUYW,VKT,Vorkuta Airport,Vorkuta,RU,67.488602,63.993099,medium_airport
UUYY,SCW,Syktyvkar Airport,Syktyvkar,RU,61.64699935913086,50.84510040283203,medium_airport
UWGG,GOJ,Nizhny Novgorod / Strigino International Airport,Nizhny Novgorod,RU,56.227351,43.785152,large_airport
UWKB,UUA,Bugulma Airport,Bugulma,RU,54.641184,52.800229,medium_airport
UWKD,KZN,Kazan International Airport,Kazan,RU,55.606201,49.278702,large_airport
UWKE,NBC,Begishevo Airport,Nizhnekamsk,RU,55.564701,52.092499,medium_airport
UWKS,CSY,Cheboksary Airport,Cheboksary,RU,56.090302,47.347301,medium_airport
UWLL,ULV,Ulyanovsk Baratayevka Airport,Ulyanovsk,RU,54.27016,48.225569,medium_airport
UWLW,ULY,Ulyanovsk Vostochny Airport,Cherdakly,RU,54.401001,48.8027,medium_airport
UWOO,REN,Orenburg Central Airport,Orenburg,RU,51.792668,55.457229,medium_airport
UWOR,OSW,Orsk Airport,Orsk,RU,51.072498,58.5956,medium_airport
UWPP,PEZ,Penza Airport,Penza,RU,53.1106,45.021099,medium_airport
UWPS,SKX,Saransk International Airport,Saransk,RU,54.12513,45.212257,large_airport
UWSB,BWO,Balakovo Airport,Balakovo,RU,51.858299,47.745602,medium_airport
UWSG,GSV,Gagarin International Airport,Saratov,RU,51.712778,46.171111,large_airport
UWUU,UFA,Ufa International Airport,Ufa,RU,54.557499,55.874401,large_airport
UWWW,KUF,Kurumoch International Airport,Samara,RU,53.504902,50.164299,large_airport
UZR,UZR,Urzhar Airport,Urzhar,KZ,47.091786,81.668216,small_airport
VA1G,REW,"Rewa Airport, Chorhata, REWA",Rewa,IN,24.503401,81.220299,medium_airport
VA1P,DIU,Diu Airport,Diu,IN,20.714185,70.921855,small_airport
VA2C,GDB,Gondia Airport,Gondia,IN,21.526817,80.290347,medium_airport
VAAH,AMD,Sardar Vallabh Patel International Airport,Ahmedabad,IN,23.0772,72.634697,large_airport
VAAU,IXU,Aurangabad Airport,Aurangabad,IN,19.862875,75.396312,medium_airport
VABB,BOM,Chhatrapati Shivaji Maharaj International Airport,Mumbai,IN,19.088699,72.867897,large_airport
VABJ,BHJ,Bhuj Airport,Bhuj,IN,23.2877998352,69.6701965332,medium_airport
VABM,IXG,Belagavi Airport,Belgaum,IN,15.8593,74.618301,medium_airport
VABO,BDQ,Vadodara International Airport,Vadodara,IN,22.336201,73.226303,large_airport
VABP,BHO,Raja Bhoj International Airport,Bhopal,IN,23.2875,77.337402,large_airport
VABV,BHU,Bhavnagar Airport,Bhavnagar,IN,21.752199173,72.1852035522,medium_airport
VAHB,HBX,Hubballi Airport,Hubballi,IN,15.361084,75.082096,medium_airport
VAHS,HSR,Rajkot International Airport,Rajkot,IN,22.378824,71.039391,large_airport
VAID,IDR,Devi Ahilya Bai Holkar International Airport,Indore,IN,22.721404,75.80051,large_airport
VAJB,JLR,Jabalpur Airport,Jabalpur,IN,23.177799,80.052002,medium_airport
VAJL,JLG,Jalgaon Airport,Jalgaon,IN,20.962678,75.627492,small_airport
VAJM,JGA,Jamnagar Airport,Jamnagar,IN,22.465499877929688,70.01260375976562,medium_airport
VAKE,IXY,Kandla Airport,Kandla,IN,23.1127,70.100304,medium_airport
VAKJ,HJR,Khajuraho Airport,Khajuraho,IN,24.8172,79.918602,medium_airport
VAKP,KLH,Kolhapur Airport,Kolhapur,IN,16.6647,74.289398,medium_airport
VAKS,IXK,Keshod Airport,Keshod,IN,21.317101,70.270401,medium_airport
VALT,LTU,Murod Kond Airport,Latur,IN,18.411501,76.464699,medium_airport
VAND,NDC,Nanded Airport,Nanded,IN,19.1833,77.316704,medium_airport
VANP,NAG,Dr. Babasaheb Ambedkar International Airport,Nagpur,IN,21.092199,79.047203,large_airport
VAOZ,ISK,Nashik International Airport,Nashik,IN,20.119101,73.912903,large_airport
VAPO,PNQ,Pune International Airport,Pune,IN,18.5821,73.919701,large_airport
VAPR,PBD,Porbandar Airport,Porbandar,IN,21.649524,69.656405,medium_airport
VARP,RPR,Swami Vivekananda Airport,Raipur,IN,21.180401,81.7388,medium_airport
VASD,SAG,Shirdi International Airport,Kakadi,IN,19.689211,74.373655,large_airport
VASU,STV,Surat International Airport,Surat,IN,21.115531,72.743251,large_airport
VAUD,UDR,Maharana Pratap Airport,Udaipur,IN,24.617700576799997,73.89610290530001,medium_airport
VCBI,CMB,Bandaranaike International Colombo Airport,Colombo,LK,7.180759906768799,79.88410186767578,large_airport
VCCB,BTC,Batticaloa International Airport,Batticaloa,LK,7.705073,81.677163,medium_airport
VCCC,RML,Colombo Ratmalana International Airport,Colombo,LK,6.821638,79.885859,large_airport
VCCJ,JAF,Jaffna International Airport,Jaffna,LK,9.79233,80.070099,large_airport
VCCK,KCT,Koggala Airport,Galle,LK,5.993680000305176,80.32029724121094,medium_airport
VCCT,TRR,China Bay Airport,Trincomalee,LK,8.539159,81.18128,medium_airport
VCRI,HRI,Mattala Rajapaksa International Airport,Mattala,LK,6.283878,81.124163,medium_airport
VDBG,BBM,Battambang Airport,Battambang,KH,13.0956,103.223999,medium_airport
VDSA,SAI,Siem Reap-Angkor International Airport,Siem Reap,KH,13.36974,104.223831,large_airport
VDSV,KOS,Sihanouk International Airport,Preah Sihanouk,KH,10.570557,103.632067,large_airport
VEAT,IXA,Agartala - Maharaja Bir Bikram Airport,Agartala,IN,23.886999,91.240402,medium_airport
VEBD,IXB,Bagdogra Airport,Siliguri,IN,26.6812,88.328598,large_airport
VEBI,SHL,Shillong Airport,Shillong,IN,25.70359992980957,91.97869873046875,medium_airport
VEBN,VNS,Lal Bahadur Shastri International Airport,Varanasi,IN,25.452171,82.862549,large_airport
VEBS,BBI,Biju Patnaik International Airport,Bhubaneswar,IN,20.251021,85.814747,large_airport
VEBU,PAB,Bilaspur Airport,Bilaspur,IN,21.9884,82.111,medium_airport
VECC,CCU,Netaji Subhash Chandra Bose International Airport,Kolkata,IN,22.654012,88.44765,large_airport
VEDG,RDP,Kazi Nazrul Islam Airport,Durgapur,IN,23.6225,87.243,medium_airport
VEDH,DBR,Darbhanga Airport,Darbhanga,IN,26.192801,85.916901,medium_airport
VEDO,DGH,Deoghar Airport,Deoghar,IN,24.446842,86.704955,small_airport
VEGK,GOP,Gorakhpur Airport,Gorakhpur,IN,26.739700317399997,83.4496994019,medium_airport
VEGT,GAU,Lokpriya Gopinath Bordoloi International Airport,Guwahati,IN,26.106654,91.585226,large_airport
VEGY,GAY,Gaya Airport,Gaya,IN,24.744301,84.951202,medium_airport
VEIM,IMF,Bir Tikendrajit International Airport,Imphal,IN,24.76,93.896698,large_airport
VEJH,JRG,Jharsuguda Airport,,IN,21.9135,84.0504,small_airport
VEJT,JRH,Jorhat Airport,Jorhat,IN,26.730456,94.175416,medium_airport
VEKU,IXS,Silchar Airport,Silchar,IN,24.9129009247,92.97869873050001,medium_airport
VELP,AJL,Lengpui Airport,Aizawl (Lengpui),IN,23.840599,92.619698,medium_airport
VELR,IXI,Lilabari North Lakhimpur Airport,Lilabari,IN,27.295682,94.097266,medium_airport
VEMN,DIB,Dibrugarh Airport,Dibrugarh,IN,27.4839000702,95.0168991089,medium_airport
VEMR,DMU,Dimapur Airport,Dimapur,IN,25.883899688699998,93.77110290530001,medium_airport
VEPT,PAT,Jay Prakash Narayan Airport,Patna,IN,25.591299,85.087997,medium_airport
VERC,IXR,Birsa Munda Airport,Ranchi,IN,23.314300537100003,85.3217010498,medium_airport
VETZ,TEZ,Tezpur Airport,,IN,26.7091007232666,92.78469848632812,medium_airport
VEUK,UKE,Utkela Airport,Bhawanipatna,IN,20.097778,83.183333,medium_airport
VGBR,BZL,Barisal Airport,Barisal,BD,22.801001,90.301201,medium_airport
VGCB,CXB,Cox's Bazar Airport,Cox's Bazar,BD,21.457517,91.963263,medium_airport
VGEG,CGP,Shah Amanat International Airport,Chattogram (Chittagong),BD,22.249599,91.813301,large_airport
VGHS,DAC,Hazrat Shahjalal International Airport,Dhaka,BD,23.843347,90.397783,large_airport
VGJR,JSR,Jessore Airport,Jashore (Jessore),BD,23.1838,89.160797,medium_airport
VGRJ,RJH,Shah Makhdum Airport,Rajshahi,BD,24.437201,88.616501,medium_airport
VGSD,SPD,Saidpur Airport,Saidpur,BD,25.759199,88.908897,medium_airport
VGSY,ZYL,Osmany International Airport,Sylhet,BD,24.963993,91.864749,large_airport
VHHH,HKG,Hong Kong International Airport,Hong Kong,HK,22.31184,113.914862,large_airport
VIAG,AGR,Agra Airport / Agra Air Force Station,Agra,IN,27.157975,77.961025,medium_airport
VIAL,IXD,Prayagraj Airport,Allahabad,IN,25.4401,81.733902,medium_airport
VIAR,ATQ,Sri Guru Ram Das Ji International Airport,Amritsar,IN,31.7096,74.797302,large_airport
VIAX,AIP,Adampur Airport,Adampur,IN,31.4338,75.758797,small_airport
VIBR,KUU,Kullu Manali Airport,Bhuntar,IN,31.876699,77.154404,medium_airport
VIBY,BEK,Bareilly Air Force Station,Bareilly,IN,28.4221,79.450798,medium_airport
VICG,IXC,Shaheed Bhagat Singh International Airport,Chandigarh,IN,30.6735,76.788498,large_airport
VICX,KNU,Kanpur Airport,Kanpur,IN,26.404301,80.410103,medium_airport
VIDN,DED,Dehradun Jolly Grant Airport,Dehradun (Jauligrant),IN,30.189243,78.176651,medium_airport
VIDP,DEL,Indira Gandhi International Airport,New Delhi,IN,28.55563,77.09519,large_airport
VIDX,HDO,Hindon Airport / Hindon Air Force Station,Ghaziabad,IN,28.707701,77.358902,small_airport
VIGG,DHM,Kangra Airport,Kangra,IN,32.164902,76.263018,medium_airport
VIGR,GWL,Gwalior Airport,Gwalior,IN,26.29330062866211,78.22779846191406,medium_airport
VIHR,HSS,Maharaja Agrasen International Airport,Hisar,IN,29.186065,75.74142,large_airport
VIHX,HWR,Halwara International Airport,Halwara,IN,30.748501,75.629799,large_airport
VIJO,JDH,Jodhpur Airport,Jodhpur,IN,26.251100540161133,73.04889678955078,medium_airport
VIJP,JAI,Jaipur International Airport,Jaipur,IN,26.8242,75.812202,large_airport
VIJR,JSA,Jaisalmer Airport,,IN,26.8887,70.864998,medium_airport
VIJU,IXJ,Jammu Airport,Jammu,IN,32.688849,74.838152,medium_airport
VIKG,KQH,Kishangarh Airport Ajmer,Ajmer (Kishangarh),IN,26.591007,74.812956,medium_airport
VILH,IXL,Leh Kushok Bakula Rimpochee Airport,Leh,IN,34.135899,77.546501,medium_airport
VILK,LKO,Chaudhary Charan Singh International Airport,Lucknow,IN,26.760599,80.889297,large_airport
VIMB,MZS,Moradabad Airport,Moradabad,IN,28.81746,78.92187,medium_airport
VIPK,IXP,Pathankot Airport,Pathankot,IN,32.233611,75.634444,medium_airport
VIPT,PGH,Pantnagar Airport,Pantnagar,IN,29.0334,79.473701,medium_airport
VISR,SXR,Srinagar International Airport,Srinagar,IN,33.987099,74.7742,large_airport
VISV,VSV,Shravasti Airport,Shravasti,IN,27.499732,82.032927,small_airport
VLLB,LPQ,Luang Phabang International Airport,Luang Phabang,LA,19.904273,102.167191,large_airport
VLLN,LXG,Luang Namtha Airport,Luang Namtha,LA,20.966999,101.400002,small_airport
VLOS,ODY,Oudomsay Airport,Oudomsay,LA,20.68269920349121,101.99400329589844,small_airport
VLPS,PKZ,Pakse International Airport,Pakse,LA,15.133973,105.779871,large_airport
VLVT,VTE,Wattay International Airport,Vientiane,LA,17.985052,102.566692,large_airport
VLXK,XKH,Xieng Khouang Airport,Xieng Khouang,LA,19.450001,103.157997,small_airport
VMMC,MFM,Macau International Airport,Nossa Senhora do Carmo,MO,22.149599,113.592003,large_airport
VNBP,BHR,Bharatpur Airport,Bharatpur,NP,27.678101,84.429398,small_airport
VNBW,BWA,Gautam Buddha International Airport,Siddharthanagar (Bhairahawa),NP,27.504636,83.410381,large_airport
VNCG,BDP,Bhadrapur Airport,Bhadrapur,NP,26.5708007812,88.07959747310001,small_airport
VNDP,DOP,Dolpa Airport,Dolpa,NP,28.985659,82.818703,small_airport
VNDT,SIH,Silgadi Doti Airport,Silgadi Doti,NP,29.262226,80.935968,small_airport
VNJL,JUM,Jumla Airport,Jumla,NP,29.2742,82.193298,small_airport
VNJP,JKR,Janakpur Airport,Janakpur,NP,26.708799,85.922401,medium_airport
VNJS,JMO,Jomsom Airport,Jomsom,NP,28.780426,83.723,small_airport
VNKT,KTM,Tribhuvan International Airport,Kathmandu,NP,27.6966,85.3591,large_airport
VNLK,LUA,Tenzing-Hillary Airport,Lukla,NP,27.686768,86.729479,medium_airport
VNNG,KEP,Nepalgunj Airport,Nepalgunj,NP,28.1036,81.667,medium_airport
VNPK,PKR,Pokhara Domestic Airport,Pokhara,NP,28.200621,83.981203,medium_airport
VNSI,SIF,Simara Airport,Simara,NP,27.159803,84.980021,small_airport
VNSK,SKH,Surkhet Airport,Surkhet,NP,28.586,81.636002,small_airport
VNSL,,Rukum Salle Airport,Musikot,NP,28.636161,82.45018,small_airport
VNST,IMK,Simikot Airport,Simikot,NP,29.9711,81.818901,small_airport
VNTJ,TPJ,Taplejung Airport,Taplejung,NP,27.3509,87.69525,medium_airport
VNTR,TMI,Tumling Tar Airport,Tumling Tar,NP,27.315001,87.193298,small_airport
VNVT,BIR,Biratnagar Airport,Biratnagar,NP,26.48150062561035,87.26399993896484,medium_airport
VOAT,AGX,Agatti Airport,Agatti,IN,10.8237,72.176003,medium_airport
VOBL,BLR,Kempegowda International Airport Bengaluru,Bengaluru,IN,13.1979,77.706299,large_airport
VOBZ,VGA,Vijayawada International Airport,Vijayawada,IN,16.530011,80.804888,large_airport
VOCB,CJB,Coimbatore International Airport,Coimbatore,IN,11.03,77.043404,large_airport
VOCI,COK,Cochin International Airport,Kochi,IN,10.151047,76.400838,large_airport
VOCL,CCJ,Calicut International Airport,Calicut,IN,11.135996,75.955152,large_airport
VOCP,CDP,Kadapa Airport,Kadapa,IN,14.513154,78.769183,medium_airport
VOGA,GOX,Manohar International Airport,Mopa,IN,15.744257,73.860625,large_airport
VOGB,GBI,Kalaburagi Airport,Kalaburagi,IN,17.308154,76.965246,small_airport
VOGO,GOI,Goa Dabolim International Airport,Vasco da Gama,IN,15.380062,73.833328,large_airport
VOHS,HYD,Rajiv Gandhi International Airport,Hyderabad,IN,17.231318,78.429855,large_airport
VOKN,CNN,Kannur International Airport,Kannur,IN,11.916343,75.544979,large_airport
VOKU,KJB,Kurnool Airport,Orvakal,IN,15.716288,78.16923,medium_airport
VOMD,IXM,Madurai Airport,Madurai,IN,9.83450984955,78.09339904790001,medium_airport
VOML,IXE,Mangaluru International Airport,Mangaluru,IN,12.95471,74.886812,large_airport
VOMM,MAA,Chennai International Airport,Chennai,IN,12.990005,80.169296,large_airport
VOMY,MYQ,Mysore Airport,Mysore,IN,12.229751,76.653683,medium_airport
VOPB,IXZ,Veer Savarkar International Airport / INS Utkrosh,Port Blair,IN,11.640194,92.72902,large_airport
VOPC,PNY,Pondicherry Airport,Puducherry (Pondicherry),IN,11.968,79.812,medium_airport
VORY,RJA,Rajahmundry Airport,Madhurapudi,IN,17.105799,81.813204,medium_airport
VOTK,TCR,Tuticorin Airport,Vagaikulam,IN,8.724241,78.025803,small_airport
VOTP,TIR,Tirupati International Airport,Tirupati,IN,13.631988,79.539869,large_airport
VOTR,TRZ,Tiruchirappalli International Airport,Tiruchirappalli,IN,10.762915,78.717741,large_airport
VOTV,TRV,Thiruvananthapuram International Airport,Thiruvananthapuram,IN,8.481889,76.920029,large_airport
VOVI,VTZ,Alluri Sitarama Raju International Airport (Vizag),Visakhapatnam,IN,17.971512,83.503617,large_airport
VQBT,BUT,Bathpalathang Airport,Jakar,BT,27.5622,90.7471,small_airport
VQPR,PBH,Paro International Airport,Paro,BT,27.4032,89.424599,large_airport
VQTY,YON,Yongphulla Airport,Yongphulla,BT,27.25627,91.514633,small_airport
VRAH,HRF,Hoarafushi Airport,,MV,6.96967,72.896287,small_airport
VRBK,HDK,Kulhudhuffushi Airport,Kulhudhuffushi,MV,6.630762,73.067815,small_airport
VRDA,NMF,Maafaru International Airport,Noonu Atoll,MV,5.817407,73.468404,medium_airport
VRMD,DRV,Dharavandhoo Airport,Baa Atoll,MV,5.1561,73.1302,small_airport
VRMG,GAN,Gan International Airport,Gan,MV,-0.692975,73.152627,large_airport
VRMH,HAQ,Hanimaadhoo International Airport,Haa Dhaalu Atoll,MV,6.743235,73.167072,large_airport
VRMK,KDO,Kadhdhoo Airport,Kadhdhoo,MV,1.8591699600219727,73.52189636230469,medium_airport
VRMM,MLE,Velana International Airport,Malé,MV,4.19183,73.529099,large_airport
VRMO,GKK,Kooddoo Airport,Huvadhu Atoll,MV,0.7324,73.4336,small_airport
VRMT,KDM,Kaadedhdhoo Airport,Huvadhu Atoll,MV,0.488131,72.996902,medium_airport
VRMV,VAM,Villa International Airport Maamigili,Maamigili,MV,3.471751,72.832633,medium_airport
VRNT,TMF,Thimarafushi Airport,Thimarafushi,MV,2.211,73.1533,small_airport
VRQM,RUL,Maavaarulaa Airport,Maavaarulu,MV,0.338085,73.512869,small_airport
VTBD,DMK,Don Mueang International Airport,Bangkok,TH,13.9126,100.607002,large_airport
VTBO,TDX,Trat Airport,Laem Ngop,TH,12.2746,102.319,medium_airport
VTBS,BKK,Suvarnabhumi Airport,Bangkok,TH,13.6811,100.747002,large_airport
VTBU,UTP,U-Tapao–Rayong–Pattaya International Airport,Rayong,TH,12.6799,101.004997,large_airport
VTCC,CNX,Chiang Mai International Airport,Chiang Mai,TH,18.766799926799997,98.962600708,large_airport
VTCH,HGN,Mae Hong Son Airport,Mae Hong Son,TH,19.3013,97.9758,medium_airport
VTCL,LPT,Lampang Airport,,TH,18.27090072631836,99.50420379638672,medium_airport
VTCN,NNT,Nan Airport,,TH,18.807899475097656,100.78299713134766,medium_airport
VTCO,,Lamphun Airport,,TH,18.548986,99.012426,small_airport
VTCT,CEI,Mae Fah Luang - Chiang Rai International Airport,Chiang Rai,TH,19.952299,99.882896,large_airport
VTPB,PHY,Phetchabun Airport,,TH,16.6760005951,101.194999695,medium_airport
VTPH,HHQ,Hua Hin Airport,Hua Hin,TH,12.6361999512,99.951499939,medium_airport
VTPM,MAQ,Mae Sot Airport,,TH,16.699899673461914,98.54509735107422,medium_airport
VTPO,THS,Sukhothai Airport,,TH,17.238000869750977,99.81819915771484,medium_airport
VTPP,PHS,Phitsanulok Airport,Phitsanulok,TH,16.7829,100.278999,medium_airport
VTSB,URT,Surat Thani Airport,Surat Thani,TH,9.13259983063,99.135597229,medium_airport
VTSC,NAW,Narathiwat Airport,,TH,6.5199198722839355,101.74299621582031,medium_airport
VTSE,CJM,Chumphon Airport,Chumphon,TH,10.7112,99.361702,medium_airport
VTSF,NST,Nakhon Si Thammarat Airport,Nakhon Si Thammarat,TH,8.539620399475098,99.9447021484375,medium_airport
VTSG,KBV,Krabi International Airport,Krabi,TH,8.095591,98.988955,large_airport
VTSM,USM,Samui International Airport,Na Thon (Ko Samui Island),TH,9.54779,100.061996,large_airport
VTSP,HKT,Phuket International Airport,Phuket,TH,8.113257,98.3174,large_airport
VTSR,UNN,Ranong Airport,Ranong,TH,9.77762,98.585503,medium_airport
VTSS,HDY,Hat Yai International Airport,Hat Yai,TH,6.93321,100.392998,large_airport
VTST,TST,Trang Airport,Trang,TH,7.50874,99.6166,medium_airport
VTUD,UTH,Udon Thani International Airport,Udon Thani,TH,17.386186,102.788577,large_airport
VTUI,SNO,Sakon Nakhon Airport,,TH,17.195100784301758,104.11900329589844,medium_airport
VTUJ,PXR,Surin Airport,Surin,TH,14.868300437927,103.49800109863,medium_airport
VTUK,KKC,Khon Kaen Airport,Khon Kaen,TH,16.466600418099997,102.783996582,medium_airport
VTUL,LOE,Loei Airport,,TH,17.43910026550293,101.72200012207031,medium_airport
VTUO,BFV,Buri Ram Airport,Buriram,TH,15.2295,103.252998,medium_airport
VTUU,UBP,Ubon Ratchathani Airport,Ubon Ratchathani,TH,15.2512998581,104.870002747,medium_airport
VTUV,ROI,Roi Et Airport,Roi Et,TH,16.1168,103.774002,medium_airport
VTUW,KOP,Nakhon Phanom Airport,Nakhon Phanom,TH,17.383801,104.642998,medium_airport
VVBM,BMV,Buon Ma Thuot Airport,Buon Ma Thuot,VN,12.668299675,108.120002747,medium_airport
VVCA,VCL,Chu Lai Airport,Tam Nghĩa,VN,15.4033,108.706001,small_airport
VVCI,HPH,Cat Bi International Airport,Haiphong (Hai An),VN,20.817428,106.724315,large_airport
VVCM,CAH,Cà Mau Airport,Ca Mau City,VN,9.177667,105.177778,medium_airport
VVCR,CXR,Cam Ranh International Airport / Cam Ranh Air Base,Nha Trang/nha Trang aiurportCam Ranh,VN,11.9982,109.219002,large_airport
VVCS,VCS,Con Dao Airport,Con Dao,VN,8.73183,106.633003,medium_airport
VVCT,VCA,Can Tho International Airport,Can Tho,VN,10.083397,105.709371,large_airport
VVDB,DIN,Dien Bien Phu Airport,Dien Bien Phu,VN,21.3974990845,103.008003235,medium_airport
VVDH,VDH,Dong Hoi Airport,Dong Hoi,VN,17.515,106.590556,medium_airport
VVDL,DLI,Lien Khuong Airport,Da Lat,VN,11.750556,108.366997,medium_airport
VVDN,DAD,Da Nang International Airport,Da Nang,VN,16.0439,108.198997,large_airport
VVNB,HAN,Noi Bai International Airport,Hanoi (Soc Son),VN,21.221201,105.806999,large_airport
VVPB,HUI,Phu Bai International Airport,Huế,VN,16.400628,107.703094,medium_airport
VVPC,UIH,Phu Cat Airport,Quy Nohn,VN,13.955,109.042,medium_airport
VVPK,PXU,Pleiku Airport,Pleiku,VN,14.004500389099121,108.01699829101562,medium_airport
VVPQ,PQC,Phú Quốc International Airport,Phu Quoc Island,VN,10.169783,103.99353,large_airport
VVRG,VKG,Rach Gia Airport,Rach Gia,VN,9.95802997234,105.132379532,medium_airport
VVTH,TBB,Dong Tac Airport,Tuy Hoa,VN,13.0496,109.334,medium_airport
VVTS,SGN,Tan Son Nhat International Airport,Ho Chi Minh City,VN,10.8188,106.652,large_airport
VVTX,THD,Tho Xuan Airport,Thanh Hóa,VN,19.901667,105.467778,small_airport
VVVD,VDO,Van Don International Airport,Van Don,VN,21.120693,107.41539,medium_airport
VVVH,VII,Vinh Airport,Vinh,VN,18.7376003265,105.67099762,medium_airport
VYBG,NYU,Bagan Airport,Nyaung U,MM,21.178800582885742,94.9301986694336,small_airport
VYBM,BMO,Banmaw Airport,Banmaw,MM,24.27044,97.2476,small_airport
VYDW,TVY,Dawei Airport,Dawei,MM,14.1039,98.203598,medium_airport
VYHH,HEH,Heho Airport,Heho,MM,20.74714,96.792029,medium_airport
VYKG,KET,Kengtung Airport,Kengtung,MM,21.301599502563477,99.63600158691406,medium_airport
VYKI,KHM,Kanti Airport,Kanti,MM,25.9883,95.6744,small_airport
VYKP,KYP,Kyaukpyu Airport,Kyaukpyu,MM,19.42639923095703,93.53479766845703,medium_airport
VYKT,KAW,Kawthoung Airport,Kawthoung,MM,10.049300193786621,98.53800201416016,medium_airport
VYLK,LIW,Loikaw Airport,Loikaw,MM,19.691499710083008,97.21479797363281,medium_airport
VYLS,LSH,Lashio Airport,Lashio,MM,22.9778995513916,97.752197265625,medium_airport
VYMD,MDL,Mandalay International Airport,Mandalay,MM,21.702199935913086,95.97789764404297,large_airport
VYME,MGZ,Myeik Airport,Mkeik,MM,12.439800262451172,98.62149810791016,medium_airport
VYMK,MYT,Myitkyina Airport,Myitkyina,MM,25.3836,97.351898,medium_airport
VYMM,MNU,Mawlamyine Airport,Mawlamyine,MM,16.444700241088867,97.66069793701172,small_airport
VYMS,MOG,Mong Hsat Airport,Mong Hsat,MM,20.516799926757812,99.25679779052734,medium_airport
VYMW,MWQ,Magway Airport,Magway,MM,20.1656,94.941399,small_airport
VYNT,NYT,Nay Pyi Taw International Airport,Naypyitaw,MM,19.623501,96.200996,large_airport
VYPN,BSX,Pathein Airport,Pathein,MM,16.815201,94.7799,small_airport
VYPT,PBU,Putao Airport,Putao,MM,27.32990074157715,97.42630004882812,medium_airport
VYSW,AKY,Sittwe Airport,Sittwe,MM,20.133165,92.870693,medium_airport
VYTD,SNW,Thandwe Airport,Thandwe,MM,18.4606990814209,94.30010223388672,medium_airport
VYTL,THL,Tachileik Airport,Tachileik,MM,20.483800888061523,99.9354019165039,medium_airport
VYYY,RGN,Yangon International Airport,Yangon,MM,16.907300949099998,96.1332015991,large_airport
WA09,RCE,Roche Harbor Airport,Roche Harbor,US,48.612301,-123.139,small_airport
WAAA,UPG,Sultan Hasanuddin International Airport,Makassar,ID,-5.075539,119.553702,large_airport
WABB,BIK,Frans Kaisiepo Airport,Biak,ID,-1.19002,136.108002,medium_airport
WABP,TIM,Mozes Kilangin Airport,Timika,ID,-4.52978,136.887388,medium_airport
WADB,BMU,Sultan Muhammad Salahuddin Airport,Bima,ID,-8.537184,118.685002,medium_airport
WADD,DPS,Denpasar I Gusti Ngurah Rai International Airport,"Kuta, Badung",ID,-8.748409,115.167123,large_airport
WADE,,Lieutenant Colonel Wisnu Airfield,"Gerokgak, Buleleng",ID,-8.139292,114.615367,small_airport
WADL,LOP,Lombok International Airport,"Mataram (Pujut, Lombok Tengah)",ID,-8.759962,116.278169,large_airport
WADS,SWQ,Sultan Muhammad Kaharuddin III Airport,Sumbawa Besar,ID,-8.48904,117.412003,small_airport
WADT,TMC,Tambolaka Airport,Radamata,ID,-9.409224,119.242558,small_airport
WADW,WGP,Umbu Mehang Kunda Airport,Waingapu-Sumba Island,ID,-9.66922,120.302002,small_airport
WADY,BWX,Banyuwangi Airport,"Rogojampi, Banyuwangi",ID,-8.31015,114.3401,small_airport
WAEE,TTE,Sultan Babullah Airport,Ternate,ID,0.831012,127.381611,medium_airport
WAFB,TRT,Toraja Airport,Toraja,ID,-3.184359,119.919104,medium_airport
WAFD,LLO,Bua - Palopo Lagaligo Airport,Palopo,ID,-3.08227,120.244823,small_airport
WAFF,PLW,Mutiara - SIS Al-Jufrie Airport,Palu,ID,-0.916462,119.908647,medium_airport
WAFL,TLI,Sultan Bantilan Airport,Toli Toli-Celebes Island,ID,1.123428,120.793658,small_airport
WAFU,OJU,Tanjung Api Airport,Tojo Una-Una,ID,-0.865437,121.628625,small_airport
WAGB,HMS,Haji Muhammad Sidik Airport,Muara Teweh,ID,-1.02581,114.92881,small_airport
WAGF,KLP,Seruyan Kuala Pembuang Airport,Seruyan,ID,-3.376062,112.536521,small_airport
WAGG,PKY,Tjilik Riwut Airport,Palangkaraya,ID,-2.227146,113.943388,medium_airport
WAHI,YIA,Yogyakarta International Airport,Yogyakarta,ID,-7.905338,110.057264,large_airport
WAHL,CXP,Tunggul Wulung Airport,Cilacap,ID,-7.64506,109.033997,medium_airport
WAHU,KWB,Dewadaru Airport,Karimunjawa,ID,-5.80091,110.47838,small_airport
WAJB,BUI,Bokondini Airport,Bokondini,ID,-3.68455,138.677437,small_airport
WAJJ,DJJ,Dortheys Hiyo Eluay International Airport,Sentani,ID,-2.579627,140.519857,large_airport
WAJK,,Kiwirok Airstrip,Kiwirok,ID,-4.713481,140.740271,small_airport
WAJO,OKL,Oksibil Airport,Oksibil,ID,-4.9071,140.6277,medium_airport
WAKK,MKQ,Mopah International Airport,Merauke,ID,-8.523898,140.419693,medium_airport
WAKT,TMH,Tanah Merah Airport,Tanah Merah,ID,-6.09669,140.303521,medium_airport
WALG,TJS,Tanjung Harapan Airport,Tanjung Selor-Borneo Island,ID,2.838139,117.374584,small_airport
WALJ,DTD,Datadawai Airport,Datadawai-Borneo Island,ID,0.807028,114.529052,small_airport
WALL,BPN,Sultan Aji Muhammad Sulaiman Sepinggan International Airport,Balikpapan,ID,-1.268342,116.89452,large_airport
WALR,TRK,Juwata International Airport / Suharnoko Harbani AFB,Tarakan,ID,3.325145,117.564169,medium_airport
WALS,AAP,Aji Pangeran Tumenggung Pranoto International Airport,Samarinda,ID,-0.374478,117.250128,medium_airport
WAMG,GTO,Jalaluddin Airport,Gorontalo,ID,0.637119,122.849998,small_airport
WAMH,NAH,Naha Airport,"Tabukan Utara, Sangihe Islands",ID,3.68478,125.527162,medium_airport
WAMI,LKM,Bolaang Mongondow Airport,Lolak,ID,0.88855,124.033634,small_airport
WAMM,MDC,Sam Ratulangi International Airport,Manado,ID,1.548591,124.92625,large_airport
WAMY,UOL,Buol - Pogogul Airport,Buol,ID,1.102318,121.413358,small_airport
WAOC,BTW,Bersujud Airport,Batu Licin,ID,-3.41241,115.995003,small_airport
WAOI,PKN,Iskandar Airport,Pangkalanbun,ID,-2.7052,111.672997,small_airport
WAOK,KBU,Gusti Syamsir Alam Airport,Stagen,ID,-3.294796,116.163815,small_airport
WAON,TJG,Warukin Airport,Tanta-Tabalong,ID,-2.21656,115.435997,medium_airport
WAOO,BDJ,Syamsudin Noor International Airport,Banjarbaru,ID,-3.440112,114.761209,large_airport
WAOS,SMQ,Sampit (H.Asan) Airport,Sampit,ID,-2.499198,112.974987,small_airport
WAOW,TBM,Tumbang Samba Airport,Tumbang Samba-Borneo Island,ID,-1.469024,113.080984,small_airport
WAPF,LUV,Karel Sadsuitubun Airport,Langgur,ID,-5.760278,132.759444,medium_airport
WAPN,NAM,Namniwel Airport,Namniwel,ID,-3.143159,126.976469,medium_airport
WAPP,AMQ,Pattimura International Airport,Ambon,ID,-3.71026,128.089005,large_airport
WAQM,LNU,Robert Atty Bessing,Malinau,ID,3.575256,116.619769,small_airport
WAQT,BEJ,Kalimarau Airport,Tanjung Redeb - Borneo Island,ID,2.14776,117.430705,medium_airport
WARA,MLG,Abdul Rachman Saleh Airport,Malang,ID,-7.929099,112.714233,medium_airport
WARE,JBB,Notohadinegoro Airport,Jember,ID,-8.242494,113.693476,small_airport
WARJ,JOG,Adisutjipto International Airport,Yogyakarta,ID,-7.78818,110.431999,medium_airport
WARQ,SOC,Adisoemarmo International Airport,Surakarta,ID,-7.516044,110.757492,large_airport
WARR,SUB,Juanda International Airport,Surabaya,ID,-7.37983,112.787003,large_airport
WARS,SRG,Jenderal Ahmad Yani Airport,Semarang,ID,-6.970732,110.373244,large_airport
WASF,FKQ,Fakfak Airport,Fakfak,ID,-2.920508,132.267011,medium_airport
WASK,KNG,Utarom Airport,Kaimana,ID,-3.6446,133.695116,medium_airport
WASN,RJM,Marinda Airport,Waisai,ID,-0.424969,130.773535,small_airport
WASR,MKW,Rendani Airport,Manokwari,ID,-0.891833,134.048996,medium_airport
WASS,SOQ,Domine Eduard Osok Airport,Sorong,ID,-0.894,131.287,medium_airport
WATA,ABU,AA Bere Tallo (Haliwen) Airport,Atambua,ID,-9.074841,124.903285,small_airport
WATC,MOF,Frans Xavier Seda Airport,Waioti,ID,-8.639514,122.238135,small_airport
WATE,ENE,H. Hasan Aroeboesman (Ende) Airport,Ende,ID,-8.849114,121.66101,small_airport
WATG,RTG,Frans Sales Lega Airport,"Satar Tacik, Manggarai",ID,-8.596171,120.478177,small_airport
WATL,LKA,Larantuka Gewayentana Airport,Tiwatobi,ID,-8.274424,123.002,small_airport
WATM,ARD,Alor Island - Mali Airport,Kabola,ID,-8.13234,124.597,small_airport
WATO,LBJ,Komodo Airport,"Labuan Bajo, Manggarai Barat",ID,-8.480694,119.888306,small_airport
WATR,RTI,David Constantijn Saudale Airport,Ba'a - Rote Island,ID,-10.765834,123.076046,small_airport
WATT,KOE,El Tari Airport,Kupang,ID,-10.1716,123.670998,medium_airport
WAVV,WMX,Wamena Airport,Wamena,ID,-4.097324,138.952417,medium_airport
WAWD,WNI,Matahora Airport,Wangi-wangi Island,ID,-5.292123,123.636233,medium_airport
WAWH,KSR,Selayar - Haji Aroeppala Airport,Benteng,ID,-6.17921,120.437479,small_airport
WAWP,KXB,Sangia Nibandera Airport,Kolaka,ID,-4.338158,121.524047,medium_airport
WAWW,KDI,Haluoleo Airport,Kendari,ID,-4.08161,122.417999,small_airport
WBB,WBB,Stebbins Airport,Stebbins,US,63.515999,-162.278,small_airport
WBGB,BTU,Bintulu Airport,Bintulu,MY,3.12385010719,113.019996643,medium_airport
WBGF,LGL,Long Lellang Airport,Long Datih,MY,3.4210000038099997,115.153999329,small_airport
WBGG,KCH,Kuching International Airport,Kuching,MY,1.487364,110.352859,large_airport
WBGI,ODN,Long Seridan Airport,Long Seridan,MY,3.976087,115.067303,small_airport
WBGJ,LMN,Limbang Airport,Limbang,MY,4.808300018310547,115.01000213623047,medium_airport
WBGK,MKM,Mukah Airport,Mukah,MY,2.881944,112.043333,medium_airport
WBGM,MUR,Marudi Airport,Marudi,MY,4.178734,114.330318,medium_airport
WBGQ,BKM,Bakalalan Airport,Bakalalan,MY,3.974,115.617996,small_airport
WBGR,MYY,Miri Airport,Miri,MY,4.32201,113.987,medium_airport
WBGS,SBW,Sibu Airport,Sibu,MY,2.2616,111.985001,medium_airport
WBGW,LWY,Lawas Airport,Lawas,MY,4.84917,115.407997,small_airport
WBGZ,BBN,Bario Airport,Bario,MY,3.734648,115.478548,medium_airport
WBKD,LDU,Lahad Datu Airport,Lahad Datu,MY,5.03241,118.32376,medium_airport
WBKK,BKI,Kota Kinabalu International Airport,Kota Kinabalu,MY,5.932743,116.049324,large_airport
WBKL,LBU,Labuan Airport,Labuan,MY,5.301667,115.248333,medium_airport
WBKM,TMG,Tomanggong Airport,Tomanggong,MY,5.40257,118.65763,small_airport
WBKS,SDK,Sandakan Airport,Sandakan,MY,5.900899887084961,118.05899810791016,medium_airport
WBKT,KUD,Kudat Airport,Kudat,MY,6.924111,116.837068,small_airport
WBKW,TWU,Tawau Airport,Tawau,MY,4.31338,118.12152,medium_airport
WBMU,MZV,Mulu Airport,Mulu,MY,4.048329830169678,114.80500030517578,medium_airport
WBSB,BWN,Brunei International Airport,Bandar Seri Begawan,BN,4.9442,114.928001,large_airport
WIBB,PKU,Sultan Syarif Kasim II International Airport / Roesmin Nurjadin AFB,Pekanbaru,ID,0.458647,101.444321,medium_airport
WIBD,DUM,Pinang Kampai Airport,Dumai,ID,1.609026,101.433493,medium_airport
WICA,KJT,Kertajati International Airport,Kertajati,ID,-6.647384,108.165561,medium_airport
WICC,BDO,Husein Sastranegara International Airport,Bandung,ID,-6.90063,107.575996,medium_airport
WICN,CJN,Nusawiru Airport,Cijulang,ID,-7.719895,108.488995,small_airport
WIDD,BTH,Hang Nadim International Airport,Batam,ID,1.12103,104.119003,large_airport
WIDN,TNJ,Raja Haji Fisabilillah International Airport,Tanjung Pinang-Bintan Island,ID,0.92397,104.53341,medium_airport
WIGM,MPC,Muko Muko Airport,Muko Muko,ID,-2.541058,101.087651,small_airport
WIHH,HLP,Halim Perdanakusuma International Airport,Jakarta,ID,-6.266989,106.890318,large_airport
WIII,CGK,Soekarno-Hatta International Airport,Jakarta,ID,-6.12557,106.655998,large_airport
WILL,TKG,Radin Inten II International Airport,Bandar Lampung,ID,-5.246803,105.182531,medium_airport
WIMA,LSW,Malikus Saleh Airport,Lhok Seumawe-Sumatra Island,ID,5.22668,96.950302,small_airport
WIMB,GNS,Binaka Airport,Gunungsitoli,ID,1.166275,97.705196,medium_airport
WIMM,KNO,Kualanamu International Airport,Beringin,ID,3.637847,98.870566,large_airport
WIMN,DTB,Silangit Airport,Siborong-Borong,ID,2.25973,98.991898,small_airport
WIMS,FLZ,Dr. Ferdinand Lumban Tobing Airport,Sibolga (Pinangsori),ID,1.557127,98.887145,medium_airport
WIMU,LSR,Alas Leuser Airport,Kutacane,ID,3.391456,97.863726,medium_airport
WIOD,TJQ,H A S Hanandjoeddin International Airport,Tanjung Pandan,ID,-2.744109,107.754535,small_airport
WIOG,NPO,Nanga Pinoh Airport,Nanga Pinoh-Borneo Island,ID,-0.34864,111.746155,medium_airport
WIOK,KTG,Rahadi Osman Airport,Ketapang,ID,-1.817165,109.963469,medium_airport
WION,NTX,Ranai Airport,Ranai-Natuna Besar Island,ID,3.90871,108.388,medium_airport
WIOO,PNK,Supadio International Airport,Pontianak,ID,-0.152258,109.404493,large_airport
WIOP,PSU,Pangsuma Airport,Putussibau-Borneo Island,ID,0.834579,112.940217,medium_airport
WIOS,SQG,Tebelian Airport,Sintang,ID,-0.045214,111.458049,medium_airport
WIPA,DJB,Sultan Thaha Airport,Jambi,ID,-1.638685,103.645063,small_airport
WIPI,BUU,Muara Bungo Airport,Muara Bungo,ID,-1.541635,102.181613,small_airport
WIPK,PGK,Depati Amir Airport,Pangkal Pinang,ID,-2.1622,106.139,medium_airport
WIPL,BKS,Fatmawati Soekarno Airport,Bengkulu,ID,-3.8637,102.338997,medium_airport
WIPP,PLM,Sultan Mahmud Badaruddin II Airport,Palembang,ID,-2.897653,104.698147,medium_airport
WIPQ,PDO,Pendopo Airport,Talang Gudang-Sumatra Island,ID,-3.2860701084136963,103.87999725341797,medium_airport
WIPT,PDG,Minangkabau International Airport,Padang (Katapiang),ID,-0.785964,100.280384,large_airport
WITC,MEQ,Cut Nyak Dhien Airport,Kuala Pesisir,ID,4.040998,96.253312,medium_airport
WITG,LKI,Lasikin Airport,Lubang,ID,2.411328,96.327722,small_airport
WITK,TXE,Rembele Airport,Takengon,ID,4.72113,96.851943,medium_airport
WITT,BTJ,Sultan Iskandar Muda International Airport,Banda Aceh,ID,5.525087,95.41997,large_airport
WMBT,TOD,Tioman Airport,Tioman Island,MY,2.81818,104.160004,medium_airport
WMKA,AOR,Sultan Abdul Halim Airport,Alor Satar,MY,6.189670085906982,100.39800262451172,medium_airport
WMKC,KBR,Sultan Ismail Petra Airport,Kota Baharu,MY,6.1668500900268555,102.29299926757812,medium_airport
WMKD,KUA,Kuantan Airport,Kuantan,MY,3.7753899097442627,103.20899963378906,medium_airport
WMKI,IPH,Sultan Azlan Shah Airport,Ipoh,MY,4.56733,101.091643,large_airport
WMKJ,JHB,Senai International Airport,Johor Bahru,MY,1.64131,103.669998,large_airport
WMKK,KUL,Kuala Lumpur International Airport,Sepang,MY,2.74558,101.709999,large_airport
WMKL,LGK,Langkawi International Airport,Langkawi,MY,6.32973,99.728699,large_airport
WMKM,MKZ,Malacca International Airport,Malacca,MY,2.265613,102.252778,medium_airport
WMKN,TGG,Sultan Mahmud Airport,Kuala Terengganu,MY,5.3826398849487305,103.10299682617188,medium_airport
WMKP,PEN,Penang International Airport,Penang,MY,5.296303,100.276185,large_airport
WMPA,PKG,Pulau Pangkor Airport,Pangkor Island,MY,4.244719982147217,100.5530014038086,small_airport
WMSA,SZB,Sultan Abdul Aziz Shah International Airport,Subang,MY,3.13058,101.549004,large_airport
WN07,DTR,Decatur Shores Airport,Decatur,US,48.500171,-122.813973,small_airport
WPAS,SXK,Mathilda Batlayeri Airport,Saumlaki-Yamdena Island,ID,-7.848354,131.337068,small_airport
WPDB,UAI,"Commander in Chief of FALINTIL, Kay Rala Xanana Gusmão, International Airport",Suai,TL,-9.301856,125.286302,medium_airport
WPDL,DIL,Presidente Nicolau Lobato International Airport,Dili,TL,-8.546562,125.524507,large_airport
WPEC,BCH,Baucau Airport,Baucau,TL,-8.486479,126.399981,medium_airport
WPOC,OEC,Oecusse Route of the Sandalwood International Airport,Oecussi-Ambeno,TL,-9.198419,124.337873,large_airport
WRLB,LBW,Yuvai Semaring Airport,Long Bawan,ID,3.900495,115.690089,small_airport
WRLC,BXT,LNG Badak Airport,Bontang-Borneo Island,ID,0.121656,117.476558,small_airport
WRLP,LPU,Long Apung Airport,Long Apung-Borneo Island,ID,1.706932,114.969934,small_airport
WSSL,XSP,Seletar Airport,Seletar,SG,1.41555,103.86673,medium_airport
WSSS,SIN,Singapore Changi Airport,Singapore,SG,1.35019,103.994003,large_airport
XP-0003,,Yongxing Dao (Woody Island) Air Base,Woody Island,XP,16.8328,112.344002,small_airport
YABA,ALH,Albany Airport,Albany,AU,-34.943333,117.808889,medium_airport
YARM,ARM,Armidale Airport,Armidale,AU,-30.528099060099997,151.617004395,medium_airport
YAUR,AUU,Aurukun Airport,Aurukun,AU,-13.354019,141.720028,small_airport
YAYE,AYQ,Ayers Rock Connellan Airport,Yulara,AU,-25.185913,130.97703,medium_airport
YBAR,BCI,Barcaldine Airport,Barcaldine,AU,-23.566268,145.302086,medium_airport
YBAS,ASP,Alice Springs Airport,Alice Springs,AU,-23.806588,133.903427,medium_airport
YBAU,BDD,Badu Island Airport,Badu Island,AU,-10.14955,142.173665,small_airport
YBBN,BNE,Brisbane International Airport,Brisbane,AU,-27.384199142456055,153.11700439453125,large_airport
YBCG,OOL,Gold Coast Airport,Gold Coast,AU,-28.165962,153.506641,large_airport
YBCK,BKQ,Blackall Airport,Blackall,AU,-24.431678,145.429716,medium_airport
YBCS,CNS,Cairns International Airport,Cairns,AU,-16.878921,145.74948,large_airport
YBCV,CTL,Charleville Airport,Charleville,AU,-26.4132995605,146.261993408,medium_airport
YBDG,BXG,Bendigo Airport,,AU,-36.739399,144.330002,small_airport
YBDV,BVI,Birdsville Airport,,AU,-25.897499084472656,139.34800720214844,medium_airport
YBHI,BHQ,Broken Hill Airport,Broken Hill,AU,-32.0013999939,141.472000122,medium_airport
YBHM,HTI,Hamilton Island Airport,Hamilton Island,AU,-20.3581008911,148.95199585,medium_airport
YBIE,BEU,Bedourie Airport,Bedourie,AU,-24.3461,139.460007,medium_airport
YBKE,BRK,Bourke Airport,,AU,-30.039199829101562,145.95199584960938,medium_airport
YBKT,BUC,Burketown Airport,,AU,-17.748600006103516,139.53399658203125,small_airport
YBLN,BQB,Busselton Margaret River Regional Airport,Busselton,AU,-33.687222,115.400278,small_airport
YBMA,ISA,Mount Isa Airport,Mount Isa,AU,-20.66638,139.488468,medium_airport
YBMK,MKY,Mackay Airport,Mackay,AU,-21.170816,149.182588,medium_airport
YBNA,BNK,Ballina Byron Gateway Airport,Ballina,AU,-28.833236,153.561471,medium_airport
YBOI,GIC,Boigu Island Airport,Boigu Island,AU,-9.23278,142.218002,small_airport
YBOK,OKY,Oakey Army Aviation Centre,,AU,-27.409262,151.736727,medium_airport
YBOU,BQL,Boulia Airport,,AU,-22.913299560546875,139.89999389648438,medium_airport
YBPN,PPP,Proserpine Whitsunday Coast Airport,Proserpine,AU,-20.494416,148.553583,medium_airport
YBRK,ROK,Rockhampton Airport,Rockhampton,AU,-23.380019,150.475359,medium_airport
YBRM,BME,Broome International Airport,Broome,AU,-17.949194,122.2283,large_airport
YBSU,MCY,Sunshine Coast Airport,Maroochydore,AU,-26.593324,153.08319,large_airport
YBTH,BHS,Bathurst Airport,Bathurst,AU,-33.406817,149.651161,medium_airport
YBTL,TSV,Townsville Airport / RAAF Base Townsville,Townsville,AU,-19.252904,146.766512,medium_airport
YBUD,BDB,Bundaberg Airport,Bundaberg,AU,-24.905039,152.322612,medium_airport
YBWP,WEI,Weipa Airport,Weipa,AU,-12.677493,141.922618,medium_airport
YBWW,WTB,Toowoomba Wellcamp Airport,Toowoomba,AU,-27.558332,151.793335,large_airport
YCAR,CVQ,Carnarvon Airport,Carnarvon,AU,-24.884337,113.666393,medium_airport
YCBA,CAZ,Cobar Airport,,AU,-31.538299560546875,145.79400634765625,medium_airport
YCBP,CPD,Coober Pedy Airport,Coober Pedy,AU,-29.038312,134.722166,medium_airport
YCCT,CNC,Coconut Island Airport,,AU,-10.050139,143.070007,small_airport
YCCY,CNJ,Cloncurry Airport,Cloncurry,AU,-20.668600082399998,140.503997803,medium_airport
YCDU,CED,Ceduna Airport,,AU,-32.13059997558594,133.7100067138672,medium_airport
YCFS,CFS,Coffs Harbour Airport,Coffs Harbour,AU,-30.320601,153.115997,medium_airport
YCHK,CKW,Christmas Creek Airport,Christmas Creek Mine,AU,-22.354302,119.642603,small_airport
YCKN,CTN,Cooktown Airport,,AU,-15.443649,145.183221,medium_airport
YCMU,CMA,Cunnamulla Airport,,AU,-28.030000686645508,145.6219940185547,medium_airport
YCNM,CNB,Coonamble Airport,,AU,-30.980946,148.377833,medium_airport
YCOE,CUQ,Coen Airport,Coen,AU,-13.761133,143.113311,medium_airport
YCOM,OOM,Cooma Snowy Mountains Airport,Cooma,AU,-36.300445,148.972408,medium_airport
YDMG,DMD,Doomadgee Airport,,AU,-17.9403,138.822006,small_airport
YDNI,NLF,Darnley Island Airport,Darnley Island,AU,-9.579176,143.780276,small_airport
YDPO,DPO,Devonport Airport,Devonport,AU,-41.1697006226,146.429992676,medium_airport
YELD,ELC,Elcho Island Airport,Elcho Island,AU,-12.019399642899998,135.570999146,medium_airport
YEML,EMD,Emerald Airport,Emerald,AU,-23.5674991608,148.179000854,medium_airport
YESP,EPR,Esperance Airport,Esperance,AU,-33.684399,121.822998,medium_airport
YFLI,FLS,Flinders Island Airport,Whitemark,AU,-40.091702,147.992996,small_airport
YFTZ,FIZ,Fitzroy Crossing Airport,,AU,-18.183596,125.559783,medium_airport
YGEL,GET,Geraldton Airport,Moonyoonooka,AU,-28.796101,114.707001,medium_airport
YGLA,GLT,Gladstone Airport,Gladstone,AU,-23.869763,151.225439,medium_airport
YGTE,GTE,Groote Eylandt Airport,Groote Eylandt,AU,-13.972405,136.458553,medium_airport
YGTH,GFF,Griffith Airport,Griffith,AU,-34.2508010864,146.067001343,medium_airport
YHBA,HVB,Hervey Bay Airport,Hervey Bay,AU,-25.320127,152.880662,medium_airport
YHID,HID,Horn Island Airport,Horn,AU,-10.585636,142.29277,medium_airport
YHOO,HOK,Hooker Creek Airport,Lajamanu,AU,-18.3367004395,130.638000488,small_airport
YHOT,MHU,Mount Hotham Airport,Mount Hotham,AU,-37.0475006104,147.333999634,medium_airport
YHUG,HGD,Hughenden Airport,Hughenden,AU,-20.815001,144.225006,small_airport
YJLC,JCK,Julia Creek Airport,,AU,-20.66830062866211,141.72300720214844,small_airport
YKAR,KQR,Karara Airport,Karara,AU,-29.217223,116.687154,small_airport
YKBR,KAX,Kalbarri Airport,Kalbarri,AU,-27.692813,114.259169,small_airport
YKII,KNS,King Island Airport,,AU,-39.877498626708984,143.8780059814453,medium_airport
YKKG,KFG,Kalkgurung Airport,,AU,-17.431900024414062,130.80799865722656,small_airport
YKMB,KRB,Karumba Airport,,AU,-17.45669937133789,140.8300018310547,small_airport
YKOW,KWM,Kowanyama Airport,Kowanyama,AU,-15.485369,141.752572,medium_airport
YKSC,KGC,Kingscote Airport,,AU,-35.71390151977539,137.52099609375,medium_airport
YKUB,KUG,Kubin Island Airport,Kubin Island,AU,-10.22648,142.219619,small_airport
YLEO,LNO,Leonora Airport,Leonora,AU,-28.87809944152832,121.31500244140625,medium_airport
YLEV,LEL,Lake Evella Airport,,AU,-12.498900413513184,135.80599975585938,small_airport
YLHI,LDH,Lord Howe Island Airport,Lord Howe Island,AU,-31.538204,159.07546,small_airport
YLHR,IRG,Lockhart River Airport,Lockhart River,AU,-12.7869,143.304993,medium_airport
YLIS,LSY,Lismore Airport,Lismore,AU,-28.830689,153.258419,medium_airport
YLRD,LHG,Lightning Ridge Airport,,AU,-29.452857,147.977146,medium_airport
YLRE,LRE,Longreach Airport,Longreach,AU,-23.43202,144.277492,medium_airport
YLST,LER,Leinster Airport,,AU,-27.843299865722656,120.7030029296875,medium_airport
YLTN,LVO,Laverton Airport,Laverton,AU,-28.614267,122.428673,small_airport
YMAA,UBB,Mabuiag Island Airport,Mabuiag Island,AU,-9.950168,142.19523,small_airport
YMAE,MYI,Murray Island Airport,Murray Island,AU,-9.915105,144.054644,small_airport
YMAV,AVV,Melbourne Avalon International Airport,Geelong/Melbourne,AU,-38.040269,144.467196,large_airport
YMAY,ABX,Albury Airport,East Albury,AU,-36.066758,146.959148,medium_airport
YMEK,MKR,Meekatharra Airport,,AU,-26.6117000579834,118.5479965209961,medium_airport
YMEN,MEB,Melbourne Essendon Airport,Essendon Fields,AU,-37.7281,144.901993,medium_airport
YMER,MIM,Merimbula Airport,Merimbula,AU,-36.9085998535,149.901000977,medium_airport
YMGB,MGT,Milingimbi Airport,Milingimbi Island,AU,-12.0944004059,134.893997192,small_airport
YMGD,MNG,Maningrida Airport,Maningrida,AU,-12.0560998917,134.23399353,medium_airport
YMHB,HBA,Hobart International Airport,Hobart (Cambridge),AU,-42.837032,147.513022,large_airport
YMHU,MCV,McArthur River Mine Airport,McArthur River Mine,AU,-16.4424991608,136.083999634,small_airport
YMIA,MQL,Mildura Airport,Mildura,AU,-34.229198455799995,142.085998535,medium_airport
YMLT,LST,Launceston Airport,Launceston (Western Junction),AU,-41.544935,147.210785,medium_airport
YMMB,MBW,Melbourne Moorabbin Airport,Melbourne,AU,-37.977765,145.099799,medium_airport
YMML,MEL,Melbourne Airport,Melbourne,AU,-37.670732,144.837898,large_airport
YMOG,MMG,Mount Magnet Airport,,AU,-28.116100311279297,117.84200286865234,medium_airport
YMOR,MRZ,Moree Airport,Moree,AU,-29.498899459799997,149.845001221,medium_airport
YMRB,MOV,Moranbah Airport,Moranbah,AU,-22.057800293,148.07699585,medium_airport
YMRY,MYA,Moruya Airport,Moruya,AU,-35.8978004456,150.143997192,medium_airport
YMTG,MGB,Mount Gambier Airport,Mount Gambier,AU,-37.744382,140.780561,medium_airport
YMTI,ONG,Mornington Island Airport,,AU,-16.662500381469727,139.17799377441406,small_airport
YNAR,NRA,Narrandera Airport,Narrandera,AU,-34.7022018433,146.511993408,medium_airport
YNBR,NAA,Narrabri Airport,Narrabri,AU,-30.3192005157,149.82699585,medium_airport
YNPE,ABM,Northern Peninsula Airport,Bamaga,AU,-10.946194,142.455081,small_airport
YNTN,NTN,Normanton Airport,Normanton,AU,-17.68409,141.069664,medium_airport
YNWN,ZNE,Newman Airport,Newman,AU,-23.417800903299998,119.803001404,medium_airport
YOLD,OLP,Olympic Dam Airport,Olympic Dam,AU,-30.483861,136.876699,small_airport
YPAD,ADL,Adelaide International Airport,Adelaide,AU,-34.947512,138.533393,large_airport
YPAG,PUG,Port Augusta Airport,,AU,-32.506900787353516,137.7169952392578,medium_airport
YPAM,PMK,Palm Island Airport,,AU,-18.755301,146.580994,small_airport
YPBO,PBO,Paraburdoo Airport,Paraburdoo,AU,-23.1711006165,117.745002747,medium_airport
YPCC,CCK,Cocos (Keeling) Islands Airport,West Island,CC,-12.192218,96.834103,large_airport
YPDN,DRW,Darwin International Airport / RAAF Darwin,Darwin,AU,-12.41497,130.88185,large_airport
YPGV,GOV,Gove Airport,Nhulunbuy,AU,-12.269399642899998,136.817993164,medium_airport
YPKA,KTA,Karratha Airport,Karratha,AU,-20.712200164799995,116.773002625,medium_airport
YPKG,KGI,Kalgoorlie Boulder Airport,Broadwood,AU,-30.791543,121.464586,medium_airport
YPKS,PKE,Parkes Airport,Parkes,AU,-33.131401062,148.238998413,medium_airport
YPKU,KNX,East Kimberley Regional (Kununurra) Airport,Kununurra,AU,-15.7781,128.707993,medium_airport
YPLC,PLO,Port Lincoln Airport,Port Lincoln,AU,-34.6053009033,135.880004883,medium_airport
YPLM,LEA,Learmonth Airport,Exmouth,AU,-22.235201,114.090024,medium_airport
YPMH,PXH,Prominent Hill Airport,Mount Eba,AU,-29.716,135.5244,small_airport
YPMP,EDR,Pormpuraaw Airport,Pormpuraaw,AU,-14.896451,141.60908,small_airport
YPMQ,PQQ,Port Macquarie Airport,Port Macquarie,AU,-31.4358005524,152.863006592,medium_airport
YPOD,PTJ,Portland Airport,,AU,-38.31809997558594,141.4709930419922,medium_airport
YPPD,PHE,Port Hedland International Airport,Port Hedland,AU,-20.382787,118.629789,large_airport
YPPH,PER,Perth International Airport,Perth,AU,-31.94029998779297,115.96700286865234,large_airport
YPXM,XCH,Christmas Island International Airport,Flying Fish Cove,CX,-10.450387,105.6911,medium_airport
YQLP,ULP,Quilpie Airport,,AU,-26.609176,144.253746,medium_airport
YRMD,RCM,Richmond Airport,,AU,-20.701900482177734,143.11500549316406,small_airport
YRNG,RAM,Ramingining Airport,,AU,-12.356399536132812,134.8979949951172,small_airport
YROM,RMA,Roma Airport,Roma,AU,-26.545000076300003,148.774993896,medium_airport
YSCB,CBR,Canberra Airport,Canberra,AU,-35.3069,149.195007,medium_airport
YSDU,DBO,Dubbo City Regional Airport,Dubbo,AU,-32.2167015076,148.574996948,medium_airport
YSGE,SGO,St George Airport,,AU,-28.049699783325195,148.59500122070312,small_airport
YSHK,MJK,Shark Bay Airport,Denham,AU,-25.897294,113.575802,medium_airport
YSII,SBR,Saibai Island Airport,Saibai Island,AU,-9.37833,142.625,small_airport
YSNB,SNB,Snake Bay Airport,Milikapiti,AU,-11.417674,130.648481,medium_airport
YSNF,NLK,Norfolk Island International Airport,Burnt Pine,NF,-29.041759,167.939474,medium_airport
YSSY,SYD,Sydney Kingsford Smith International Airport,Sydney (Mascot),AU,-33.946098,151.177002,large_airport
YSTW,TMW,Tamworth Airport,Tamworth,AU,-31.077898,150.845484,medium_airport
YSWG,WGA,Wagga Wagga Airport,Forest Hill,AU,-35.163484,147.46832,medium_airport
YTGM,XTG,Thargomindah Airport,Thargomindah,AU,-27.986368,143.812065,medium_airport
YTNG,THG,Thangool Airport,Biloela,AU,-24.494863,150.577967,medium_airport
YTNK,TCA,Tennant Creek Airport,Tennant Creek,AU,-19.6343994140625,134.18299865722656,medium_airport
YWBS,SYU,Warraber Island Airport,Sue Islet,AU,-10.20829963684082,142.8249969482422,small_airport
YWDH,WNR,Windorah Airport,Windorah,AU,-25.410641,142.668428,medium_airport
YWHA,WYA,Whyalla Airport,Whyalla,AU,-33.05889892578125,137.51400756835938,medium_airport
YWLG,WGE,Walgett Airport,,AU,-30.032801,148.126007,medium_airport
YWLM,NTL,Newcastle Airport,Williamtown,AU,-32.796114,151.835025,large_airport
YWLU,WUN,Wiluna Airport,,AU,-26.632691,120.221906,medium_airport
YWTN,WIN,Winton Airport,,AU,-22.36359977722168,143.08599853515625,medium_airport
YWYY,BWT,Wynyard Airport,Burnie,AU,-40.997039,145.726,medium_airport
YYKI,OKR,Yorke Island Airport,Yorke Island,AU,-9.752801,143.405673,small_airport
YYMI,XMY,Yam Island Airport,Yam Island,AU,-9.899187,142.774265,small_airport
Z13,KKI,Akiachak Airport,Akiachak,US,60.913809,-161.493329,small_airport
Z91,KBC,Birch Creek Airport,Birch Creek,US,66.2740020752,-145.824005127,small_airport
ZBAA,PEK,Beijing Capital International Airport,Beijing,CN,40.077349,116.596702,large_airport
ZBAD,PKX,Beijing Daxing International Airport,Beijing,CN,39.501289,116.413967,large_airport
ZBCD,CDE,Chengde Puning Airport,Chengde,CN,41.1225,118.073889,medium_airport
ZBCF,CIF,Chifeng Yulong Airport,Chifeng,CN,42.159723,118.840971,medium_airport
ZBCZ,CIH,Changzhi Wangcun Airport,Changzhi,CN,36.247501,113.125999,small_airport
ZBDH,BPE,Qinhuangdao Beidaihe Airport,Qinhuangdao (Changli),CN,39.666384,119.061384,medium_airport
ZBDS,DSN,Ordos Ejin Horo International Airport,Ordos,CN,39.493514,109.8599,large_airport
ZBDT,DAT,Datong Yungang International Airport,Datong,CN,40.06139,113.480509,large_airport
ZBER,ERL,Erenhot Saiwusu International Airport,Erenhot,CN,43.424079,112.091081,medium_airport
ZBES,YIE,Arxan Yi'ershi Airport,Arxan,CN,47.3106,119.9117,medium_airport
ZBHD,HDG,Handan Airport,Handan,CN,36.524824,114.424126,medium_airport
ZBHH,HET,Hohhot Baita International Airport,Hohhot,CN,40.849658,111.824598,large_airport
ZBHZ,HUO,Holingol Huolinhe Airport,Holingol,CN,45.487222,119.407222,medium_airport
ZBLA,HLD,Hulunbuir Hailar Airport,Hailar,CN,49.208616,119.822301,large_airport
ZBLF,LFQ,Linfen Yaodu Airport,Linfen (Yaodu),CN,36.132629,111.641236,medium_airport
ZBLL,LLV,Lüliang Dawu Airport,Lüliang,CN,37.683333,111.142778,medium_airport
ZBMZ,NZH,Manzhouli Xijiao Airport,Manzhouli,CN,49.566667,117.33,medium_airport
ZBOW,BAV,Baotou Donghe International Airport,Baotou,CN,40.560001,109.997002,large_airport
ZBSG,SZH,Shuozhou Zirun Airport,Shuozhou,CN,39.273241,112.691552,medium_airport
ZBSJ,SJW,Shijiazhuang Zhengding International Airport,Shijiazhuang,CN,38.280701,114.696999,large_airport
ZBSN,TVS,Tangshan Sannühe Airport,Tangshan (Fengrun),CN,39.7178,118.002625,small_airport
ZBTJ,TSN,Tianjin Binhai International Airport,Tianjin,CN,39.124401092499994,117.346000671,large_airport
ZBTL,TGO,Tongliao Airport,Tongliao,CN,43.556702,122.199997,medium_airport
ZBUC,UCB,Ulanqab Jining Airport,Ulanqab,CN,41.130266,113.107274,medium_airport
ZBUH,WUA,Wuhai Airport,Wuhai,CN,39.7934,106.7993,medium_airport
ZBUL,HLH,Ulanhot Yilelite Airport,Ulanhot,CN,46.195333,122.008333,small_airport
ZBUT,,Ruad Zhongqi Hailiutu Airport,Ruad Zhongqi (Urad Middle Banner),CN,41.694354,108.378439,small_airport
ZBXH,XIL,Xilinhot Airport,Xilinhot,CN,43.91559982299805,115.96399688720703,medium_airport
ZBXZ,WUT,Xinzhou Wutaishan Airport,Xinzhou,CN,38.597456,112.969173,small_airport
ZBYC,YCU,Yuncheng Yanhu International Airport,Yuncheng (Yanhu),CN,35.117823,111.034023,large_airport
ZBYN,TYN,Taiyuan Wusu International Airport,Taiyuan,CN,37.746899,112.627998,large_airport
ZBYZ,RLK,Bayannur Tianjitai Airport,Bayannur,CN,40.926358,107.74093,medium_airport
ZBZJ,ZQZ,Zhangjiakou Ningyuan Airport,Zhangjiakou,CN,40.738664,114.933395,medium_airport
ZBZL,NZL,Zhalantun Genghis Khan Airport,Zhalantun,CN,47.865942,122.768662,medium_airport
ZGBH,BHY,Beihai Fucheng Airport,Beihai,CN,21.538659,109.293683,medium_airport
ZGBS,AEB,Baise (Bose) Bama Airport,Baise (Tianyang),CN,23.7206,106.959999,medium_airport
ZGCD,CGD,Changde Taohuayuan Airport,Changde (Dingcheng),CN,28.9189,111.639999,medium_airport
ZGCJ,HJJ,Huaihua Zhijiang Airport,Huaihua,CN,27.443087,109.704666,medium_airport
ZGCZ,HCZ,Chenzhou Beihu Airport,Chenzhou,CN,25.753419,112.845404,medium_airport
ZGDY,DYG,Zhangjiajie Hehua International Airport,Zhangjiajie (Yongding),CN,29.104749,110.442786,large_airport
ZGFS,FUO,Foshan Shadi Airport,Foshan (Nanhai),CN,23.0825,113.070833,medium_airport
ZGGG,CAN,Guangzhou Baiyun International Airport,Guangzhou (Huadu),CN,23.392401,113.299004,large_airport
ZGHA,CSX,Changsha Huanghua International Airport,Changsha (Changsha),CN,28.189199,113.220001,large_airport
ZGHC,HCJ,Hechi Jinchengjiang Airport,Hechi (Jinchengjiang),CN,24.804344,107.710819,medium_airport
ZGHY,HNY,Hengyang Nanyue Airport,Hengyang,CN,26.72208,112.617958,small_airport
ZGHZ,HUZ,Huizhou Pingtan Airport,Huizhou (Pingtan),CN,23.049999,114.599998,medium_airport
ZGKL,KWL,Guilin Liangjiang International Airport,Guilin (Lingui),CN,25.219828,110.039553,large_airport
ZGLG,LLF,Yongzhou Lingling Airport,Yongzhou,CN,26.338661,111.610043,medium_airport
ZGMX,MXZ,Meizhou Meixian Changgangji International Airport,Meizhou (Meixian),CN,24.263425,116.097857,small_airport
ZGNN,NNG,Nanning Wuxu International Airport,Nanning (Jiangnan),CN,22.598071,108.181922,large_airport
ZGOW,SWA,Jieyang Chaoshan International Airport,Jieyang (Rongcheng),CN,23.552,116.5033,large_airport
ZGSD,ZUH,Zhuhai Jinwan Airport,Zhuhai (Jinwan),CN,22.006399,113.375999,large_airport
ZGSY,WGN,Shaoyang Wugang Airport,Shaoyang (Wugang),CN,26.806123,110.641042,medium_airport
ZGSZ,SZX,Shenzhen Bao'an International Airport,Shenzhen,CN,22.639474,113.803262,large_airport
ZGWZ,WUZ,Wuzhou Xijiang Airport,Tangbu,CN,23.40316,111.09331,medium_airport
ZGXX,DXJ,Xiangxi Biancheng Airport,Xiangxi,CN,28.4972,109.5218,small_airport
ZGYL,YLX,Yulin Fumian Airport,Yulin,CN,22.433042,110.119996,medium_airport
ZGYY,YYA,Yueyang Sanhe Airport,Yueyang (Yueyanglou),CN,29.311699,113.281574,medium_airport
ZGZH,LZH,Liuzhou Bailian Airport / Bailian Air Base,Liuzhou (Liujiang),CN,24.2075,109.390999,medium_airport
ZGZJ,ZHA,Zhanjiang Wuchuan International Airport,Zhanjiang,CN,21.481667,110.590278,large_airport
ZHCC,CGO,Zhengzhou Xinzheng International Airport,Zhengzhou,CN,34.526497,113.849165,large_airport
ZHEC,EHU,Ezhou Huahu International Airport,Ezhou,CN,30.341178,115.03926,large_airport
ZHES,ENH,Enshi Xujiaping Airport,Enshi (Enshi),CN,30.320299,109.485001,medium_airport
ZHHH,WUH,Wuhan Tianhe International Airport,Wuhan (Huangpi),CN,30.774798,114.213723,large_airport
ZHJZ,SHS,Jingzhou Shashi Airport,Jingzhou (Shashi),CN,30.29281,112.44854,medium_airport
ZHLY,LYA,Luoyang Beijiao Airport,Luoyang (Laocheng),CN,34.7411,112.388,large_airport
ZHNY,NNY,Nanyang Jiangying Airport,Nanyang (Wancheng),CN,32.982696,112.617467,small_airport
ZHQQ,HQQ,Anyang Hongqiqu Airport,Anyang,CN,35.870833,114.461944,small_airport
ZHSN,HPG,Shennongjia Hongping Airport,Shennongjia (Hongping),CN,31.626,110.34,medium_airport
ZHSY,WDS,Shiyan Wudangshan Airport,Shiyan (Maojian),CN,32.592889,110.906296,medium_airport
ZHXF,XFN,Xiangyang Liuji Airport,Xiangyang (Xiangzhou),CN,32.152222,112.291666,medium_airport
ZHXY,XAI,Xinyang Minggang Airport,Xinyang,CN,32.540819,114.079141,medium_airport
ZHYC,YIH,Yichang Sanxia Airport,Yichang (Xiaoting),CN,30.554132,111.482563,medium_airport
ZJHK,HAK,Haikou Meilan International Airport,Haikou (Meilan),CN,19.9349,110.459,large_airport
ZJQH,BAR,Qionghai Bo'ao Airport,Qionghai (Basuo),CN,19.140951,110.452766,medium_airport
ZJSY,SYX,Sanya Phoenix International Airport,Sanya (Tianya),CN,18.3029,109.412003,large_airport
ZKHM,RGO,Orang (Chongjin) Airport,Hoemun-ri,KP,41.428538,129.647555,medium_airport
ZKPY,FNJ,Pyongyang Sunan International Airport,Pyongyang,KP,39.224098,125.669998,large_airport
ZKSD,DSO,Sondok Airport,Sŏndŏng-ni,KP,39.745201,127.473999,medium_airport
ZKWS,WOS,Wonsan Kalma Airport,Wonsan,KP,39.165219,127.487931,medium_airport
ZLAK,AKA,Ankang Fuqiang Airport,Ankang (Hanbin),CN,32.75696,108.87338,small_airport
ZLDH,DNH,Dunhuang Mogao International Airport,Dunhuang,CN,40.161953,94.812827,large_airport
ZLDL,HXD,Haixi Delingha Airport,Delingha,CN,37.125286,97.268658,medium_airport
ZLGL,GMQ,Golog Maqên Airport,Golog (Maqên),CN,34.418066,100.301144,medium_airport
ZLGM,GOQ,Golmud Airport,Golmud,CN,36.4006,94.786102,medium_airport
ZLGY,GYU,Guyuan Liupanshan Airport,Guyuan (Yuanzhou),CN,36.078889,106.216944,medium_airport
ZLHB,HBQ,Haibei Qilian Airport,Haibei (Qilian),CN,38.008068,100.645065,small_airport
ZLHX,HTT,Huatugou Airport,Mengnai,CN,38.201645,90.837843,medium_airport
ZLHZ,HZG,Hanzhong Chenggu Airport,Hanzhong (Chenggu),CN,33.133527,107.203817,medium_airport
ZLIC,INC,Yinchuan Hedong International Airport,Yinchuan,CN,38.322758,106.393214,large_airport
ZLJC,JIC,Jinchang Jinchuan Airport,Jinchang,CN,38.542222,102.348333,medium_airport
ZLJQ,JGN,Jiayuguan International Airport,Jiayuguan,CN,39.859052,98.339344,large_airport
ZLLL,LHW,Lanzhou Zhongchuan International Airport,Lanzhou (Yongdeng),CN,36.515202,103.620003,large_airport
ZLLN,LNL,Longnan Chengzhou Airport,Longnan (Cheng),CN,33.789918,105.790014,medium_airport
ZLQY,IQN,Qingyang Xifeng Airport,Qingyang (Xifeng),CN,35.802638,107.598896,medium_airport
ZLTS,THQ,Tianshui Maijishan Airport,Tianshui (Maiji),CN,34.5601,105.860343,medium_airport
ZLXH,GXH,Gannan Xiahe Airport,Gannan (Xiahe),CN,34.819014,102.622261,medium_airport
ZLXN,XNN,Xining Caojiabao International Airport,Haidong (Huzhu Tu Autonomous County),CN,36.52775,102.040215,large_airport
ZLXY,XIY,Xi'an Xianyang International Airport,Xi'an,CN,34.442207,108.762385,large_airport
ZLYA,ENY,Yan'an Nanniwan Airport,Yan'an (Baota),CN,36.479413,109.464083,medium_airport
ZLYL,UYN,Yulin Yuyang Airport,Yulin,CN,38.35971,109.590927,medium_airport
ZLYS,YUS,Yushu Batang Airport,Yushu (Batang),CN,32.836389,97.036389,medium_airport
ZLZW,ZHY,Zhongwei Shapotou Airport,Zhongwei (Shapotou),CN,37.573125,105.154454,medium_airport
ZLZY,YZY,Zhangye Ganzhou Airport,Zhangye (Ganzhou),CN,38.801899,100.675003,medium_airport
ZMAH,AVK,Arvaikheer Airport,Arvaikheer,MN,46.250301361083984,102.802001953125,medium_airport
ZMAT,LTI,Altai Airport,Altai,MN,46.376399993896484,96.22109985351562,medium_airport
ZMBH,BYN,Bayankhongor Airport,Bayankhongor,MN,46.1633,100.704002,medium_airport
ZMBN,UGA,Bulgan Airport,Bulgan,MN,48.85499954223633,103.47599792480469,medium_airport
ZMCD,COQ,Choibalsan Airport,,MN,48.135381,114.647231,medium_airport
ZMCK,UBN,Ulaanbaatar Chinggis Khaan International Airport,Ulaanbaatar (Sergelen),MN,47.646916,106.819833,large_airport
ZMDN,ULZ,Donoi Airport,Uliastai,MN,47.7093,96.5258,small_airport
ZMDZ,DLZ,Dalanzadgad Airport,Dalanzadgad,MN,43.608628,104.367734,medium_airport
ZMKD,HVD,Khovd Airport,Khovd,MN,47.954102,91.628197,medium_airport
ZMMG,MXW,Mandalgobi Airport,Mandalgobi,MN,45.7380981445,106.268997192,small_airport
ZMMN,MXV,Mörön Airport,Mörön,MN,49.663677,100.100028,medium_airport
ZMUG,ULO,Ulaangom Airport,Ulaangom,MN,50.066588,91.938273,medium_airport
ZMUL,ULG,Ölgii Mongolei International Airport,Ölgii,MN,48.993301,89.922501,medium_airport
ZPBS,BSD,Baoshan Yunrui Airport,Baoshan (Longyang),CN,25.053301,99.168297,medium_airport
ZPCW,CWJ,Cangyuan Washan Airport,Lincang (Cangyuan),CN,23.276331,99.373169,medium_airport
ZPDL,DLU,Dali Fengyi Airport,Dali (Xiaguan),CN,25.649401,100.319,medium_airport
ZPDQ,DIG,Diqing Shangri-La Airport,Diqing (Shangri-La),CN,27.7936,99.6772,medium_airport
ZPJH,JHG,Xishuangbanna Gasa International Airport,Jinghong (Gasa),CN,21.974648,100.762224,large_airport
ZPJM,JMJ,Lancang Jingmai Airport,Pu'er (Lancang),CN,22.417733,99.784012,medium_airport
ZPLC,LNJ,Lincang Boshang Airport,Lincang,CN,23.7381,100.025002,medium_airport
ZPLJ,LJG,Lijiang Sanyi International Airport,Lijiang,CN,26.677483,100.244944,large_airport
ZPMS,LUM,Dehong Mangshi International Airport,Dehong (Mangshi),CN,24.4011,98.5317,medium_airport
ZPPP,KMG,Kunming Changshui International Airport,Kunming,CN,25.110313,102.936743,large_airport
ZPSM,SYM,Pu'er Simao Airport,Pu'er,CN,22.793301,100.959,small_airport
ZPWS,WNH,Wenshan Puzhehei Airport,Wenshan,CN,23.5583,104.3255,small_airport
ZSAM,XMN,Xiamen Gaoqi International Airport,Xiamen,CN,24.543889,118.127454,large_airport
ZSAQ,AQG,Anqing Tianzhushan Airport / Anqing North Air Base,Anqing,CN,30.582199,117.050003,medium_airport
ZSCG,CZX,Changzhou Benniu International Airport,Changzhou,CN,31.920485,119.77546,medium_airport
ZSCN,KHN,Nanchang Changbei International Airport,Nanchang,CN,28.864815,115.90271,large_airport
ZSDY,DOY,Dongying Shengli Airport,Dongying (Kenli),CN,37.50137,118.789863,medium_airport
ZSFY,FUG,Fuyang Xiguan Airport,"Yingzhou, Fuyang",CN,32.882157,115.734364,medium_airport
ZSFZ,FOC,Fuzhou Changle International Airport,Fuzhou (Changle),CN,25.929254,119.672524,large_airport
ZSGZ,KOW,Ganzhou Huangjin Airport,Ganzhou,CN,25.853333,114.778889,small_airport
ZSHC,HGH,Hangzhou Xiaoshan International Airport,Hangzhou,CN,30.23609,120.428865,large_airport
ZSHZ,HZA,Heze Mudan Airport,Heze (Dingtao),CN,35.212972,115.736748,medium_airport
ZSJD,JDZ,Jingdezhen Luojia Airport,Jingdezhen,CN,29.3386,117.176003,medium_airport
ZSJG,JNG,Jining Da'an Airport,Jining,CN,35.647358,116.743269,medium_airport
ZSJJ,JIU,Jiujiang Lushan Airport,Jiujiang,CN,29.476944,115.801111,small_airport
ZSJN,TNA,Jinan Yaoqiang International Airport,Jinan (Licheng),CN,36.857201,117.216003,large_airport
ZSJU,JUZ,Quzhou Airport,Quzhou (Kezheng),CN,28.96613,118.898793,medium_airport
ZSLG,LYG,Lianyungang Huaguoshan International Airport,Lianyungang,CN,34.41406,119.17899,large_airport
ZSLO,LCX,Liancheng Guanzhishan Airport,Longyan (Liancheng),CN,25.67592,116.745907,medium_airport
ZSLQ,HYN,Taizhou Luqiao Airport,Taizhou (Luqiao),CN,28.562201,121.429001,medium_airport
ZSLY,LYI,Linyi Qiyang Airport,Linyi (Hedong),CN,35.052918,118.411828,medium_airport
ZSNB,NGB,Ningbo Lishe International Airport,Ningbo,CN,29.82670021057129,121.46199798583984,large_airport
ZSNJ,NKG,Nanjing Lukou International Airport,Nanjing,CN,31.735032,118.865949,large_airport
ZSNT,NTG,Nantong Xingdong International Airport,Nantong (Tongzhou),CN,32.073566,120.980076,medium_airport
ZSOF,HFE,Hefei Xinqiao International Airport,Hefei,CN,31.98779,116.9769,large_airport
ZSPD,PVG,Shanghai Pudong International Airport,Shanghai (Pudong),CN,31.1434,121.805,large_airport
ZSQD,TAO,Qingdao Jiaodong International Airport,Qingdao (Jiaozhou),CN,36.361953,120.088171,large_airport
ZSQZ,JJN,Quanzhou Jinjiang International Airport,Quanzhou,CN,24.795855,118.588599,large_airport
ZSRZ,RIZ,Rizhao Shanzihe Airport,Rizhao (Donggang),CN,35.405033,119.324403,medium_airport
ZSSH,HIA,Huai'an Lianshui Airport,Huai'an,CN,33.792712,119.126657,large_airport
ZSSM,SQJ,Sanming Shaxian Airport,Sanming (Sha),CN,26.4263,117.8336,medium_airport
ZSSR,SQD,Shangrao Sanqingshan Airport,Shangrao (Hengfeng),CN,28.3797,117.9643,medium_airport
ZSSS,SHA,Shanghai Hongqiao International Airport,Shanghai (Minhang),CN,31.198104,121.33426,large_airport
ZSTX,TXN,Huangshan Tunxi International Airport,Huangshan,CN,29.733299,118.255997,large_airport
ZSWA,WHA,Wuhu Xuanzhou Airport,Wuhu,CN,31.1045,118.66687,medium_airport
ZSWF,WEF,Weifang Nanyuan Airport,Weifang (Kuiwen),CN,36.646702,119.119003,medium_airport
ZSWH,WEH,Weihai Dashuibo Airport,Weihai,CN,37.187099,122.228996,medium_airport
ZSWX,WUX,Sunan Shuofang International Airport,Wuxi,CN,31.496952,120.43038,large_airport
ZSWY,WUS,Nanping Wuyishan Airport,Wuyishan,CN,27.7019,118.000999,medium_airport
ZSWZ,WNZ,Wenzhou Longwan International Airport,Wenzhou (Longwan),CN,27.910572,120.853465,large_airport
ZSXZ,XUZ,Xuzhou Guanyin International Airport,Xuzhou,CN,34.059056,117.555278,medium_airport
ZSYA,YTY,Yangzhou Taizhou Airport,Yangzhou,CN,32.5634,119.7198,medium_airport
ZSYC,YIC,Yichun Mingyueshan Airport,Yichun,CN,27.8025,114.3062,medium_airport
ZSYN,YNZ,Yancheng Nanyang International Airport,Yancheng (Tinghu),CN,33.428317,120.20545,large_airport
ZSYT,YNT,Yantai Penglai International Airport,Yantai,CN,37.659724,120.978124,large_airport
ZSYW,YIW,Yiwu Airport,Yiwu/Jinhua,CN,29.342095,120.03116,large_airport
ZSZS,HSN,Zhoushan Putuoshan International Airport,Zhoushan,CN,29.933874,122.362307,large_airport
ZUAL,NGQ,Ngari Gunsa Airport,Shiquanhe,CN,32.09794,80.053971,medium_airport
ZUAS,AVA,Anshun Huangguoshu Airport,Anshun (Xixiu),CN,26.260556,105.873333,medium_airport
ZUBD,BPX,Qamdo Bangda Airport,Bangda,CN,30.553600311279297,97.1082992553711,medium_airport
ZUBJ,BFJ,Bijie Feixiong Airport,Bijie,CN,27.267066,105.472097,medium_airport
ZUCK,CKG,Chongqing Jiangbei International Airport,Chongqing,CN,29.712254,106.651895,large_airport
ZUDA,DZH,Dazhou Jinya Airport,Dazhou (Dachuan),CN,31.048815,107.435646,medium_airport
ZUDC,DCY,Daocheng Yading Airport,Garzê (Daocheng),CN,29.31632,100.060317,medium_airport
ZUDX,DAX,Dachuan Airport,Dazhou (Daxian),CN,31.1302,107.4295,small_airport
ZUGU,GYS,Guangyuan Panlong Airport,Guangyuan (Lizhou),CN,32.390254,105.694571,medium_airport
ZUGY,KWE,Guiyang Longdongbao International Airport,Guiyang (Nanming),CN,26.541805,106.80402,large_airport
ZUGZ,GZG,Garze Gesar Airport,Garzê (Garzê),CN,31.7575,99.554167,small_airport
ZUJZ,JZH,Jiuzhai Huanglong Airport,Ngawa (Songpan),CN,32.853333,103.682222,medium_airport
ZUKD,KGT,Kangding Airport,Garzê (Kangding),CN,30.142464,101.73872,medium_airport
ZUKJ,KJH,Kaili Huangping Airport,Kaili  (Huangping),CN,26.972,107.988,medium_airport
ZULB,LLB,Libo Airport,Qiannan (Libo),CN,25.4525,107.961667,small_airport
ZULS,LXA,Lhasa Gonggar International Airport,Shannan (Gonggar),CN,29.298001,90.911951,large_airport
ZULZ,LZO,Luzhou Yunlong Airport,Luzhou (Yunlong),CN,29.030357,105.468407,medium_airport
ZUMT,WMT,Zunyi Maotai Airport,Zunyi,CN,27.961837,106.435416,medium_airport
ZUMY,MIG,Mianyang Nanjiao Airport,Mianyang (Fucheng),CN,31.428101,104.740997,medium_airport
ZUNC,NAO,Nanchong Gaoping Airport,Nanchong (Gaoping),CN,30.798104,106.16415,small_airport
ZUNP,HZH,Liping Airport,Liping,CN,26.32217,109.1499,medium_airport
ZUNZ,LZY,Nyingchi Mainling Airport,Nyingchi (Mainling),CN,29.303301,94.335297,medium_airport
ZUPS,LPF,Liupanshui Yuezhao Airport,Liupanshui (Zhongshan),CN,26.609417,104.979,medium_airport
ZUQJ,JIQ,Qianjiang Wulingshan Airport,Qianjiang,CN,29.5133333333,108.831111111,medium_airport
ZURK,RKZ,Xigaze Peace Airport / Shigatse Air Base,Xigazê (Samzhubzê),CN,29.350876,89.299157,large_airport
ZUSH,LGZ,Shannan Longzi Airport,Shannan,CN,28.422422,92.348082,small_airport
ZUTC,TCZ,Tengchong Tuofeng Airport,Baoshan (Tengchong),CN,24.938056,98.485833,medium_airport
ZUTF,TFU,Chengdu Tianfu International Airport,Chengdu (Jianyang),CN,30.31252,104.441284,large_airport
ZUTR,TEN,Tongren Fenghuang Airport,Tongren (Daxing),CN,27.883333,109.308889,medium_airport
ZUUU,CTU,Chengdu Shuangliu International Airport,Chengdu (Shuangliu),CN,30.558257,103.945966,large_airport
ZUWL,CQW,Chongqing Xiannüshan Airport,Wulong,CN,29.465658,107.693664,medium_airport
ZUWS,WSK,Chongqing Wushan Airport,Wushan,CN,31.06896,109.708958,small_airport
ZUWX,WXN,Wanzhou Wuqiao Airport,Wanzhou,CN,30.8017,108.433,small_airport
ZUXC,XIC,Xichang Qingshan Airport,Liangshan (Xichang),CN,27.9891,102.183998,medium_airport
ZUYB,YBP,Yibin Wuliangye Airport,Yibin (Cuiping),CN,28.858431,104.526157,medium_airport
ZUYI,ACX,Xingyi Wanfenglin Airport,Xingyi,CN,25.083423,104.960804,medium_airport
ZUZH,PZI,Panzhihua Bao'anying Airport,Panzhihua (Renhe),CN,26.54,101.79852,medium_airport
ZUZY,ZYI,Zunyi Xinzhou Airport,Zunyi,CN,27.810723,107.247189,medium_airport
ZWAK,AKU,Aksu Hongqipo Airport,Aksu (Onsu),CN,41.262501,80.291702,medium_airport
ZWAL,ACF,Aral Tarim Airport,Aral,CN,40.434748,81.26206,small_airport
ZWAT,AAT,Altay Xuedu Airport,Altay,CN,47.749886,88.085808,medium_airport
ZWBL,BPL,Bole Alashankou Airport,Bole,CN,44.895461,82.30007,medium_airport
ZWCM,IQM,Qiemo Yudu Airport,Qiemo,CN,38.234516,85.465462,medium_airport
ZWFY,FYN,Fuyun Koktokay Airport,Fuyun,CN,46.804169,89.512006,medium_airport
ZWHM,HMI,Hami Airport,Hami,CN,42.8414,93.669197,medium_airport
ZWHZ,SHF,Shihezi Huayuan Airport,Shihezi,CN,44.2421,85.8905,small_airport
ZWKC,KCA,Kuqa Qiuci Airport,Kuqa,CN,41.677856,82.872917,small_airport
ZWKL,KRL,Korla Licheng Airport,Korla,CN,41.614979,86.140817,medium_airport
ZWKM,KRY,Karamay Airport,Karamay,CN,45.46655,84.9527,small_airport
ZWKN,KJI,Burqin Kanas Airport,Burqin,CN,48.2223,86.9959,medium_airport
ZWNL,NLT,Xinyuan Nalati Airport,Xinyuan,CN,43.4318,83.3786,medium_airport
ZWRQ,RQA,Ruoqiang Loulan Airport,Ruoqiang Town,CN,38.974722,88.008333,medium_airport
ZWSC,QSZ,Shache Airport,Shache,CN,38.24542,77.056149,medium_airport
ZWSH,KHG,Kashgar Laining International Airport,Kashgar,CN,39.542273,76.02023,large_airport
ZWTC,TCG,Tacheng Qianquan Airport,Tacheng,CN,46.672501,83.340797,small_airport
ZWTL,TLQ,Turpan Jiaohe Airport,Turpan,CN,43.0308,89.0987,medium_airport
ZWTN,HTN,Hotan Airport,Hotan,CN,37.03850173950195,79.86489868164062,medium_airport
ZWWW,URC,Ürümqi Tianshan International Airport,Ürümqi,CN,43.913584,87.479372,large_airport
ZWYN,YIN,Ili Yining International Airport,Ili (Yining / Ghulja),CN,43.955799,81.330299,medium_airport
ZWYT,YTW,Yutian Wanfang Airport,Hotan (Yutian),CN,36.8085,81.7827,small_airport
ZYAS,AOG,Anshan Teng'ao Airport / Anshan Air Base,Anshan,CN,41.105301,122.853996,medium_airport
ZYBA,DBC,Baicheng Chang'an Airport,Baicheng,CN,45.505278,123.019722,medium_airport
ZYBS,NBS,Changbaishan Airport,Baishan,CN,42.066944,127.602222,medium_airport
ZYCC,CGQ,Changchun Longjia International Airport,Changchun,CN,43.996201,125.684998,large_airport
ZYCH,CNI,Changhai Dachangshandao Airport,Dalian (Changhai),CN,39.266441,122.66696,small_airport
ZYCY,CHG,Chaoyang Airport,"Shuangta, Chaoyang",CN,41.538101,120.434998,medium_airport
ZYDD,DDG,Dandong Langtou International Airport,Dandong (Zhenxing),CN,40.025453,124.28669,medium_airport
ZYDQ,DQA,Daqing Sartu Airport,Daqing,CN,46.750883,125.138642,small_airport
ZYDU,DTU,Wudalianchi Dedu Airport,Heihe,CN,48.441037,126.128374,medium_airport
ZYFY,FYJ,Fuyuan Dongji Airport,Fuyuan,CN,48.197219,134.36298,medium_airport
ZYHB,HRB,Harbin Taiping International Airport,Harbin,CN,45.623402,126.25,large_airport
ZYHE,HEK,Heihe Aihui Airport,Heihe,CN,50.171621,127.308884,medium_airport
ZYJD,JGD,Daxing'anling Elunchun Airport,Jiagedaqi,CN,50.371389,124.1175,medium_airport
ZYJM,JMU,Jiamusi Songjiang International Airport,Jiamusi,CN,46.842793,130.46426,medium_airport
ZYJS,JSJ,Jiansanjiang Shidi Airport,Jiansanjiang,CN,47.108248,132.65792,medium_airport
ZYJX,JXA,Jixi Xingkaihu Airport,Jixi,CN,45.293,131.193,medium_airport
ZYJZ,JNZ,Jinzhou Bay Airport,Jinzhou (Linghai),CN,40.936032,121.277114,medium_airport
ZYLD,LDS,Yichun Lindu Airport,Yichun,CN,47.752056,129.019125,medium_airport
ZYMD,MDG,Mudanjiang Hailang International Airport,Mudanjiang,CN,44.525172,129.568634,medium_airport
ZYMH,OHE,Mohe Gulian Airport,Mohe,CN,52.916871,122.422759,medium_airport
ZYQQ,NDG,Qiqihar Sanjiazi Airport,Qiqihar,CN,47.229969,123.914179,large_airport
ZYSQ,YSQ,Songyuan Chaganhu Airport,Qian Gorlos Mongol Autonomous County,CN,44.931143,124.552121,medium_airport
ZYTL,DLC,Dalian Zhoushuizi International Airport,Dalian (Ganjingzi),CN,38.965719,121.538477,large_airport
ZYTN,TNH,Tonghua Sanyuanpu Airport,Tonghua,CN,42.048435,125.733963,medium_airport
ZYTX,SHE,Shenyang Taoxian International Airport,Shenyang,CN,41.6398,123.483668,large_airport
ZYYJ,YNJ,Yanji Chaoyangchuan Airport,Yanji,CN,42.8828010559,129.451004028,medium_airport
ZYYK,YKH,Yingkou Lanqi Airport,Yingkou (Laobian),CN,40.542524,122.3586,medium_airport
